Origin,Origin_Population,Destination,Uses_Public_Transport,FromStopPointNo,ToStopPointNo,Access_Time_Minutes,Egress_Time_Minutes,Access_Distance_Meters,Egress_Distance_Meters,Mejor_JRT,Mejor_NTR,Mejor_RIT,Mejor_ACT,Mejor_EGT,Mejor_ACD,Mejor_EGD,Mejor_SFQ,Mejor_JRD,Mejor_RID,Mejor_TWT
1,1559.0,616,False,,,583.83122986625,0.0,46706.4983893,0.0,2.28,0.0,0.0,0.57,1.72,0.037,0.114,0.0,0.152,0.0,0.0
2,25.0,579,True,582.0,610.0,10.80373937125,0.6942051225,864.2991497,55.5364098,10.42,0.0,1.52,8.17,0.73,0.545,0.049,18.0,1.523,0.929,0.0
3,42.0,675,True,1390.0,1392.0,6.440452806250001,6.75391609125,515.2362245,540.3132873,14.6,0.0,2.03,7.05,5.52,0.47,0.368,75.0,2.207,1.369,0.0
4,22.0,569,True,1218.0,1096.0,24.44108348625,5.5041516,1955.2866789,440.332128,15.88,0.0,3.55,7.68,4.65,0.512,0.309,38.0,3.335,2.514,0.0
5,2272.0,620,False,,,273.421841975,0.0,21873.747358,0.0,5.13,0.0,0.0,2.65,2.48,0.177,0.166,0.0,0.343,0.0,0.0
6,1258.0,694,True,2093.0,2094.0,5.9595002575,2.64777834875,476.7600206,211.8222679,8.22,0.0,0.93,5.45,1.83,0.363,0.123,96.0,1.007,0.521,0.0
7,102.0,641,True,748.0,750.0,33.82070695625,2.82428233625,2705.6565565,225.9425869,22.05,0.0,2.63,16.08,3.33,1.072,0.222,7.0,3.882,2.588,0.0
8,194.0,665,False,,,653.8116646037499,0.0,52304.9331683,0.0,7.02,0.0,0.0,4.78,2.23,0.319,0.149,0.0,0.467,0.0,0.0
9,52.0,689,True,1013.0,1016.0,62.68729208250001,1.48626862375,5014.9833666,118.9014899,51.8,0.0,4.42,45.75,1.63,3.05,0.108,55.0,7.61,4.452,0.0
10,24.0,515,True,23.0,26.0,3.4676010162499997,0.28810997125000004,277.4080813,23.0487977,6.7,0.0,4.3,1.98,0.42,0.132,0.027,40.0,1.767,1.608,0.0
11,34.0,662,True,1284.0,1029.0,28.665877132499997,1.02471803,2293.2701706,81.9774424,20.63,0.0,3.33,15.72,1.58,1.048,0.106,5.0,3.239,2.086,0.0
12,22.0,662,True,1025.0,1029.0,44.34237948125,1.02471803,3547.3903585,81.9774424,46.13,0.0,3.68,40.87,1.58,2.725,0.106,9.0,6.528,3.698,0.0
13,45.0,628,True,1266.0,1271.0,51.245595885,0.88500294625,4099.6476708,70.8002357,44.25,0.0,7.17,36.22,0.87,2.415,0.057,8.0,7.497,5.025,0.0
14,11.0,692,True,1557.0,1570.0,11.098961062499999,,887.916885,,17.55,0.0,1.75,13.33,2.47,0.889,0.164,4.0,2.785,1.731,0.0
15,296.0,653,False,,,360.2163218875,0.0,28817.305751,0.0,7.35,0.0,0.0,3.03,4.32,0.202,0.288,0.0,0.49,0.0,0.0
16,47.0,641,True,776.0,750.0,97.11262355875,2.82428233625,7769.0098847,225.9425869,55.32,0.0,4.08,47.9,3.33,3.193,0.222,7.0,7.975,4.56,0.0
17,495.0,574,True,511.0,512.0,5.90538161125,0.8308609887499999,472.4305289,66.4688791,6.97,0.0,1.53,4.48,0.95,0.299,0.064,84.0,1.151,0.788,0.0
18,7.0,631,True,2186.0,804.0,54.71048719125,11.68170147375,4376.8389753,934.5361179,51.58,0.0,7.37,41.98,2.23,2.799,0.148,2.0,6.885,3.937,0.0
19,37980.0,561,True,46.0,66.0,2.9550068275,0.48161913749999996,236.4005462,38.529531,6.18,0.0,2.48,3.35,0.35,0.223,0.023,65.0,1.406,1.16,0.0
20,33.0,569,True,1200.0,1096.0,23.7965468625,5.5041516,1903.723749,440.332128,25.55,0.0,2.0,18.9,4.65,1.26,0.309,39.0,3.025,1.455,0.0
21,1827.0,617,True,893.0,894.0,7.378180111250001,1.39748572625,590.2544089,111.7988581,5.4,0.0,0.52,3.0,1.88,0.2,0.126,46.0,0.791,0.466,0.0
22,828.0,688,True,1103.0,1105.0,37.666453515,1.305731255,3013.3162812,104.4585004,29.0,0.0,1.88,26.02,1.1,1.734,0.074,32.0,3.882,2.074,0.0
23,10645.0,576,True,63.0,128.0,0.2819079325,3.70650770625,22.5526346,296.5206165,6.87,0.0,2.52,0.73,3.62,0.049,0.241,18.0,1.285,0.995,0.0
24,25.0,707,True,33541.0,1520.0,35.595885894999995,2.40422720125,2847.6708716,192.3381761,22.32,0.0,1.5,19.8,1.02,1.32,0.068,35.0,3.085,1.697,0.0
25,125.0,707,True,33541.0,1520.0,3.51549720625,2.40422720125,281.2397765,192.3381761,6.75,0.0,1.5,4.23,1.02,0.283,0.068,35.0,2.048,1.697,0.0
26,440.0,641,True,113250.0,750.0,2.8165675075,2.82428233625,225.3254006,225.9425869,6.8,0.0,1.35,2.12,3.33,0.141,0.222,7.0,1.898,1.535,0.0
27,91.0,684,True,1815.0,1816.0,3.6496724375,0.966745395,291.973795,77.3396316,5.7,0.0,0.48,3.75,1.47,0.25,0.098,4.0,0.846,0.499,0.0
28,17603.0,562,True,1011.0,1679.0,2.14468116,0.91491851125,171.5744928,73.1934809,3.33,0.0,0.78,1.8,0.75,0.12,0.05,87.0,0.695,0.525,0.0
29,23.0,693,True,1835.0,2307.0,30.641945975,2.14528763375,2451.355678,171.6230107,19.77,0.0,2.23,16.93,0.6,1.129,0.04,15.0,2.622,1.453,0.0
30,36.0,653,False,,,354.2869398875,0.0,28342.955191,0.0,11.47,0.0,0.0,7.15,4.32,0.476,0.288,0.0,0.764,0.0,0.0
31,13139.0,561,True,30.0,31.0,10.88420359875,3.16161359625,870.7362879,252.9290877,10.65,0.0,0.92,6.35,3.38,0.423,0.226,33.0,1.031,0.383,0.0
32,100.0,685,False,,,560.4338960875,0.0,44834.711687,0.0,2.3,0.0,0.0,1.8,0.5,0.12,0.034,0.0,0.154,0.0,0.0
33,167.0,676,True,2106.0,2116.0,1.550153175,3.05190529625,124.012254,244.1524237,6.95,0.0,2.67,1.5,2.78,0.1,0.185,19.0,2.71,2.424,0.0
34,934.0,616,True,1479.0,1475.0,5.13797641375,2.15542008,411.0381131,172.4336064,10.82,0.0,4.42,4.68,1.72,0.312,0.114,48.0,3.506,3.08,0.0
35,5.0,627,True,1564.0,1567.0,20.7173559775,1.5992450175,1657.3884782,127.9396014,11.88,0.0,2.52,9.0,0.37,0.601,0.024,31.0,2.774,2.149,0.0
36,1543.0,689,True,1066.0,1068.0,5.0753008625,0.9417056175,406.024069,75.3364494,8.22,0.0,2.55,4.9,0.77,0.327,0.052,94.0,2.593,2.215,0.0
37,1909.0,622,False,,,233.18943738,0.0,18655.1549904,0.0,6.3,0.0,0.0,2.15,4.15,0.143,0.276,0.0,0.42,0.0,0.0
38,81.0,675,False,,,445.96023510124996,0.0,35676.8188081,0.0,9.57,0.0,0.0,4.05,5.52,0.27,0.368,0.0,0.638,0.0,0.0
39,32.0,623,False,,,443.04576409375005,0.0,35443.6611275,0.0,4.27,0.0,0.0,3.88,0.38,0.259,0.026,0.0,0.285,0.0,0.0
40,20.0,701,True,1340.0,1344.0,8.75249743375,2.05496631125,700.1997947,164.3973049,8.95,0.0,5.45,2.98,0.52,0.199,0.034,10.0,2.997,2.764,0.0
41,247.0,706,True,844.0,846.0,2.01491927125,1.1055018,161.1935417,88.440144,4.55,0.0,1.1,2.25,1.2,0.149,0.08,45.0,1.121,0.892,0.0
42,1245.0,624,False,,,491.22698233,0.0,39298.1585864,0.0,3.22,0.0,0.0,1.6,1.62,0.107,0.108,0.0,0.215,0.0,0.0
43,25409.0,515,True,827.0,3.0,0.48154529999999995,5.0248696312500005,38.523624,401.9895705,7.42,0.0,2.55,0.87,4.0,0.058,0.267,10.0,1.267,0.943,0.0
44,76.0,708,True,1322.0,97126.0,1.56526593375,0.11628975374999999,125.2212747,9.3031803,4.7,0.0,2.57,1.78,0.35,0.119,0.023,10.0,2.147,2.005,0.0
45,35.0,704,True,1422.0,1425.0,8.7827784675,1.84074256,702.6222774,147.2594048,10.87,0.0,1.17,7.82,1.88,0.521,0.126,23.0,3.867,3.22,0.0
46,7.0,696,True,659.0,661.0,10.4385343175,3.09073340375,835.0827454,247.2586723,10.58,0.0,2.27,4.38,3.93,0.292,0.262,21.0,2.442,1.888,0.0
47,487.0,627,False,,,2.0166666666666666,0.0,,0.0,2.02,0.0,0.0,1.58,0.43,0.106,0.029,0.0,0.134,0.0,0.0
48,544.0,677,True,447.0,448.0,16.12284062875,2.5425381375000002,1289.8272503,203.403051,6.97,0.0,1.17,2.97,2.83,0.197,0.189,51.0,1.262,0.875,0.0
49,33744.0,566,True,186.0,1351.0,6.38596429625,1.17720747,510.8771437,94.1765976,5.67,0.0,1.88,3.17,0.62,0.211,0.042,93.0,1.086,0.834,0.0
50,900.0,511,True,1356.0,1992.0,4.8836529275,1.03955254375,390.6922342,83.1642035,9.52,0.0,5.17,3.6,0.75,0.241,0.05,110.0,2.764,2.474,0.0
51,66.0,708,True,1320.0,97126.0,2.85127564125,0.11628975374999999,228.1020513,9.3031803,6.82,0.0,3.98,2.48,0.35,0.165,0.023,10.0,2.977,2.788,0.0
52,608.0,626,False,,,454.55200718124996,0.0,36364.1605745,0.0,1.38,0.0,0.0,0.2,1.18,0.014,0.078,0.0,0.092,0.0,0.0
53,48.0,652,True,1083.0,1085.0,11.2896427,0.82598638875,903.171416,66.0789111,11.05,0.0,1.37,9.02,0.67,0.601,0.044,32.0,1.822,1.178,0.0
54,365.0,675,True,1536.0,1392.0,0.86095978875,6.75391609125,68.8767831,540.3132873,7.92,0.0,1.58,0.82,5.52,0.055,0.368,75.0,1.794,1.371,0.0
55,53.0,583,True,1538.0,1531.0,35.28215189,1.1259827274999998,2822.5721512,90.0786182,22.15,0.0,5.52,15.88,0.75,1.058,0.05,47.0,4.797,3.688,0.0
56,58.0,616,True,2232.0,1475.0,1.21346450125,2.15542008,97.0771601,172.4336064,16.48,0.0,13.22,1.55,1.72,0.103,0.114,15.0,8.358,8.141,0.0
57,512.0,576,True,149.0,151.0,1.08883795875,1.6741110225,87.1070367,133.9288818,3.78,0.0,1.73,0.9,1.15,0.06,0.077,17.0,1.206,1.07,0.0
58,6159.0,563,False,,,299.70978017875,0.0,23976.7824143,0.0,2.48,0.0,0.0,2.32,0.17,0.155,0.011,0.0,0.166,0.0,0.0
59,30.0,593,True,983.0,978.0,43.604284953749996,1.9945926925,3488.3427963,159.5674154,24.38,0.0,6.12,16.17,2.1,1.078,0.14,47.0,6.604,5.386,0.0
60,925.0,589,True,37.0,39.0,5.79821170375,4.869864615,463.8569363,389.5891692,8.05,0.0,1.43,4.43,2.18,0.296,0.146,161.0,1.277,0.835,0.0
61,1185.0,589,True,2150.0,39.0,1.05851567875,4.869864615,84.6812543,389.5891692,6.35,0.0,3.3,0.87,2.18,0.058,0.146,151.0,1.211,1.007,0.0
62,2381.0,574,True,466.0,495.0,2.00973798375,0.8581321412499999,160.7790387,68.6505713,4.98,0.0,2.2,2.2,0.58,0.146,0.039,47.0,2.474,2.289,0.0
63,3761.0,574,False,,,193.77748565375,0.0,15502.1988523,0.0,9.17,0.0,0.0,8.58,0.58,0.573,0.039,0.0,0.611,0.0,0.0
64,30.0,701,True,1307.0,1311.0,56.05876034875,1.8012169,4484.7008279,144.097352,34.57,0.0,2.82,31.23,0.52,2.082,0.034,51.0,4.284,2.167,0.0
65,45.0,636,False,,,416.69926338625,0.0,33335.9410709,0.0,9.38,0.0,0.0,6.37,3.02,0.424,0.201,0.0,0.625,0.0,0.0
66,50.0,562,True,1405.0,262540.0,2.21716608,2.89121662125,177.3732864,231.2973297,7.28,0.0,3.45,1.83,2.0,0.122,0.134,33.0,1.892,1.637,0.0
67,43.0,624,True,2174.0,1523.0,30.140410107500003,1.42591767,2411.2328086,114.0734136,16.45,0.0,1.87,12.88,1.7,0.859,0.114,35.0,2.272,1.299,0.0
68,28.0,638,True,1490.0,1491.0,37.09289674875,0.9892192375000001,2967.4317399,79.137539,14.45,0.0,2.93,10.7,0.82,0.713,0.055,31.0,2.669,1.901,0.0
69,10312.0,564,True,61.0,69146.0,0.8653357937499999,0.781175985,69.2268635,62.4940788,1.95,0.0,0.28,0.82,0.85,0.055,0.057,18.0,0.271,0.16,0.0
70,53.0,652,False,,,521.55620836375,0.0,41724.4966691,0.0,2.3,0.0,0.0,1.63,0.67,0.109,0.044,0.0,0.153,0.0,0.0
71,155.0,656,True,1631.0,1633.0,9.444788749999999,,755.5831,,15.05,0.0,2.57,10.8,1.68,0.719,0.113,18.0,2.325,1.493,0.0
72,372.0,632,False,,,729.95356891625,0.0,58396.2855133,0.0,3.78,0.0,0.0,3.03,0.75,0.202,0.05,0.0,0.252,0.0,0.0
73,787.0,640,True,1101.0,1102.0,1.0279030275,2.386834285,82.2322422,190.9467428,3.93,0.0,0.85,1.33,1.75,0.089,0.117,32.0,0.826,0.62,0.0
74,33.0,623,True,1537.0,1544.0,7.4701675750000005,0.7662784525,597.613406,61.3022762,13.8,0.0,7.8,5.62,0.38,0.374,0.026,32.0,6.489,6.089,0.0
75,22.0,665,True,1413.0,1417.0,29.231624,1.6451094412500002,2338.52992,131.6087553,19.67,0.0,2.97,15.67,1.03,1.044,0.068,33.0,4.468,3.355,0.0
76,32.0,652,True,1083.0,1085.0,37.55374639875,0.82598638875,3004.2997119,66.0789111,34.55,0.0,1.37,32.52,0.67,2.168,0.044,32.0,3.389,1.178,0.0
77,7575.0,565,False,,,341.10810505250004,0.0,27288.6484042,0.0,11.28,0.0,0.0,8.33,2.95,0.556,0.197,0.0,0.752,0.0,0.0
78,6.0,664,True,1040.0,1041.0,18.937614207499998,1.14658604625,1515.0091366,91.7268837,21.55,0.0,1.97,19.15,0.43,1.277,0.029,9.0,2.831,1.525,0.0
79,89.0,569,True,1219.0,1096.0,9.524628674999999,5.5041516,761.970294,440.332128,13.98,0.0,0.92,8.42,4.65,0.561,0.309,39.0,1.554,0.683,0.0
80,56.0,642,True,1975.0,1973.0,45.26120641875,2.5938804625,3620.8965135,207.510437,17.93,0.0,2.27,13.6,2.07,0.907,0.137,15.0,2.659,1.615,0.0
81,59.0,583,True,1541.0,1531.0,11.368646674999999,1.1259827274999998,909.491734,90.0786182,4.27,0.0,1.48,2.03,0.75,0.136,0.05,47.0,1.193,1.007,0.0
82,2494.0,637,True,2077.0,2265.0,4.91335080375,0.23042009375,393.0680643,18.4336075,8.87,0.0,4.65,3.88,0.33,0.258,0.022,30.0,1.96,1.679,0.0
83,24.0,662,True,1025.0,1029.0,16.1758427775,1.02471803,1294.0674222,81.9774424,21.77,0.0,3.68,16.5,1.58,1.1,0.106,9.0,4.903,3.698,0.0
84,3737.0,574,True,435.0,495.0,0.9835825687499999,0.8581321412499999,78.6866055,68.6505713,5.58,0.0,3.9,1.1,0.58,0.074,0.039,67.0,3.194,3.081,0.0
85,37.0,653,True,1157.0,1158.0,25.35636248875,4.8667694599999995,2028.5089991,389.3415568,15.53,0.0,2.03,9.18,4.32,0.612,0.288,7.0,2.438,1.538,0.0
86,38.0,643,True,1862.0,1048.0,0.7940414474999999,0.07314246375,63.5233158,5.8513971,5.22,0.0,4.53,0.58,0.1,0.038,0.006,8.0,2.476,2.431,0.0
87,35.0,515,True,25.0,26.0,7.18145477,0.28810997125000004,574.5163816,23.0487977,7.45,0.0,2.02,5.02,0.42,0.334,0.027,42.0,1.116,0.755,0.0
88,71.0,511,True,972.0,1992.0,8.872220635,1.03955254375,709.7776508,83.1642035,12.5,0.0,3.67,8.08,0.75,0.539,0.05,84.0,2.036,1.447,0.0
89,45.0,692,True,1580.0,1569.0,1.51604762,,121.2838096,,8.95,0.0,4.55,1.93,2.47,0.129,0.164,27.0,3.122,2.828,0.0
90,4544.0,637,True,2154.0,2265.0,4.09318791875,0.23042009375,327.4550335,18.4336075,4.42,0.0,0.38,3.7,0.33,0.246,0.022,17.0,0.466,0.198,0.0
91,16507.0,569,False,,,438.63531367875004,0.0,35090.8250943,0.0,8.2,0.0,0.0,3.55,4.65,0.237,0.309,0.0,0.546,0.0,0.0
92,36.0,665,True,1413.0,1417.0,35.8706173075,1.6451094412500002,2869.6493846,131.6087553,25.0,0.0,2.97,21.0,1.03,1.4,0.068,33.0,4.824,3.355,0.0
93,26.0,641,False,,,339.69468792624997,0.0,27175.5750341,0.0,51.52,0.0,0.0,48.18,3.33,3.213,0.222,0.0,3.435,0.0,0.0
94,2046.0,574,True,1696.0,512.0,3.5956256987499997,0.8308609887499999,287.6500559,66.4688791,13.43,0.0,9.8,2.68,0.95,0.179,0.064,17.0,6.194,5.951,0.0
95,100.0,646,True,1484.0,1485.0,32.13408319875,5.1352936225,2570.7266559,410.8234898,28.7,0.0,0.52,23.88,4.3,1.593,0.287,33.0,2.467,0.587,0.0
96,3804.0,639,False,,,642.11192491875,0.0,51368.9539935,0.0,10.57,0.0,0.0,3.45,7.12,0.23,0.474,0.0,0.704,0.0,0.0
97,36.0,631,True,649.0,722.0,16.01035844375,3.035140325,1280.8286755,242.811226,22.47,0.0,6.05,14.18,2.23,0.946,0.148,7.0,4.5,3.406,0.0
98,79.0,641,True,113250.0,750.0,27.93815787875,2.82428233625,2235.0526303,225.9425869,18.77,0.0,1.35,14.08,3.33,0.939,0.222,7.0,2.696,1.535,0.0
99,41.0,636,False,,,417.10150749499996,0.0,33368.1205996,0.0,5.58,0.0,0.0,2.57,3.02,0.171,0.201,0.0,0.372,0.0,0.0
100,94.0,642,False,,,462.10911778749994,0.0,36968.729423,0.0,26.72,0.0,0.0,25.07,1.65,1.672,0.11,0.0,1.782,0.0,0.0
101,348605.0,603,False,,,126.219164955,0.0,10097.5331964,0.0,5.42,0.0,0.0,4.58,0.83,0.306,0.056,0.0,0.361,0.0,0.0
102,174.0,593,True,1502.0,978.0,25.15128024,1.9945926925,2012.1024192,159.5674154,33.52,0.0,4.3,27.12,2.1,1.808,0.14,47.0,5.018,3.07,0.0
103,36.0,641,True,113250.0,750.0,21.50830787125,2.82428233625,1720.6646297,225.9425869,19.68,0.0,1.35,15.0,3.33,1.0,0.222,7.0,2.757,1.535,0.0
104,40.0,562,True,1404.0,262540.0,6.3337937150000005,2.89121662125,506.7034972,231.2973297,11.78,0.0,5.3,4.48,2.0,0.298,0.134,33.0,3.616,3.184,0.0
105,36.0,651,False,,,348.845248235,0.0,27907.6198588,0.0,20.95,0.0,0.0,18.5,2.45,1.233,0.163,0.0,1.396,0.0,0.0
106,27.0,563,True,199.0,203.0,25.43256612375,0.0990648575,2034.6052899,7.9251886,15.88,0.0,3.58,12.13,0.17,0.809,0.011,87.0,2.743,1.923,0.0
107,6.0,645,False,,,243.1996852825,0.0,19455.9748226,0.0,16.25,0.0,0.0,15.82,0.43,1.054,0.029,0.0,1.083,0.0,0.0
108,27.0,517,False,,,209.9388126025,0.0,16795.1050082,0.0,10.5,0.0,0.0,9.92,0.58,0.661,0.039,0.0,0.699,0.0,0.0
109,743.0,589,False,,,73.40345024625,0.0,5872.2760197,0.0,4.8,0.0,0.0,2.62,2.18,0.175,0.146,0.0,0.32,0.0,0.0
110,81.0,598,True,710.0,555.0,0.96348907,1.130945055,77.0791256,90.4756044,10.47,0.0,8.98,0.63,0.85,0.042,0.057,8.0,5.815,5.717,0.0
111,452.0,641,False,,,348.85288240374996,0.0,27908.2305923,0.0,5.37,0.0,0.0,2.03,3.33,0.135,0.222,0.0,0.357,0.0,0.0
112,25.0,673,False,,,192.73214570125,0.0,15418.5716561,0.0,15.1,0.0,0.0,13.6,1.5,0.907,0.1,0.0,1.006,0.0,0.0
113,36.0,699,False,,,202.96807947625,0.0,16237.4463581,0.0,18.13,0.0,0.0,13.8,4.33,0.92,0.288,0.0,1.209,0.0,0.0
114,22.0,569,False,,,443.86482084375,0.0,35509.1856675,0.0,20.58,0.0,0.0,15.93,4.65,1.063,0.309,0.0,1.372,0.0,0.0
115,5752.0,578,False,,,222.0089200925,0.0,17760.7136074,0.0,7.57,0.0,0.0,3.7,3.87,0.246,0.258,0.0,0.504,0.0,0.0
116,25.0,562,True,1382.0,262540.0,12.167667668750001,2.89121662125,973.4134135,231.2973297,15.8,0.0,2.62,11.18,2.0,0.745,0.134,31.0,4.158,3.279,0.0
117,7.0,636,True,1393.0,1394.0,17.567223103750003,2.2465177425,1405.3778483,179.7214194,10.1,0.0,2.23,4.85,3.02,0.323,0.201,81.0,1.548,1.024,0.0
118,29816.0,665,True,1997.0,1376.0,8.367091558750001,1.5771896425,669.3673247,126.1751714,9.13,0.0,0.53,7.57,1.03,0.504,0.068,97.0,1.233,0.66,0.0
119,448.0,643,False,,,725.96580151625,0.0,58077.2641213,0.0,1.45,0.0,0.0,1.35,0.1,0.09,0.006,0.0,0.097,0.0,0.0
120,78.0,577,True,1419.0,1886.0,36.539156758749996,4.82713958375,2923.1325407,386.1711667,29.62,0.0,0.58,24.85,4.18,1.656,0.279,54.0,2.567,0.632,0.0
121,72.0,641,True,747.0,750.0,,2.82428233625,,225.9425869,7.28,0.0,3.17,0.78,3.33,0.052,0.222,7.0,3.25,2.976,0.0
122,31.0,579,True,620.0,623.0,1.921460905,2.14087209875,153.7168724,171.2697679,7.57,0.0,4.12,1.92,1.53,0.127,0.103,100.0,2.103,1.873,0.0
123,482.0,579,True,650.0,611.0,3.1847606387500003,1.1361693925,254.7808511,90.8935514,3.53,0.0,0.63,2.17,0.73,0.145,0.049,142.0,0.803,0.61,0.0
124,251.0,696,True,662.0,696.0,0.31281822375,2.20176868,25.0254579,176.1414944,4.6,0.0,1.37,0.63,2.6,0.042,0.173,7.0,1.206,0.991,0.0
125,159.0,709,True,542.0,545.0,3.5298430875,3.68897219,282.387447,295.1177752,6.35,0.0,3.1,2.78,0.47,0.185,0.031,18.0,2.386,2.17,0.0
126,30.0,696,True,659.0,661.0,2.8795691925,3.09073340375,230.3655354,247.2586723,8.12,0.0,2.27,1.92,3.93,0.128,0.262,21.0,2.277,1.888,0.0
127,26.0,512,True,415.0,339.0,10.7472249,0.07783910375,859.777992,6.2271283,7.38,0.0,1.67,5.22,0.5,0.348,0.034,171.0,1.46,1.078,0.0
128,337.0,644,False,,,666.73117591625,0.0,53338.4940733,0.0,3.72,0.0,0.0,0.67,3.05,0.044,0.204,0.0,0.248,0.0,0.0
129,113.0,658,False,,,801.11596692875,0.0,64089.2773543,0.0,1.98,0.0,0.0,0.47,1.52,0.031,0.102,0.0,0.132,0.0,0.0
130,31.0,630,True,2020.0,2273.0,2.77052299625,1.45925472875,221.6418397,116.7403783,4.33,0.0,1.32,1.3,1.72,0.086,0.114,3.0,0.913,0.712,0.0
131,171.0,658,True,1246.0,1252.0,21.58872579125,1.53150451,1727.0980633,122.5203608,21.07,0.0,2.73,16.82,1.52,1.121,0.102,8.0,3.717,2.494,0.0
132,368.0,633,False,,,546.7165894225,0.0,43737.3271538,0.0,5.95,0.0,0.0,4.08,1.87,0.272,0.124,0.0,0.396,0.0,0.0
133,3445.0,563,True,199.0,203.0,3.3772259275000005,0.0990648575,270.1780742,7.9251886,6.8,0.0,3.58,3.05,0.17,0.203,0.011,87.0,2.137,1.923,0.0
134,335.0,636,False,,,419.7299208575,0.0,33578.3936686,0.0,4.78,0.0,0.0,2.0,2.78,0.133,0.185,0.0,0.318,0.0,0.0
135,753.0,574,True,510.0,512.0,5.8107257162499995,0.8308609887499999,464.8580573,66.4688791,7.95,0.0,3.3,3.7,0.95,0.247,0.064,83.0,1.902,1.592,0.0
136,474.0,652,False,,,516.9696918325001,0.0,41357.5753466,0.0,2.43,0.0,0.0,1.3,1.13,0.086,0.075,0.0,0.161,0.0,0.0
137,300.0,511,True,1994.0,1992.0,13.424527094999998,1.03955254375,1073.9621676,83.1642035,9.97,0.0,0.43,8.78,0.75,0.586,0.05,82.0,1.054,0.418,0.0
138,183.0,651,False,,,323.6432720975,0.0,25891.4617678,0.0,4.9,0.0,0.0,2.45,2.45,0.164,0.163,0.0,0.327,0.0,0.0
139,3851.0,582,False,,,259.48144185125,0.0,20758.5153481,0.0,4.85,0.0,0.0,2.55,2.3,0.17,0.154,0.0,0.324,0.0,0.0
140,431.0,662,True,2254.0,1055.0,4.422624900000001,0.9812879062500001,353.809992,78.5030325,4.4,0.0,0.58,2.98,0.83,0.198,0.056,8.0,0.64,0.386,0.0
141,1765.0,583,False,,,441.48983259625004,0.0,35319.1866077,0.0,4.3,0.0,0.0,3.55,0.75,0.236,0.05,0.0,0.286,0.0,0.0
142,93.0,672,True,455.0,2015.0,1.57128476625,1.4402706275,125.7027813,115.2216502,4.48,0.0,1.83,1.55,1.1,0.103,0.073,38.0,1.382,1.206,0.0
143,165.0,674,False,,,419.20822470125006,0.0,33536.6579761,0.0,3.53,0.0,0.0,1.65,1.88,0.111,0.126,0.0,0.236,0.0,0.0
144,9378.0,589,True,10.0,11.0,5.2774690725,6.6742026825,422.1975258,533.9362146,5.88,0.0,0.7,2.0,3.18,0.134,0.212,163.0,0.725,0.38,0.0
145,78.0,628,True,1268.0,1271.0,23.5408681925,0.88500294625,1883.2694554,70.8002357,22.05,0.0,4.8,16.38,0.87,1.092,0.057,8.0,4.636,3.486,0.0
146,91.0,632,False,,,711.7817640999999,0.0,56942.541128,0.0,48.98,0.0,0.0,48.23,0.75,3.215,0.05,0.0,3.265,0.0,0.0
147,13.0,691,True,1952.0,1654.0,48.413085355,3.9055565100000003,3873.0468284,312.4445208,35.83,0.0,4.98,26.83,4.02,1.789,0.268,7.0,6.929,4.872,0.0
148,722.0,634,False,,,414.20891264,0.0,33136.7130112,0.0,5.12,0.0,0.0,2.63,2.48,0.176,0.166,0.0,0.342,0.0,0.0
149,26.0,685,True,1166.0,1706.0,41.35772534125,0.88402311375,3308.6180273,70.7218491,30.77,0.0,5.83,24.43,0.5,1.629,0.034,2.0,4.917,3.254,0.0
150,93.0,662,True,1025.0,1029.0,21.268440565,1.02471803,1701.4752452,81.9774424,24.7,0.0,3.68,19.43,1.58,1.296,0.106,9.0,5.099,3.698,0.0
151,115.0,609,True,832.0,364.0,7.4525528925,1.090455565,596.2042314,87.2364452,8.28,0.0,3.6,3.48,1.2,0.232,0.08,84.0,2.34,2.027,0.0
152,138.0,675,False,,,449.40270221749995,0.0,35952.2161774,0.0,10.42,0.0,0.0,4.9,5.52,0.326,0.368,0.0,0.694,0.0,0.0
153,20.0,623,True,1537.0,1544.0,21.35596018375,0.7662784525,1708.4768147,61.3022762,25.9,0.0,7.8,17.72,0.38,1.181,0.026,32.0,7.295,6.089,0.0
154,6578.0,646,True,1484.0,1485.0,3.74294118125,5.1352936225,299.4352945,410.8234898,8.8,0.0,0.52,3.98,4.3,0.265,0.287,6.0,1.14,0.587,0.0
155,1589.0,702,True,1647.0,1648.0,3.451545445,1.312551295,276.1236356,105.0041036,6.38,0.0,2.67,2.33,1.38,0.156,0.093,21.0,1.136,0.888,0.0
156,418.0,574,True,437.0,495.0,2.08870254125,0.8581321412499999,167.0962033,68.6505713,4.82,0.0,2.83,1.4,0.58,0.093,0.039,67.0,2.371,2.239,0.0
157,988.0,647,True,1810.0,97.0,9.206799278750001,2.5614928262500003,736.5439423,204.9194261,6.82,0.0,0.88,3.88,2.05,0.259,0.137,68.0,0.931,0.535,0.0
158,441.0,593,False,,,727.89306258,0.0,58231.4450064,0.0,38.17,0.0,0.0,36.07,2.1,2.405,0.14,0.0,2.545,0.0,0.0
159,89.0,655,False,,,370.021085095,0.0,29601.6868076,0.0,1.77,0.0,0.0,1.65,0.12,0.11,0.007,0.0,0.117,0.0,0.0
160,311.0,680,False,,,7.05,0.0,,0.0,7.05,0.0,0.0,4.23,2.82,0.282,0.187,0.0,0.469,0.0,0.0
161,37.0,708,True,1329.0,1331.0,2.1405708275,0.45029154250000003,171.2456662,36.0233234,4.22,0.0,2.38,1.48,0.35,0.099,0.023,10.0,1.513,1.391,0.0
162,15615.0,577,True,1420.0,1446.0,2.4948969174999998,5.18588491375,199.5917534,414.8707931,7.33,0.0,0.05,2.78,4.5,0.185,0.3,16.0,0.534,0.048,0.0
163,33.0,636,False,,,416.32930592,0.0,33306.3444736,0.0,13.82,0.0,0.0,11.03,2.78,0.736,0.185,0.0,0.921,0.0,0.0
164,64.0,583,True,1538.0,1531.0,20.55125377125,1.1259827274999998,1644.1003017,90.0786182,13.12,0.0,5.52,6.85,0.75,0.456,0.05,47.0,4.195,3.688,0.0
165,324.0,601,False,,,96.03511156125,0.0,7682.8089249,0.0,44.93,0.0,0.0,41.37,3.57,2.758,0.238,0.0,2.996,0.0,0.0
166,2512.0,529,False,,,397.595282575,0.0,31807.622606,0.0,1.72,0.0,0.0,1.23,0.48,0.083,0.032,0.0,0.115,0.0,0.0
167,905.0,638,False,,,856.3043516387501,0.0,68504.3481311,0.0,1.57,0.0,0.0,0.75,0.82,0.05,0.055,0.0,0.105,0.0,0.0
168,73.0,685,True,1163.0,1706.0,41.86090208,0.88402311375,3348.8721664,70.7218491,33.08,0.0,8.3,24.28,0.5,1.618,0.034,2.0,6.414,4.762,0.0
169,21.0,630,False,,,424.74577257375006,0.0,33979.6618059,0.0,7.25,0.0,0.0,5.53,1.72,0.369,0.114,0.0,0.483,0.0,0.0
170,956.0,589,True,38.0,39.0,2.87537786,4.869864615,230.0302288,389.5891692,5.03,0.0,0.53,2.32,2.18,0.154,0.146,5.0,0.622,0.322,0.0
171,76.0,675,True,1391.0,1392.0,2.0090536749999997,6.75391609125,160.724294,540.3132873,8.62,0.0,0.85,2.25,5.52,0.15,0.368,61.0,1.169,0.651,0.0
172,74.0,562,True,1072.0,1682.0,32.71463937,0.97086121625,2617.1711496,77.6688973,21.37,0.0,2.47,18.15,0.75,1.21,0.049,18.0,3.712,2.452,0.0
173,244.0,562,True,337766.0,262540.0,8.10037708875,2.89121662125,648.0301671,231.2973297,13.75,0.0,3.37,8.38,2.0,0.558,0.134,31.0,4.747,4.056,0.0
174,66.0,662,True,1025.0,1029.0,56.124684975,1.02471803,4489.974798,81.9774424,60.93,0.0,3.68,55.67,1.58,3.711,0.106,9.0,7.515,3.698,0.0
175,25.0,652,False,,,526.7273978037499,0.0,42138.1918243,0.0,8.28,0.0,0.0,7.62,0.67,0.508,0.044,0.0,0.552,0.0,0.0
176,183.0,609,True,606.0,369.0,1.31248674125,1.2958927075,104.9989393,103.6714166,7.35,0.0,4.25,1.9,1.2,0.127,0.08,82.0,2.729,2.522,0.0
177,4142.0,579,False,,,56.63100976,0.0,4530.4807808,0.0,2.95,0.0,0.0,1.42,1.53,0.095,0.103,0.0,0.198,0.0,0.0
178,20.0,692,True,1554.0,1570.0,33.52774266875,,2682.2194135,,40.07,0.0,5.03,32.57,2.47,2.172,0.164,4.0,6.72,4.384,0.0
179,268.0,694,True,2091.0,2094.0,4.595080433750001,2.64777834875,367.6064347,211.8222679,8.65,0.0,2.65,4.17,1.83,0.278,0.123,68.0,1.825,1.425,0.0
180,135.0,575,True,1427.0,1428.0,44.99496990125,0.6867710524999999,3599.5975921,54.9416842,44.27,0.0,2.07,41.28,0.92,2.752,0.061,65.0,4.286,1.473,0.0
181,798.0,677,False,,,437.56583467999997,0.0,35005.2667744,0.0,4.4,0.0,0.0,2.23,2.17,0.149,0.145,0.0,0.294,0.0,0.0
182,467.0,623,True,1543.0,1544.0,1.0290900575,0.7662784525,82.3272046,61.3022762,2.57,0.0,0.8,1.38,0.38,0.092,0.026,33.0,0.914,0.797,0.0
183,37.0,590,True,1043.0,220863.0,1.25764210625,1.43194523875,100.6113685,114.5556191,3.52,0.0,2.43,0.68,0.4,0.045,0.027,9.0,3.555,3.483,0.0
184,32.0,704,False,,,907.70822876,0.0,72616.6583008,0.0,20.3,0.0,0.0,19.27,1.03,1.285,0.069,0.0,1.353,0.0,0.0
185,33.0,646,True,1484.0,1485.0,19.31415830375,5.1352936225,1545.1326643,410.8234898,24.6,0.0,0.52,19.78,4.3,1.319,0.287,33.0,2.193,0.587,0.0
186,27.0,593,True,1518.0,978.0,25.58482901375,1.9945926925,2046.7863211,159.5674154,31.05,0.0,11.27,17.68,2.1,1.179,0.14,16.0,9.833,8.514,0.0
187,12756.0,529,True,97207.0,1689.0,4.9578120275,0.7462701862500001,396.6249622,59.7016149,4.2,0.0,0.98,2.73,0.48,0.182,0.032,23.0,1.0,0.786,0.0
188,25.0,687,False,,,725.3478044425,0.0,58027.8243554,0.0,7.22,0.0,0.0,6.1,1.12,0.407,0.075,0.0,0.482,0.0,0.0
189,953.0,633,True,1139.0,1142.0,4.40607531625,3.14078673875,352.4860253,251.2629391,9.72,0.0,2.82,3.55,3.35,0.237,0.224,18.0,2.234,1.774,0.0
190,387.0,634,True,2158.0,2161.0,12.45667401875,3.18961121375,996.5339215,255.1688971,17.83,0.0,2.2,13.15,2.48,0.876,0.166,17.0,2.612,1.57,0.0
191,230.0,633,False,,,540.93840524625,0.0,43275.0724197,0.0,5.2,0.0,0.0,3.33,1.87,0.222,0.124,0.0,0.346,0.0,0.0
192,27.0,665,True,21786.0,1417.0,41.72898679,1.6451094412500002,3338.3189432,131.6087553,22.25,0.0,1.3,19.92,1.03,1.328,0.068,33.0,2.133,0.737,0.0
193,22.0,699,True,2182.0,2185.0,42.45288533375,3.26686051625,3396.2308267,261.3488413,20.58,0.0,0.85,15.4,4.33,1.027,0.288,7.0,2.268,0.953,0.0
194,23.0,631,True,733.0,806.0,37.8177963525,3.05929863875,3025.4237082,244.7438911,38.37,0.0,5.7,29.22,3.45,1.948,0.23,13.0,6.617,4.438,0.0
195,50.0,689,True,1013.0,1016.0,20.35921589625,1.48626862375,1628.7372717,118.9014899,20.27,0.0,4.42,14.22,1.63,0.948,0.108,55.0,5.509,4.452,0.0
196,1819.0,661,True,629.0,630.0,0.81419627,0.6761474825,65.1357016,54.0917986,2.97,0.0,1.33,0.83,0.8,0.056,0.053,45.0,1.175,1.066,0.0
197,53.0,676,True,2112.0,2111.0,8.9013141825,2.9523678912499998,712.1051346,236.1894313,9.93,0.0,0.52,6.73,2.68,0.448,0.179,25.0,1.198,0.57,0.0
198,140.0,645,False,,,224.85510452875002,0.0,17988.4083623,0.0,6.85,0.0,0.0,6.42,0.43,0.428,0.029,0.0,0.457,0.0,0.0
199,23.0,645,False,,,250.5911249,0.0,20047.289992,0.0,20.35,0.0,0.0,19.92,0.43,1.328,0.029,0.0,1.357,0.0,0.0
200,10.0,641,True,744.0,750.0,12.93427481375,2.82428233625,1034.7419851,225.9425869,24.33,0.0,6.93,14.07,3.33,0.937,0.222,7.0,6.682,5.523,0.0
201,129.0,565,True,677.0,1780.0,0.9486408512500001,11.51137806,75.8912681,920.9102448,11.13,0.0,7.03,1.23,2.87,0.083,0.191,39.0,5.632,5.358,0.0
202,465.0,630,False,,,419.00956137875,0.0,33520.7649103,0.0,2.95,0.0,0.0,1.23,1.72,0.083,0.114,0.0,0.197,0.0,0.0
203,41.0,707,True,1936.0,1553.0,8.878640891249999,2.0326807912500002,710.2912713,162.6144633,6.07,0.0,0.67,4.27,1.13,0.285,0.076,32.0,1.064,0.703,0.0
204,183.0,636,False,,,424.98356024375,0.0,33998.6848195,0.0,10.85,0.0,0.0,8.07,2.78,0.538,0.185,0.0,0.723,0.0,0.0
205,107.0,692,True,1554.0,1570.0,5.08054823375,,406.4438587,,10.65,0.0,5.03,3.15,2.47,0.21,0.164,4.0,4.759,4.384,0.0
206,30.0,689,True,1013.0,1016.0,40.10720867625,1.48626862375,3208.5766941,118.9014899,36.52,0.0,4.42,30.47,1.63,2.031,0.108,55.0,6.592,4.452,0.0
207,18.0,658,True,1241.0,1242.0,80.33740801500001,1.19257328875,6426.9926412,95.4058631,68.08,0.0,0.88,65.68,1.52,4.379,0.102,8.0,5.013,0.532,0.0
208,29.0,642,True,2192.0,1973.0,6.9716527825,2.5938804625,557.7322226,207.510437,9.3,0.0,5.12,2.12,2.07,0.141,0.137,15.0,4.432,4.153,0.0
209,11.0,642,True,1662.0,1972.0,38.94036446,2.20204750125,3115.2291568,176.1638001,26.15,0.0,1.25,23.25,1.65,1.55,0.11,15.0,2.481,0.82,0.0
210,1752.0,675,True,1391.0,1392.0,4.44348512875,6.75391609125,355.4788103,540.3132873,10.03,0.0,0.85,3.67,5.52,0.244,0.368,61.0,1.263,0.651,0.0
211,92.0,707,True,33541.0,1520.0,40.26613425,2.40422720125,3221.29074,192.3381761,35.27,0.0,1.5,32.75,1.02,2.183,0.068,35.0,3.949,1.697,0.0
212,116.0,659,True,929.0,935.0,8.35434202375,1.3154428062499999,668.3473619,105.2354245,9.45,0.0,4.0,4.42,1.03,0.294,0.069,17.0,3.976,3.612,0.0
213,798.0,617,False,,,154.67251073625,0.0,12373.8008589,0.0,6.4,0.0,0.0,4.95,1.45,0.33,0.097,0.0,0.427,0.0,0.0
214,26.0,657,True,1299.0,1060.0,2.936338025,1.86503011625,234.907042,149.2024093,7.7,0.0,2.78,2.27,2.65,0.151,0.177,5.0,2.174,1.846,0.0
215,338.0,664,False,,,855.2843943149999,0.0,68422.7515452,0.0,1.87,0.0,0.0,1.43,0.43,0.096,0.029,0.0,0.125,0.0,0.0
216,972.0,676,True,2106.0,2116.0,95.3679366425,3.05190529625,7629.4349314,244.1524237,27.95,0.0,2.67,22.5,2.78,1.5,0.185,19.0,4.11,2.424,0.0
217,31.0,590,True,989.0,220863.0,19.85912318,1.43194523875,1588.7298544,114.5556191,20.75,0.0,3.67,16.68,0.4,1.112,0.027,17.0,4.704,3.566,0.0
218,769.0,589,False,,,75.21724394125,0.0,6017.3795153,0.0,5.9,0.0,0.0,2.72,3.18,0.181,0.212,0.0,0.393,0.0,0.0
219,38.0,675,True,1390.0,1392.0,13.005274505,6.75391609125,1040.4219604,540.3132873,15.4,0.0,2.03,7.85,5.52,0.524,0.368,80.0,2.261,1.369,0.0
220,2874.0,665,False,,,648.59397325875,0.0,51887.5178607,0.0,3.02,0.0,0.0,0.78,2.23,0.052,0.149,0.0,0.2,0.0,0.0
221,101.0,666,False,,,674.4059293675,0.0,53952.4743494,0.0,0.93,0.0,0.0,0.58,0.35,0.039,0.023,0.0,0.062,0.0,0.0
222,143.0,636,False,,,426.697617215,0.0,34135.8093772,0.0,9.73,0.0,0.0,6.95,2.78,0.463,0.185,0.0,0.649,0.0,0.0
223,61.0,529,True,1018.0,1689.0,16.1113813975,0.7462701862500001,1288.9105118,59.7016149,17.95,0.0,2.1,15.37,0.48,1.025,0.032,50.0,2.678,1.622,0.0
224,78.0,709,True,754.0,545.0,15.484956593749999,3.68897219,1238.7965275,295.1177752,6.75,0.0,0.43,5.85,0.47,0.39,0.031,33.0,1.029,0.608,0.0
225,206.0,657,True,1022.0,1023.0,5.1278937175,2.7026800362500003,410.2314974,216.2144029,9.88,0.0,1.5,5.38,3.0,0.359,0.2,14.0,1.689,1.131,0.0
226,945.0,563,False,,,298.03687113,0.0,23842.9496904,0.0,6.48,0.0,0.0,6.32,0.17,0.422,0.011,0.0,0.433,0.0,0.0
227,5717.0,578,False,,,232.36752444375003,0.0,18589.4019555,0.0,12.32,0.0,0.0,8.37,3.95,0.558,0.263,0.0,0.821,0.0,0.0
228,21062.0,511,True,1991.0,1993.0,5.70738783125,0.91754787125,456.5910265,73.4038297,5.33,0.0,0.68,4.03,0.62,0.269,0.041,157.0,0.684,0.374,0.0
229,43.0,590,False,,,706.54248353375,0.0,56523.3986827,0.0,15.4,0.0,0.0,15.0,0.4,1.0,0.027,0.0,1.027,0.0,0.0
230,49.0,654,True,1733.0,1739.0,38.940762451249995,1.9628079762500001,3115.2609961,157.0246381,15.22,0.0,5.68,7.63,1.9,0.509,0.127,6.0,3.29,2.654,0.0
231,445.0,667,False,,,190.72801249875,0.0,15258.2409999,0.0,4.2,0.0,0.0,1.68,2.52,0.112,0.168,0.0,0.28,0.0,0.0
232,340.0,598,True,547.0,548.0,4.46242335875,1.1167382887500001,356.9938687,89.3390631,8.8,0.0,4.37,3.58,0.85,0.238,0.057,46.0,4.18,3.884,0.0
233,76.0,673,True,598.0,599.0,14.87300048875,1.7297775524999999,1189.8400391,138.3822042,13.53,0.0,0.85,11.18,1.5,0.746,0.1,92.0,1.44,0.594,0.0
234,878.0,696,False,,,4.3541858,0.0,348.334864,0.0,3.75,0.0,0.0,1.15,2.6,0.076,0.173,0.0,0.249,0.0,0.0
235,14.0,641,True,758.0,750.0,60.49891498875,2.82428233625,4839.9131991,225.9425869,40.5,0.0,2.1,35.07,3.33,2.338,0.222,7.0,4.895,2.335,0.0
236,14.0,671,True,768.0,770.0,96.70979948,1.275004375,7736.7839584,102.00035,89.63,0.0,2.67,86.43,0.53,5.762,0.035,7.0,8.184,2.387,0.0
237,2186.0,515,True,25.0,26.0,3.42032822375,0.28810997125000004,273.6262579,23.0487977,4.63,0.0,2.02,2.2,0.42,0.147,0.027,42.0,0.929,0.755,0.0
238,305.0,709,False,,,48.08356137125,0.0,3846.6849097,0.0,1.68,0.0,0.0,1.22,0.47,0.081,0.031,0.0,0.112,0.0,0.0
239,16.0,673,True,598.0,599.0,14.369033227500001,1.7297775524999999,1149.5226582,138.3822042,10.28,0.0,0.85,7.93,1.5,0.529,0.1,92.0,1.223,0.594,0.0
240,317.0,699,False,,,187.35405697375,0.0,14988.3245579,0.0,4.97,0.0,0.0,0.87,4.1,0.058,0.273,0.0,0.331,0.0,0.0
241,28.0,609,True,366.0,369.0,20.20100474625,1.2958927075,1616.0803797,103.6714166,12.18,0.0,1.55,9.43,1.2,0.629,0.08,102.0,1.323,0.614,0.0
242,255.0,706,True,886.0,888.0,3.58456956625,1.11165956,286.7655653,88.9327648,4.73,0.0,1.6,2.18,0.95,0.145,0.063,45.0,1.826,1.618,0.0
243,55.0,641,False,,,342.7267475275,0.0,27418.1398022,0.0,14.67,0.0,0.0,11.33,3.33,0.756,0.222,0.0,0.978,0.0,0.0
244,43.0,631,True,803.0,804.0,53.815111672499995,11.68170147375,4305.2089338,934.5361179,39.13,0.0,0.92,35.98,2.23,2.399,0.148,7.0,3.265,0.717,0.0
245,2905.0,515,True,25.0,26.0,5.3697893625,0.28810997125000004,429.583149,23.0487977,5.98,0.0,2.02,3.55,0.42,0.237,0.027,42.0,1.019,0.755,0.0
246,76.0,624,False,,,496.47236926375,0.0,39717.7895411,0.0,15.18,0.0,0.0,13.57,1.62,0.905,0.108,0.0,1.013,0.0,0.0
247,1025.0,563,True,201.0,203.0,2.27248591875,0.0990648575,181.7988735,7.9251886,3.65,0.0,1.13,2.35,0.17,0.156,0.011,88.0,0.766,0.599,0.0
248,3543.0,702,False,,,244.26331071250002,0.0,19541.064857,0.0,2.47,0.0,0.0,2.15,0.32,0.144,0.022,0.0,0.165,0.0,0.0
249,935.0,589,True,2073.0,39.0,1.93325138125,4.869864615,154.6601105,389.5891692,8.37,0.0,3.53,2.65,2.18,0.177,0.146,141.0,2.044,1.721,0.0
250,119.0,652,True,1083.0,1085.0,1.92707081625,0.82598638875,154.1656653,66.0789111,5.43,0.0,1.37,3.4,0.67,0.227,0.044,32.0,1.448,1.178,0.0
251,223.0,671,False,,,415.15021463249997,0.0,33212.0171706,0.0,2.1,0.0,0.0,1.57,0.53,0.105,0.035,0.0,0.14,0.0,0.0
252,66.0,641,True,780.0,750.0,81.61797723,2.82428233625,6529.4381784,225.9425869,72.05,0.0,0.97,67.75,3.33,4.517,0.222,7.0,5.819,1.08,0.0
253,17.0,658,True,1250.0,1252.0,1.6885911475,1.53150451,135.0872918,122.5203608,4.15,0.0,1.28,1.35,1.52,0.09,0.102,8.0,1.356,1.165,0.0
254,35.0,675,True,1536.0,1392.0,11.2300444925,6.75391609125,898.4035594,540.3132873,10.57,0.0,1.58,3.47,5.52,0.231,0.368,61.0,1.97,1.371,0.0
255,162.0,597,True,1148.0,1718.0,1.164973315,5.48546768625,93.1978652,438.8374149,9.32,0.0,4.65,0.95,3.72,0.064,0.248,58.0,3.869,3.557,0.0
256,210.0,667,False,,,207.09207803750002,0.0,16567.366243,0.0,15.25,0.0,0.0,12.73,2.52,0.849,0.168,0.0,1.017,0.0,0.0
257,42.0,641,False,,,332.56530408375,0.0,26605.2243267,0.0,23.07,0.0,0.0,19.73,3.33,1.316,0.222,0.0,1.537,0.0,0.0
258,21.0,579,True,614.0,623.0,6.496983475,2.14087209875,519.758678,171.2697679,10.35,0.0,4.02,4.8,1.53,0.32,0.103,91.0,2.721,2.298,0.0
259,1978.0,673,False,,,197.68649383,0.0,15814.9195064,0.0,3.3,0.0,0.0,1.8,1.5,0.12,0.1,0.0,0.219,0.0,0.0
260,43.0,696,True,662.0,696.0,30.598410174999998,2.20176868,2447.872814,176.1414944,25.18,0.0,1.37,21.22,2.6,1.415,0.173,7.0,2.579,0.991,0.0
261,95.0,696,True,660.0,661.0,8.955961227500001,3.09073340375,716.4768982,247.2586723,11.57,0.0,0.93,6.7,3.93,0.447,0.262,29.0,1.402,0.693,0.0
262,35.0,590,True,2180.0,220863.0,22.10722298,1.43194523875,1768.5778384,114.5556191,15.77,0.0,1.45,13.92,0.4,0.928,0.027,25.0,2.672,1.717,0.0
263,455.0,606,True,975.0,976.0,25.12728121125,6.6888396275,2010.1824969,535.1071702,12.68,0.0,1.1,7.28,4.3,0.486,0.287,142.0,2.092,1.319,0.0
264,7180.0,590,False,,,722.1529695225,0.0,57772.2375618,0.0,10.37,0.0,0.0,9.97,0.4,0.665,0.027,0.0,0.692,0.0,0.0
265,29.0,632,False,,,721.31203270625,0.0,57704.9626165,0.0,29.53,0.0,0.0,28.78,0.75,1.919,0.05,0.0,1.969,0.0,0.0
266,90.0,675,True,1390.0,1392.0,5.6434031849999995,6.75391609125,451.4722548,540.3132873,12.18,0.0,2.03,4.63,5.52,0.309,0.368,58.0,2.046,1.369,0.0
267,5.0,627,True,1937.0,1567.0,76.1159091625,1.5992450175,6089.272733,127.9396014,93.92,0.0,37.4,56.15,0.37,3.743,0.024,7.0,26.082,22.314,0.0
268,124.0,629,False,,,472.09629383000004,0.0,37767.7035064,0.0,4.22,0.0,0.0,2.83,1.38,0.188,0.093,0.0,0.281,0.0,0.0
269,91.0,654,True,1784.0,1739.0,3.67993652375,1.9628079762500001,294.3949219,157.0246381,13.33,0.0,10.1,1.33,1.9,0.089,0.127,10.0,5.607,5.392,0.0
270,101.0,628,False,,,594.08939915375,0.0,47527.1519323,0.0,0.7,0.0,0.0,0.45,0.25,0.03,0.016,0.0,0.046,0.0,0.0
271,50.0,579,True,620.0,623.0,29.004948000000002,2.14087209875,2320.39584,171.2697679,19.07,0.0,4.12,13.42,1.53,0.894,0.103,61.0,2.87,1.873,0.0
272,615.0,656,False,,,337.4624445125,0.0,26996.995561,0.0,5.92,0.0,0.0,4.23,1.68,0.283,0.113,0.0,0.395,0.0,0.0
273,56.0,529,True,97207.0,1689.0,17.52685468375,0.7462701862500001,1402.1483747,59.7016149,16.55,0.0,0.98,15.08,0.48,1.006,0.032,53.0,1.824,0.786,0.0
274,646.0,647,True,91.0,94.0,20.12695935875,6.96005493,1610.1567487,556.8043944,13.85,0.0,2.03,6.85,4.97,0.457,0.331,41.0,2.346,1.557,0.0
275,110.0,700,False,,,741.7358122575,0.0,59338.8649806,0.0,5.03,0.0,0.0,2.38,2.65,0.159,0.177,0.0,0.336,0.0,0.0
276,19.0,632,False,,,754.1979848875001,0.0,60335.838791,0.0,30.73,0.0,0.0,29.98,0.75,1.998,0.05,0.0,2.048,0.0,0.0
277,625.0,679,False,,,826.43997703,0.0,66115.1981624,0.0,6.43,0.0,0.0,3.25,3.18,0.217,0.213,0.0,0.429,0.0,0.0
278,17.0,641,True,746.0,750.0,8.201780979999999,2.82428233625,656.1424784,225.9425869,14.08,0.0,4.83,5.92,3.33,0.394,0.222,7.0,4.9,4.284,0.0
279,376.0,681,False,,,653.3539220175,0.0,52268.3137614,0.0,8.67,0.0,0.0,6.75,1.92,0.45,0.128,0.0,0.578,0.0,0.0
280,243.0,597,True,1149.0,1718.0,5.96072077,5.48546768625,476.8576616,438.8374149,12.08,0.0,3.0,5.37,3.72,0.358,0.248,54.0,2.732,2.126,0.0
281,4324.0,593,False,,,697.93774164875,0.0,55835.0193319,0.0,4.1,0.0,0.0,2.0,2.1,0.133,0.14,0.0,0.273,0.0,0.0
282,28.0,701,True,1307.0,1311.0,32.414972340000006,1.8012169,2593.1977872,144.097352,19.03,0.0,2.82,15.7,0.52,1.047,0.034,50.0,3.248,2.167,0.0
283,15.0,616,True,1470.0,1475.0,3.23317062125,2.15542008,258.6536497,172.4336064,10.4,0.0,7.02,1.67,1.72,0.111,0.114,48.0,4.43,4.204,0.0
284,52.0,641,True,758.0,750.0,18.045234215,2.82428233625,1443.6187372,225.9425869,20.12,0.0,2.1,14.68,3.33,0.978,0.222,7.0,3.536,2.335,0.0
285,20.0,685,True,1165.0,1706.0,27.4707394775,0.88402311375,2197.6591582,70.7218491,25.98,0.0,6.38,19.1,0.5,1.273,0.034,2.0,4.9,3.593,0.0
286,20.0,685,True,1164.0,1706.0,13.818406723749998,0.88402311375,1105.4725379,70.7218491,10.02,0.0,6.93,2.58,0.5,0.173,0.034,2.0,4.129,3.922,0.0
287,17.0,627,True,1940.0,1567.0,70.6914548275,1.5992450175,5655.3163862,127.9396014,88.92,0.0,33.93,54.62,0.37,3.641,0.024,7.0,23.472,19.807,0.0
288,15.0,693,True,2006.0,1838.0,15.0113392,2.384613235,1200.907136,190.7690588,21.48,0.0,3.58,17.17,0.73,1.144,0.049,8.0,4.233,3.041,0.0
289,1255.0,589,True,10.0,11.0,3.7532633449999997,6.6742026825,300.2610676,533.9362146,6.83,0.0,0.7,2.95,3.18,0.197,0.212,140.0,0.789,0.38,0.0
290,132.0,628,True,2144.0,1223.0,40.76305249875,0.42415695124999997,3261.0441999,33.9325561,19.07,0.0,2.18,16.63,0.25,1.109,0.016,8.0,2.396,1.27,0.0
291,36.0,636,True,1393.0,1394.0,3.8806248862499997,2.2465177425,310.4499909,179.7214194,6.67,0.0,2.23,1.42,3.02,0.094,0.201,81.0,1.318,1.024,0.0
292,48.0,646,False,,,786.56438158375,0.0,62925.1505267,0.0,30.38,0.0,0.0,26.15,4.23,1.743,0.282,0.0,2.025,0.0,0.0
293,885.0,697,False,,,21.5388958925,0.0,1723.1116714,0.0,3.43,0.0,0.0,1.22,2.22,0.082,0.148,0.0,0.229,0.0,0.0
294,37.0,632,False,,,711.94232251625,0.0,56955.3858013,0.0,39.73,0.0,0.0,38.98,0.75,2.598,0.05,0.0,2.648,0.0,0.0
295,147.0,684,False,,,522.51627931625,0.0,41801.3023453,0.0,3.65,0.0,0.0,2.18,1.47,0.146,0.098,0.0,0.243,0.0,0.0
296,56.0,652,False,,,472.10845365750004,0.0,37768.6762926,0.0,47.13,0.0,0.0,46.0,1.13,3.067,0.075,0.0,3.142,0.0,0.0
297,5142.0,622,True,2311.0,637.0,3.7325069912499997,7.04211803625,298.6005593,563.3694429,9.8,0.0,1.55,4.1,4.15,0.273,0.276,48.0,2.174,1.624,0.0
298,109.0,563,False,,,307.27291599750004,0.0,24581.8332798,0.0,5.47,0.0,0.0,5.3,0.17,0.353,0.011,0.0,0.364,0.0,0.0
299,20.0,641,True,113250.0,750.0,12.858232577499999,2.82428233625,1028.6586062,225.9425869,14.78,0.0,1.35,10.1,3.33,0.674,0.222,14.0,2.431,1.535,0.0
300,1359.0,589,False,,,78.556979505,0.0,6284.5583604,0.0,7.82,0.0,0.0,4.63,3.18,0.309,0.212,0.0,0.521,0.0,0.0
301,22.0,696,True,658.0,661.0,27.30188471125,3.09073340375,2184.1507769,247.2586723,20.98,0.0,3.87,13.18,3.93,0.879,0.262,21.0,4.712,3.571,0.0
302,31.0,696,True,659.0,661.0,25.89618118875,3.09073340375,2071.6944951,247.2586723,21.65,0.0,2.27,15.45,3.93,1.03,0.262,21.0,3.18,1.888,0.0
303,9737.0,608,True,1649.0,1651.0,5.115328005,0.8951277624999999,409.2262404,71.610221,8.1,0.0,2.03,5.02,1.05,0.334,0.07,34.0,1.206,0.802,0.0
304,1649.0,686,False,,,713.74063021125,0.0,57099.2504169,0.0,3.65,0.0,0.0,1.37,2.28,0.091,0.153,0.0,0.244,0.0,0.0
305,12276.0,597,False,,,288.65630683999996,0.0,23092.5045472,0.0,5.62,0.0,0.0,4.23,1.38,0.282,0.093,0.0,0.375,0.0,0.0
306,239.0,687,False,,,731.81294688375,0.0,58545.0357507,0.0,1.47,0.0,0.0,0.35,1.12,0.023,0.075,0.0,0.098,0.0,0.0
307,1743.0,616,True,1474.0,1475.0,2.26883874625,2.15542008,181.5070997,172.4336064,4.72,0.0,0.8,2.2,1.72,0.147,0.114,33.0,0.844,0.583,0.0
308,52.0,673,True,598.0,599.0,9.07036109,1.7297775524999999,725.6288872,138.3822042,10.52,0.0,0.85,8.17,1.5,0.544,0.1,90.0,1.238,0.594,0.0
309,242.0,636,True,1398.0,1399.0,10.835125948750001,1.89844663625,866.8100759,151.8757309,11.53,0.0,2.1,6.65,2.78,0.443,0.185,80.0,1.667,1.039,0.0
310,115.0,688,False,,,722.94580411625,0.0,57835.6643293,0.0,3.97,0.0,0.0,2.87,1.1,0.191,0.074,0.0,0.265,0.0,0.0
311,36.0,692,True,1579.0,1569.0,7.03341307,,562.6730456,,17.45,0.0,6.08,8.9,2.47,0.593,0.164,27.0,4.631,3.873,0.0
312,45.0,632,False,,,736.561861055,0.0,58924.9488844,0.0,12.52,0.0,0.0,11.77,0.75,0.784,0.05,0.0,0.834,0.0,0.0
313,199.0,643,True,2178.0,1039.0,2.8493771375000003,0.10778516625000001,227.950171,8.6228133,6.57,0.0,2.53,3.78,0.25,0.252,0.017,9.0,2.094,1.824,0.0
314,1529.0,589,True,2073.0,39.0,5.5894439812500005,4.869864615,447.1555185,389.5891692,9.5,0.0,3.53,3.78,2.18,0.252,0.146,157.0,2.119,1.721,0.0
315,185.0,517,True,585.0,587.0,5.5632412875,0.92716684375,445.059303,74.1733475,3.82,0.0,2.47,0.77,0.58,0.051,0.039,105.0,1.689,1.599,0.0
316,43.0,642,True,1975.0,1973.0,59.145752077500006,2.5938804625,4731.6601662,207.510437,38.37,0.0,2.27,34.03,2.07,2.269,0.137,15.0,4.022,1.615,0.0
317,68.0,697,True,686.0,693.0,1.6128862824999999,2.32925861625,129.0309026,186.3406893,14.22,0.0,9.6,2.4,2.22,0.16,0.148,8.0,6.438,6.13,0.0
318,559.0,583,False,,,443.26906480750006,0.0,35461.5251846,0.0,5.32,0.0,0.0,4.57,0.75,0.305,0.05,0.0,0.355,0.0,0.0
319,36.0,623,True,75582.0,1529.0,2.31100109,1.54139833,184.8800872,123.3118664,3.3,0.0,0.75,1.1,1.45,0.074,0.097,36.0,1.138,0.968,0.0
320,69.0,642,False,,,451.8640692125,0.0,36149.125537,0.0,11.07,0.0,0.0,9.42,1.65,0.628,0.11,0.0,0.738,0.0,0.0
321,537.0,570,False,,,180.69243920875002,0.0,14455.3951367,0.0,10.98,0.0,0.0,9.18,1.8,0.613,0.12,0.0,0.733,0.0,0.0
322,8139.0,599,True,1713.0,1488.0,8.50794900375,5.069693105000001,680.6359203,405.5754484,10.53,0.0,2.98,4.72,2.83,0.315,0.188,34.0,2.463,1.96,0.0
323,2005.0,589,False,,,64.7708773075,0.0,5181.6701846,0.0,9.43,0.0,0.0,7.25,2.18,0.484,0.146,0.0,0.629,0.0,0.0
324,35.0,685,True,1705.0,1706.0,16.7342971125,0.88402311375,1338.743769,70.7218491,10.72,0.0,2.3,7.92,0.5,0.528,0.034,4.0,1.415,0.853,0.0
325,42.0,665,True,1415.0,1417.0,51.402512128750004,1.6451094412500002,4112.2009703,131.6087553,25.58,0.0,1.3,23.25,1.03,1.55,0.068,33.0,3.329,1.71,0.0
326,7457.0,517,True,586.0,587.0,2.4193413225000002,0.92716684375,193.5473058,74.1733475,3.13,0.0,0.78,1.77,0.58,0.118,0.039,97.0,0.59,0.434,0.0
327,1265.0,693,True,2005.0,2307.0,1.475953245,2.14528763375,118.0762596,171.6230107,3.05,0.0,0.63,1.82,0.6,0.122,0.04,15.0,0.591,0.43,0.0
328,22.0,707,False,,,600.32179806875,0.0,48025.7438455,0.0,9.92,0.0,0.0,8.78,1.13,0.586,0.076,0.0,0.662,0.0,0.0
329,44.0,641,False,,,317.6051712025,0.0,25408.4136962,0.0,57.43,0.0,0.0,54.1,3.33,3.607,0.222,0.0,3.829,0.0,0.0
330,120.0,699,False,,,195.84647450125001,0.0,15667.7179601,0.0,9.0,0.0,0.0,4.67,4.33,0.312,0.288,0.0,0.6,0.0,0.0
331,34.0,565,False,,,359.96270448125,0.0,28797.0163585,0.0,26.28,0.0,0.0,23.33,2.95,1.555,0.197,0.0,1.752,0.0,0.0
332,44.0,667,False,,,209.77771561375,0.0,16782.2172491,0.0,15.27,0.0,0.0,12.75,2.52,0.85,0.168,0.0,1.018,0.0,0.0
333,28.0,641,True,744.0,750.0,39.241221637500004,2.82428233625,3139.297731,225.9425869,34.7,0.0,6.93,24.43,3.33,1.629,0.222,7.0,7.373,5.523,0.0
334,110.0,589,True,2150.0,39.0,13.41449348875,4.869864615,1073.1594791,389.5891692,17.2,0.0,3.3,11.72,2.18,0.781,0.146,105.0,1.934,1.007,0.0
335,1955.0,589,True,37.0,39.0,6.01781787875,4.869864615,481.4254303,389.5891692,7.37,0.0,1.43,3.75,2.18,0.25,0.146,160.0,1.232,0.835,0.0
336,523.0,707,False,,,588.2598279912501,0.0,47060.7862393,0.0,2.1,0.0,0.0,1.08,1.02,0.073,0.068,0.0,0.141,0.0,0.0
337,2684.0,694,False,,,378.88534323,0.0,30310.8274584,0.0,5.37,0.0,0.0,3.53,1.83,0.236,0.123,0.0,0.358,0.0,0.0
338,184.0,598,True,711.0,951.0,0.95776267875,4.21942202,76.6210143,337.5537616,11.35,0.0,7.02,0.77,3.57,0.052,0.237,47.0,4.122,3.833,0.0
339,444.0,574,True,435.0,495.0,13.491267446250001,0.8581321412499999,1079.3013957,68.6505713,17.2,0.0,3.9,12.72,0.58,0.848,0.039,67.0,3.968,3.081,0.0
340,44885.0,573,True,303.0,224.0,1.90441307125,2.03171655125,152.3530457,162.5373241,4.55,0.0,0.43,2.42,1.7,0.161,0.113,12.0,0.502,0.228,0.0
341,18.0,627,True,1937.0,1567.0,58.1682019,1.5992450175,4653.456152,127.9396014,73.62,0.0,37.4,35.85,0.37,2.39,0.024,7.0,24.729,22.314,0.0
342,396.0,675,False,,,442.896024725,0.0,35431.681978,0.0,10.38,0.0,0.0,4.87,5.52,0.324,0.368,0.0,0.692,0.0,0.0
343,46.0,671,True,767.0,770.0,31.882579957500003,1.275004375,2550.6063966,102.00035,37.03,0.0,7.02,29.48,0.53,1.966,0.035,7.0,6.963,4.962,0.0
344,195.0,673,True,598.0,599.0,6.804665875,1.7297775524999999,544.37327,138.3822042,6.37,0.0,0.85,4.02,1.5,0.268,0.1,91.0,0.962,0.594,0.0
345,24.0,641,True,113250.0,750.0,61.44300476625,2.82428233625,4915.4403813,225.9425869,47.08,0.0,1.35,42.4,3.33,2.827,0.222,14.0,4.584,1.535,0.0
346,478.0,583,False,,,445.29917538250004,0.0,35623.9340306,0.0,1.4,0.0,0.0,0.65,0.75,0.043,0.05,0.0,0.094,0.0,0.0
347,254.0,589,True,2029.0,11.0,2.94811710125,6.6742026825,235.8493681,533.9362146,7.18,0.0,1.4,2.6,3.18,0.173,0.212,30.0,0.755,0.37,0.0
348,55.0,701,True,1342.0,1344.0,20.66801795875,2.05496631125,1653.4414367,164.3973049,15.67,0.0,0.87,14.28,0.52,0.953,0.034,107.0,1.526,0.54,0.0
349,72.0,563,True,201.0,203.0,2.85036384,0.0990648575,228.0291072,7.9251886,3.1,0.0,1.13,1.8,0.17,0.119,0.011,88.0,0.729,0.599,0.0
350,41.0,646,True,1481.0,1482.0,3.2141155237500003,5.11125985125,257.1292419,408.9007881,7.32,0.0,0.78,2.3,4.23,0.154,0.282,36.0,1.435,1.0,0.0
351,242.0,589,True,2264.0,39.0,3.6648679475000003,4.869864615,293.1894358,389.5891692,11.87,0.0,5.1,4.58,2.18,0.305,0.146,150.0,2.872,2.42,0.0
352,7.0,671,True,766.0,770.0,1.1091658125000001,1.275004375,88.733265,102.00035,9.25,0.0,8.23,0.48,0.53,0.032,0.035,7.0,5.749,5.682,0.0
353,131.0,641,True,780.0,750.0,31.96520363875,2.82428233625,2557.2162911,225.9425869,20.15,0.0,0.97,15.85,3.33,1.057,0.222,7.0,2.358,1.08,0.0
354,1850.0,574,True,511.0,512.0,5.31971247375,0.8308609887499999,425.5769979,66.4688791,6.62,0.0,1.53,4.13,0.95,0.276,0.064,84.0,1.128,0.788,0.0
355,36.0,654,True,1731.0,1739.0,9.784237068749999,1.9628079762500001,782.7389655,157.0246381,15.93,0.0,8.32,5.72,1.9,0.381,0.127,10.0,4.747,4.239,0.0
356,43.0,675,True,1391.0,1392.0,5.910851435,6.75391609125,472.8681148,540.3132873,12.27,0.0,0.85,5.9,5.52,0.393,0.368,61.0,1.412,0.651,0.0
357,54.0,616,True,1468.0,1475.0,0.45552948125,2.15542008,36.4423585,172.4336064,11.33,0.0,8.87,0.75,1.72,0.05,0.114,15.0,5.617,5.453,0.0
358,6038.0,598,True,765.0,764.0,1.24786209,3.9044995112499996,99.8289672,312.3599609,4.87,0.0,1.38,0.13,3.35,0.009,0.224,24.0,0.955,0.722,0.0
359,299.0,583,False,,,449.0218392225,0.0,35921.7471378,0.0,9.17,0.0,0.0,8.42,0.75,0.561,0.05,0.0,0.611,0.0,0.0
360,399.0,589,True,10.0,11.0,4.16577886125,6.6742026825,333.2623089,533.9362146,6.1,0.0,0.7,2.22,3.18,0.148,0.212,128.0,0.74,0.38,0.0
361,44.0,700,False,,,739.5394489025,0.0,59163.1559122,0.0,5.53,0.0,0.0,2.88,2.65,0.192,0.177,0.0,0.369,0.0,0.0
362,241.0,598,True,2141.0,548.0,5.7328114775,1.1167382887500001,458.6249182,89.3390631,5.42,0.0,1.75,2.82,0.85,0.188,0.057,58.0,1.844,1.6,0.0
363,118.0,709,True,557.0,558.0,0.29096167375,4.024249515,23.2769339,321.9399612,3.67,0.0,1.02,0.4,2.25,0.026,0.15,33.0,0.748,0.572,0.0
364,145.0,697,True,691.0,693.0,2.83821704625,2.32925861625,227.0573637,186.3406893,7.42,0.0,2.18,3.02,2.22,0.201,0.148,14.0,1.778,1.429,0.0
365,117.0,631,True,802.0,804.0,0.5134900499999999,11.68170147375,41.079204,934.5361179,4.6,0.0,1.8,0.57,2.23,0.038,0.148,7.0,1.38,1.194,0.0
366,44.0,579,True,582.0,610.0,4.73927943125,0.6942051225,379.1423545,55.5364098,7.23,0.0,1.52,4.98,0.73,0.333,0.049,56.0,1.311,0.929,0.0
367,242.0,654,False,,,130.69580381875,0.0,10455.6643055,0.0,3.38,0.0,0.0,1.48,1.9,0.099,0.127,0.0,0.226,0.0,0.0
368,84.0,689,True,1015.0,1016.0,0.40467816125,1.48626862375,32.3742529,118.9014899,2.78,0.0,0.53,0.62,1.63,0.041,0.108,56.0,0.857,0.707,0.0
369,28.0,709,True,544.0,545.0,1.209501885,3.68897219,96.7601508,295.1177752,2.2,0.0,0.38,1.35,0.47,0.09,0.031,18.0,0.388,0.267,0.0
370,101375.0,587,True,282.0,283.0,1.6603562075,1.70144473125,132.8284966,136.1155785,3.8,0.0,0.33,1.97,1.5,0.131,0.1,201.0,0.451,0.22,0.0
371,968.0,659,True,933.0,935.0,1.52966314125,1.3154428062499999,122.3730513,105.2354245,4.23,0.0,1.37,1.83,1.03,0.122,0.069,17.0,1.189,0.999,0.0
372,1830.0,709,True,751.0,545.0,4.4172472425,3.68897219,353.3797794,295.1177752,7.83,0.0,4.53,2.83,0.47,0.189,0.031,17.0,3.474,3.255,0.0
373,44.0,671,True,768.0,770.0,3.032740075,1.275004375,242.619206,102.00035,6.45,0.0,2.67,3.25,0.53,0.217,0.035,7.0,2.639,2.387,0.0
374,54.0,631,True,2186.0,804.0,3.1362081875000003,11.68170147375,250.896655,934.5361179,12.8,0.0,7.37,3.2,2.23,0.214,0.148,7.0,4.299,3.937,0.0
375,2939.0,570,False,,,174.69494900249998,0.0,13975.5959202,0.0,13.12,0.0,0.0,11.32,1.8,0.755,0.12,0.0,0.875,0.0,0.0
376,68.0,579,True,2212.0,623.0,1.19663592875,2.14087209875,95.7308743,171.2697679,5.8,0.0,4.08,0.18,1.53,0.012,0.103,3.0,2.226,2.111,0.0
377,40.0,583,True,1968.0,1660.0,27.575404811250003,2.6938748525,2206.0323849,215.5099882,27.05,0.0,1.37,22.92,2.77,1.528,0.184,15.0,2.521,0.809,0.0
378,32.0,641,True,113250.0,750.0,64.913596815,2.82428233625,5193.0877452,225.9425869,39.77,0.0,1.35,35.08,3.33,2.338,0.222,7.0,4.096,1.535,0.0
379,156.0,673,True,702.0,580.0,2.0424577325,1.76537020875,163.3966186,141.2296167,7.43,0.0,3.63,2.3,1.5,0.153,0.1,80.0,2.562,2.31,0.0
380,28.0,616,True,1465.0,1475.0,1.59993306375,2.15542008,127.9946451,172.4336064,14.63,0.0,11.52,1.4,1.72,0.093,0.114,15.0,7.124,6.916,0.0
381,171.0,564,True,58.0,61.0,9.81521488125,1.248319115,785.2171905,99.8655292,12.85,0.0,3.05,8.43,1.37,0.562,0.091,17.0,2.169,1.517,0.0
382,53.0,678,True,1663.0,408.0,0.13727750125,3.5326494662499996,10.9822001,282.6119573,8.97,0.0,5.68,0.18,3.1,0.012,0.206,9.0,5.017,4.799,0.0
383,46088.0,592,False,,,52.730412603750004,0.0,4218.4330083,0.0,3.25,0.0,0.0,2.52,0.73,0.168,0.049,0.0,0.217,0.0,0.0
384,1558.0,589,True,21.0,22.0,7.036045249999999,7.0975798375,562.88362,567.806387,12.12,0.0,1.8,5.58,4.73,0.372,0.315,45.0,1.644,0.957,0.0
385,28255.0,586,False,,,70.15768511625001,0.0,5612.6148093,0.0,1.62,0.0,0.0,1.18,0.43,0.079,0.029,0.0,0.108,0.0,0.0
386,31.0,641,True,780.0,750.0,31.760831009999997,2.82428233625,2540.8664808,225.9425869,24.48,0.0,0.97,20.18,3.33,1.345,0.222,7.0,2.647,1.08,0.0
387,4165.0,607,False,,,207.24510401624997,0.0,16579.6083213,0.0,3.05,0.0,0.0,0.28,2.77,0.019,0.185,0.0,0.203,0.0,0.0
388,582.0,622,True,2195.0,637.0,7.919967712499999,7.04211803625,633.597417,563.3694429,14.33,0.0,3.17,7.02,4.15,0.468,0.276,20.0,3.29,2.545,0.0
389,242.0,641,True,756.0,750.0,3.967834225,2.82428233625,317.426738,225.9425869,8.4,0.0,1.07,4.0,3.33,0.267,0.222,7.0,1.671,1.182,0.0
390,290.0,698,False,,,609.2361247875,0.0,48738.889983,0.0,5.55,0.0,0.0,2.52,3.03,0.167,0.202,0.0,0.37,0.0,0.0
391,56.0,675,True,1390.0,1392.0,0.9377842825,6.75391609125,75.0227426,540.3132873,9.03,0.0,2.03,1.48,5.52,0.099,0.368,76.0,1.836,1.369,0.0
392,231.0,589,True,2264.0,39.0,2.102702495,4.869864615,168.2161996,389.5891692,9.43,0.0,5.1,2.15,2.18,0.144,0.146,113.0,2.71,2.42,0.0
393,6.0,687,False,,,751.3956304125,0.0,60111.650433,0.0,13.27,0.0,0.0,12.15,1.12,0.81,0.075,0.0,0.885,0.0,0.0
394,3725.0,559,False,,,600.79308617375,0.0,48063.4468939,0.0,3.02,0.0,0.0,1.63,1.38,0.109,0.092,0.0,0.201,0.0,0.0
395,126.0,631,False,,,154.3311696875,0.0,12346.493575,0.0,4.15,0.0,0.0,1.92,2.23,0.128,0.148,0.0,0.276,0.0,0.0
396,55.0,631,True,796.0,806.0,3.47452264125,3.05929863875,277.9618113,244.7438911,10.77,0.0,3.63,3.68,3.45,0.245,0.23,13.0,3.315,2.84,0.0
397,58.0,667,True,616.0,60417.0,7.737290450000001,2.3932554262499997,618.983236,191.4604341,13.48,0.0,2.28,8.68,2.52,0.579,0.168,14.0,2.705,1.958,0.0
398,169.0,597,True,1149.0,1718.0,6.842711250000001,5.48546768625,547.4169,438.8374149,11.08,0.0,3.0,4.37,3.72,0.291,0.248,54.0,2.665,2.126,0.0
399,611.0,694,True,2164.0,2165.0,4.57165212,15.581739885,365.7321696,1246.5391908,9.73,0.0,1.18,3.78,4.77,0.252,0.318,16.0,1.195,0.625,0.0
400,129.0,623,True,1537.0,1544.0,3.93698392875,0.7662784525,314.9587143,61.3022762,12.47,0.0,7.8,4.28,0.38,0.286,0.026,32.0,6.401,6.089,0.0
401,1002.0,515,True,25.0,26.0,5.17919097375,0.28810997125000004,414.3352779,23.0487977,6.48,0.0,2.02,4.05,0.42,0.27,0.027,42.0,1.053,0.755,0.0
402,31.0,628,True,1221.0,1223.0,1.5030936775000001,0.42415695124999997,120.2474942,33.9325561,5.18,0.0,3.85,1.08,0.25,0.072,0.016,8.0,2.311,2.222,0.0
403,21.0,589,True,9.0,11.0,1.5579174999999998,6.6742026825,124.6334,533.9362146,7.55,0.0,2.75,1.62,3.18,0.108,0.212,163.0,1.035,0.715,0.0
404,4092.0,701,False,,,377.3446790775,0.0,30187.5743262,0.0,2.12,0.0,0.0,1.6,0.52,0.106,0.034,0.0,0.14,0.0,0.0
405,33.0,590,True,990.0,220863.0,1.2027315175,1.43194523875,96.2185214,114.5556191,3.42,0.0,2.2,0.82,0.4,0.055,0.027,25.0,2.454,2.372,0.0
406,463.0,642,False,,,447.96108151625003,0.0,35836.8865213,0.0,2.62,0.0,0.0,0.55,2.07,0.037,0.137,0.0,0.174,0.0,0.0
407,36.0,630,True,1525.0,1328.0,1.1174360975000002,2.0668860862500003,89.3948878,165.3508869,3.38,0.0,0.73,0.93,1.72,0.062,0.114,35.0,0.834,0.657,0.0
408,260.0,689,True,1171.0,1174.0,4.02751352875,3.0567948337499997,322.2010823,244.5435867,6.7,0.0,1.45,3.52,1.73,0.235,0.116,7.0,1.857,1.507,0.0
409,12.0,691,True,1952.0,1654.0,74.0056507925,3.9055565100000003,5920.4520634,312.4445208,56.12,0.0,4.98,47.12,4.02,3.141,0.268,7.0,8.281,4.872,0.0
410,691.0,586,True,360.0,299.0,1.8722267362499998,7.1501844175,149.7781389,572.0147534,7.32,0.0,3.97,0.72,2.63,0.048,0.176,64.0,2.919,2.696,0.0
411,5208.0,608,False,,,129.52372797499999,0.0,10361.898238,0.0,14.6,0.0,0.0,13.55,1.05,0.903,0.07,0.0,0.973,0.0,0.0
412,403.0,674,True,1844.0,1802.0,2.88561741625,2.64742021875,230.8493933,211.7936175,10.23,0.0,5.48,2.87,1.88,0.191,0.126,8.0,3.261,2.945,0.0
413,36.0,707,True,33541.0,1520.0,18.039466795000003,2.40422720125,1443.1573436,192.3381761,16.42,0.0,1.5,13.9,1.02,0.926,0.068,35.0,2.692,1.697,0.0
414,44.0,652,False,,,507.007124675,0.0,40560.569974,0.0,12.02,0.0,0.0,10.88,1.13,0.726,0.075,0.0,0.801,0.0,0.0
415,1599.0,620,True,1354.0,171.0,3.3818295175000004,4.115208245,270.5463614,329.2166596,6.83,0.0,1.17,3.07,2.6,0.204,0.173,7.0,1.103,0.725,0.0
416,3591.0,691,False,,,487.27343912625,0.0,38981.8751301,0.0,7.02,0.0,0.0,3.0,4.02,0.2,0.268,0.0,0.468,0.0,0.0
417,300.0,582,True,2098.0,2259.0,1.83956299,2.96384893875,147.1650392,237.1079151,7.87,0.0,3.68,1.88,2.3,0.125,0.154,48.0,2.243,1.964,0.0
418,1513.0,672,True,964.0,2143.0,3.2873519412500003,1.52107042375,262.9881553,121.6856339,4.1,0.0,0.67,1.95,1.48,0.13,0.099,16.0,0.536,0.306,0.0
419,13.0,691,True,1653.0,1654.0,62.84684549375,3.9055565100000003,5027.7476395,312.4445208,38.37,0.0,2.35,32.0,4.02,2.134,0.268,7.0,4.724,2.322,0.0
420,112.0,627,False,,,9.466666666666669,0.0,,0.0,9.47,0.0,0.0,9.03,0.43,0.602,0.029,0.0,0.631,0.0,0.0
421,29.0,658,True,1241.0,1242.0,72.8395791725,1.19257328875,5827.1663338,95.4058631,54.63,0.0,0.88,52.23,1.52,3.482,0.102,8.0,4.115,0.532,0.0
422,42.0,707,True,1552.0,1553.0,25.344818455000002,2.0326807912500002,2027.5854764,162.6144633,25.8,0.0,1.48,23.18,1.13,1.546,0.076,32.0,2.842,1.221,0.0
423,51.0,692,True,1554.0,1570.0,26.502140509999997,,2120.1712408,,30.8,0.0,5.03,23.3,2.47,1.554,0.164,4.0,6.102,4.384,0.0
424,28.0,708,True,1318.0,97126.0,29.024966992499998,0.11628975374999999,2321.9973594,9.3031803,28.85,0.0,5.23,23.27,0.35,1.551,0.023,10.0,5.151,3.576,0.0
425,892.0,609,True,589.0,369.0,3.62948745875,1.2958927075,290.3589967,103.6714166,6.75,0.0,1.45,4.1,1.2,0.273,0.08,72.0,2.138,1.785,0.0
426,270.0,676,True,2112.0,2111.0,1.6938819625000001,2.9523678912499998,135.510557,236.1894313,5.15,0.0,0.52,1.95,2.68,0.131,0.179,25.0,0.88,0.57,0.0
427,453.0,633,True,1140.0,1142.0,2.2987746112500003,3.14078673875,183.9019689,251.2629391,8.1,0.0,1.88,2.87,3.35,0.191,0.224,18.0,1.609,1.194,0.0
428,41.0,632,True,1236.0,1237.0,18.1238817875,2.39291634625,1449.910543,191.4333077,19.22,0.0,1.6,16.87,0.75,1.124,0.05,8.0,2.115,0.941,0.0
429,47.0,590,True,989.0,220863.0,22.7600941175,1.43194523875,1820.8075294,114.5556191,13.7,0.0,3.67,9.63,0.4,0.642,0.027,22.0,4.234,3.566,0.0
430,3322.0,703,False,,,589.89758036875,0.0,47191.8064295,0.0,10.85,0.0,0.0,5.8,5.05,0.387,0.336,0.0,0.723,0.0,0.0
431,48.0,689,True,1014.0,1016.0,11.12360680125,1.48626862375,889.8885441,118.9014899,11.28,0.0,1.85,7.8,1.63,0.52,0.108,56.0,2.612,1.984,0.0
432,110.0,709,True,543.0,545.0,3.7000132712499996,3.68897219,296.0010617,295.1177752,6.23,0.0,1.88,3.88,0.47,0.259,0.031,35.0,1.511,1.222,0.0
433,10120.0,609,True,363.0,364.0,2.37288916875,1.090455565,189.8311335,87.2364452,4.4,0.0,0.93,2.27,1.2,0.151,0.08,113.0,0.775,0.544,0.0
434,110.0,709,True,541.0,545.0,0.61881393875,3.68897219,49.5051151,295.1177752,5.67,0.0,3.75,1.45,0.47,0.096,0.031,18.0,2.533,2.406,0.0
435,914.0,678,True,402.0,403.0,2.7925552475,1.30888481875,223.4044198,104.7107855,4.8,0.0,0.52,2.9,1.38,0.193,0.092,17.0,0.712,0.427,0.0
436,2832.0,704,False,,,893.2495572062501,0.0,71459.9645765,0.0,5.43,0.0,0.0,4.4,1.03,0.294,0.069,0.0,0.362,0.0,0.0
437,148.0,607,True,877.0,881.0,7.678175738749999,2.64845712,614.2540591,211.8765696,15.77,0.0,4.87,7.95,2.95,0.53,0.197,7.0,3.894,3.168,0.0
438,29.0,678,True,376.0,378.0,10.33823381125,1.4709746675,827.0587049,117.6779734,9.08,0.0,2.03,5.48,1.57,0.366,0.104,30.0,1.788,1.317,0.0
439,382.0,706,False,,,229.1986764925,0.0,18335.8941194,0.0,2.93,0.0,0.0,1.98,0.95,0.133,0.063,0.0,0.196,0.0,0.0
440,216.0,645,False,,,232.12965833500002,0.0,18570.3726668,0.0,1.43,0.0,0.0,1.0,0.43,0.066,0.029,0.0,0.095,0.0,0.0
441,500.0,589,True,2072.0,39.0,2.2566843362499998,4.869864615,180.5347469,389.5891692,8.22,0.0,4.45,1.58,2.18,0.105,0.146,125.0,2.393,2.141,0.0
442,47.0,593,True,1502.0,978.0,43.501783235,1.9945926925,3480.1426588,159.5674154,38.57,0.0,4.3,32.17,2.1,2.144,0.14,47.0,5.354,3.07,0.0
443,287.0,623,False,,,437.9403773875,0.0,35035.230191,0.0,2.17,0.0,0.0,1.78,0.38,0.119,0.026,0.0,0.145,0.0,0.0
444,151.0,590,True,989.0,220863.0,27.819553839999998,1.43194523875,2225.5643072,114.5556191,26.45,0.0,3.67,22.38,0.4,1.492,0.027,17.0,5.084,3.566,0.0
445,621.0,657,False,,,647.79891536875,0.0,51823.9132295,0.0,3.33,0.0,0.0,1.23,2.1,0.082,0.14,0.0,0.222,0.0,0.0
446,47.0,627,True,1568.0,1574.0,67.03604090249999,1.82155094625,5362.8832722,145.7240757,38.35,0.0,0.97,36.95,0.43,2.464,0.029,15.0,3.521,1.029,0.0
447,26.0,632,False,,,738.6101025099999,0.0,59088.8082008,0.0,17.07,0.0,0.0,16.32,0.75,1.087,0.05,0.0,1.137,0.0,0.0
448,387.0,708,False,,,438.07749079375,0.0,35046.1992635,0.0,3.57,0.0,0.0,3.22,0.35,0.214,0.023,0.0,0.237,0.0,0.0
449,601.0,633,False,,,547.99817602875,0.0,43839.8540823,0.0,7.98,0.0,0.0,6.12,1.87,0.407,0.124,0.0,0.531,0.0,0.0
450,1778.0,692,False,,,414.02286358875,0.0,33121.8290871,0.0,5.27,0.0,0.0,2.8,2.47,0.187,0.164,0.0,0.351,0.0,0.0
451,53.0,675,False,,,449.72424947125,0.0,35977.9399577,0.0,7.63,0.0,0.0,2.12,5.52,0.142,0.368,0.0,0.509,0.0,0.0
452,425.0,659,True,903.0,905.0,22.252476601250002,1.59281754625,1780.1981281,127.4254037,10.37,0.0,1.55,7.62,1.2,0.508,0.08,27.0,1.828,1.24,0.0
453,119.0,627,True,1563.0,1567.0,9.191551188750001,1.5992450175,735.3240951,127.9396014,10.28,0.0,4.18,5.73,0.37,0.382,0.024,31.0,3.744,3.338,0.0
