Origin,Origin_ZoneName,Origin_Population,Destination,Journey_Type,Uses_Public_Transport,FromStopPointNo,ToStopPointNo,Access_Time_Minutes,Travel_Time_Minutes,Egress_Time_Minutes,Total_Time_Minutes,Access_Distance_Meters,Egress_Distance_Meters,PathIndex,Mapeada_JRT,Mapeada_NTR,Mapeada_RIT,Mapeada_ACT,Mapeada_EGT,Mapeada_ACD,Mapeada_EGD,Mapeada_SFQ,Mapeada_JRD,Mapeada_RID,Mapeada_TWT
1,Abadiño-Zelaieta,1559,901,Public Transport,True,1475.0,1078.0,1.4780678225000001,42.23333333333333,0.9184603362500001,44.62986149208333,118.2454258,73.4768269,12.0,43.27,0,41.77,0.57,0.93,0.037,0.062,36,25.084,24.984,0.0
2,Abanto,25,903,Public Transport,True,610.0,284.0,10.381505725,34.25,,,830.520458,,6.0,34.27,0,26.6,5.13,2.53,0.343,0.169,36,15.709,15.198,0.0
3,Agarre,42,901,Public Transport,True,1390.0,1078.0,6.440452806250001,17.933333333333334,0.9184603362500001,25.292246475833334,515.2362245,73.4768269,59.0,17.93,0,9.95,7.05,0.93,0.47,0.062,63,6.307,5.775,0.0
4,Agirre,22,901,Public Transport,True,1218.0,1078.0,24.44108348625,77.11666666666666,0.9184603362500001,102.47621048916668,1955.2866789,73.4768269,34.0,77.12,2,68.5,7.68,0.93,0.512,0.062,32,40.391,39.817,8.3
5,Agirre-Aperribai,2272,901,Public Transport,True,171.0,1005.0,4.30644740875,13.2,1.089115005,18.59556241375,344.5157927,87.1292004,118.0,13.2,0,9.35,2.75,1.1,0.184,0.074,119,6.348,6.09,0.0
6,Agirre-Areantza-Guzurmendi,1258,904,Public Transport,True,2130.0,1648.0,9.106720335,20.466666666666665,6.839990448749999,36.41337745041667,728.5376268,547.1992359,1.0,20.47,0,7.53,6.9,6.03,0.46,0.402,6,6.164,5.302,0.0
7,Ahedo,102,902,Public Transport,True,786.0,209.0,30.85243540125,94.43333333333334,,,2468.1948321,,5.0,94.43,2,76.53,16.32,1.58,1.087,0.106,7,50.415,49.222,8.85
8,Aita San Migel,194,901,Public Transport,True,1376.0,1078.0,8.880122465,23.266666666666666,0.9184603362500001,33.065249467916665,710.4097972,73.4768269,1.0,23.27,0,14.32,8.02,0.93,0.535,0.062,34,20.037,19.441,0.0
9,Aiuria,52,901,Public Transport,True,1071.0,1078.0,62.69872717,67.56666666666666,0.9184603362500001,131.18385417291665,5015.8981736,73.4768269,17.0,67.57,0,20.88,45.75,0.93,3.05,0.062,16,18.321,15.21,0.0
10,Aketxe,24,904,Public Transport,True,8.0,2219.0,4.60397649,41.66666666666666,0.79330144375,47.06394460041666,368.3181192,63.4641155,11.0,41.67,1,37.87,2.87,0.93,0.191,0.062,21,12.834,12.581,6.65
11,Akorda,34,901,Public Transport,True,1294.0,1078.0,22.08126405125,98.1,0.9184603362500001,121.0997243875,1766.5011241,73.4768269,5.0,98.1,1,81.58,15.58,0.93,1.039,0.062,5,41.072,39.97,25.35
12,Akorda-Bollar,22,901,Public Transport,True,1059.0,1078.0,44.12115105125,87.36666666666666,0.9184603362500001,132.40627805416668,3529.6920841,73.4768269,9.0,87.37,0,45.03,41.4,0.93,2.76,0.062,8,35.684,32.862,0.0
13,Albiz,45,901,Public Transport,True,1266.0,1078.0,51.245595885,89.55,0.9184603362500001,141.71405622125002,4099.6476708,73.4768269,6.0,89.55,0,52.4,36.22,0.93,2.415,0.062,8,36.574,34.097,0.0
14,Albizuelexaga,11,901,Public Transport,True,1557.0,1004.0,11.098961062499999,96.33333333333331,2.95083712375,110.38313151958332,887.916885,236.0669699,5.0,102.45,0,87.32,13.33,1.8,0.889,0.12,4,37.937,36.928,0.0
15,Aldai,296,904,Public Transport,True,1191.0,2220.0,2.75881109625,65.5,0.90773412,69.16654521625,220.7048877,72.6187296,5.0,65.5,1,61.45,3.35,0.7,0.223,0.047,7,19.361,19.09,25.72
16,Aldeacueva,47,902,Public Transport,True,776.0,209.0,97.11262355875,133.18333333333334,,,7769.0098847,,5.0,133.18,2,83.7,47.9,1.58,3.193,0.106,7,60.031,56.732,8.85
17,Aldekona (San Isidro),495,903,Public Transport,True,511.0,2064.0,5.90538161125,31.2,,,472.4305289,,15.0,31.2,0,24.22,4.48,2.5,0.299,0.166,13,15.568,15.103,0.0
18,Alen,7,903,Public Transport,True,727.0,278.0,62.151811695000006,148.4,,,4972.1449356,,5.0,151.93,2,104.72,43.13,4.08,2.876,0.272,5,43.412,40.265,31.5
19,Algorta,37980,903,Public Transport,True,2088.0,2064.0,11.19846875,35.56666666666667,,,895.8775,,33.0,35.57,0,22.4,10.67,2.5,0.711,0.166,29,13.044,12.167,0.0
20,Almika,33,901,Public Transport,True,1219.0,1078.0,23.81799743625,87.05,0.9184603362500001,111.7864577725,1905.4397949,73.4768269,36.0,87.05,2,65.8,20.32,0.93,1.355,0.062,33,39.404,37.987,8.3
21,Alonsotegi,1827,902,Public Transport,True,893.0,249.0,7.378180111250001,17.083333333333332,,,590.2544089,,10.0,17.08,0,12.57,3.0,1.52,0.2,0.101,32,7.634,7.333,0.0
22,Altamira-San Kristobal,828,901,Public Transport,True,1103.0,1078.0,37.666453515,73.48333333333333,0.9184603362500001,112.06824718458334,3013.3162812,73.4768269,18.0,73.48,1,46.53,26.02,0.93,1.734,0.062,17,31.018,29.222,6.07
23,Altzaga,10645,903,Public Transport,True,525.0,278.0,3.1872555399999998,53.91666666666666,,,254.9804432,,8.0,56.53,1,51.2,2.83,2.5,0.189,0.166,32,16.641,16.285,11.87
24,Altzuaga,25,901,Public Transport,True,33541.0,1078.0,35.595885894999995,50.16666666666666,0.9184603362500001,86.68101289791666,2847.6708716,73.4768269,35.0,50.17,0,29.43,19.8,0.93,1.32,0.062,35,23.185,21.803,0.0
25,Altzusta,125,901,Public Transport,True,33541.0,1078.0,3.51549720625,34.6,0.9184603362500001,39.0339575425,281.2397765,73.4768269,30.0,34.6,0,29.43,4.23,0.93,0.283,0.062,30,22.148,21.803,0.0
26,Ambasaguas,440,902,Public Transport,True,784.0,209.0,3.1005035199999997,81.95,,,248.0402816,,5.0,81.95,2,78.25,2.12,1.58,0.141,0.106,7,50.861,50.614,8.85
27,Ametzaga,91,904,Public Transport,True,1148.0,2220.0,11.47727080125,40.2,0.90773412,52.585004921250004,918.1816641,72.6187296,4.0,40.2,1,29.43,10.07,0.7,0.671,0.047,15,17.086,16.368,1.15
28,Amorebieta,17603,901,Public Transport,True,1073.0,1078.0,2.8749088825,14.416666666666666,0.9184603362500001,18.210035885416666,229.9927106,73.4768269,31.0,14.42,0,11.33,2.15,0.93,0.143,0.062,35,9.176,8.971,0.0
29,Andaparaluzeta,23,901,Public Transport,True,1836.0,1078.0,30.595210406249997,62.11666666666667,0.9184603362500001,93.63033740916667,2447.6168325,73.4768269,10.0,62.12,0,44.12,17.07,0.93,1.138,0.062,15,30.015,28.815,0.0
30,Andeko,36,904,Public Transport,True,1191.0,2220.0,9.381552786250001,69.4,0.90773412,79.68928690625,750.5242229,72.6187296,3.0,69.4,1,61.45,7.25,0.7,0.483,0.047,5,19.62,19.09,25.72
31,Andra Mari Getxo,13139,903,Public Transport,True,30.0,2064.0,10.88420359875,34.916666666666664,,,870.7362879,,20.0,34.92,0,26.07,6.35,2.5,0.423,0.166,18,14.444,13.855,0.0
32,Andra Mari Morga,100,901,Public Transport,True,1706.0,1078.0,2.15254951875,28.933333333333334,0.9184603362500001,32.00434318833334,172.2039615,73.4768269,2.0,28.93,1,26.2,1.8,0.93,0.12,0.062,4,14.392,14.21,3.88
33,Andraka,167,903,Public Transport,True,2106.0,284.0,1.550153175,72.93333333333334,,,124.012254,,19.0,86.73,1,82.73,1.5,2.5,0.1,0.166,15,33.355,33.089,24.53
34,Apatamonasterio,934,901,Public Transport,True,1479.0,1078.0,5.13797641375,52.21666666666667,0.9184603362500001,58.273103416666665,411.0381131,73.4768269,12.0,53.08,0,47.47,4.68,0.93,0.312,0.062,36,28.439,28.065,0.0
35,Arakaldo,5,901,Public Transport,True,1564.0,1005.0,20.7173559775,55.25,1.089115005,77.0564709825,1657.3884782,87.1292004,30.0,55.25,0,45.15,9.0,1.1,0.601,0.074,27,21.549,20.875,0.0
36,Arana,1543,901,Public Transport,True,1066.0,1078.0,5.0753008625,34.46666666666667,0.9184603362500001,40.46042786541667,406.024069,73.4768269,17.0,34.47,0,28.63,4.9,0.93,0.327,0.062,16,22.374,21.984,0.0
37,Aranguren,1909,903,Public Transport,True,637.0,283.0,4.11514505625,38.31666666666667,,,329.2116045,,13.0,38.32,0,32.08,2.15,4.08,0.143,0.272,14,23.459,23.044,0.0
38,Arantxe,81,901,Public Transport,True,1392.0,1078.0,7.4956466187499995,12.433333333333334,0.9184603362500001,20.84744028833333,599.6517295,73.4768269,2.0,12.43,0,7.45,4.05,0.93,0.27,0.062,65,4.738,4.405,0.0
39,Arantzazugoiti,32,901,Public Transport,True,1529.0,1078.0,4.746733186249999,23.4,0.9184603362500001,29.065193522499996,379.7386549,73.4768269,31.0,23.4,0,18.45,4.02,0.93,0.267,0.062,31,12.278,11.949,0.0
40,Arbildu,20,901,Public Transport,True,1316.0,1078.0,9.069443665,61.18333333333333,0.9184603362500001,71.17123733458334,725.5554932,73.4768269,2.0,61.18,1,57.27,2.98,0.93,0.199,0.062,14,26.809,26.547,10.05
41,Arbuio,247,902,Public Transport,True,890.0,249.0,2.22072758625,18.883333333333333,,,177.6582069,,37.0,18.88,0,14.88,2.48,1.52,0.165,0.101,32,9.118,8.852,0.0
42,Areatza,1245,901,Public Transport,True,1523.0,1078.0,3.34813628,26.23333333333333,0.9184603362500001,30.49992994958333,267.8509024,73.4768269,31.0,26.23,0,23.63,1.67,0.93,0.111,0.062,31,17.053,16.879,0.0
43,Areeta/Las Arenas,25409,903,Public Transport,True,6.0,2064.0,7.27476440375,31.816666666666663,,,581.9811523,,25.0,31.82,0,21.77,7.55,2.5,0.503,0.166,21,11.434,10.765,0.0
44,Areiltza-Olatzar,76,901,Public Transport,True,1322.0,1078.0,1.56526593375,56.083333333333336,0.9184603362500001,58.567059603333334,125.2212747,73.4768269,2.0,56.08,1,53.37,1.78,0.93,0.119,0.062,11,24.543,24.363,10.05
45,Areitio,35,901,Public Transport,True,1422.0,1078.0,8.7827784675,41.8,0.9184603362500001,51.50123880375,702.6222774,73.4768269,8.0,41.8,1,33.05,7.82,0.93,0.521,0.062,20,32.087,31.503,0.4
46,Arenao,7,903,Public Transport,True,1744.0,284.0,9.96026555625,53.15,,,796.8212445,,4.0,59.0,0,52.08,4.38,2.53,0.292,0.169,21,25.028,24.568,0.0
47,Arene,487,901,Public Transport,True,1567.0,1005.0,1.6271509600000003,44.93333333333333,1.089115005,47.64959929833333,130.1720768,87.1292004,30.0,44.93,0,41.92,1.92,1.1,0.128,0.074,27,18.927,18.725,0.0
48,Aretxalde,544,903,Public Transport,True,463.0,278.0,15.09329468125,52.46666666666667,,,1207.4635745,,19.0,52.97,1,48.07,2.4,2.5,0.16,0.166,19,21.885,21.558,12.77
49,Arizgoiti,33744,901,Public Transport,True,196.0,1005.0,4.25314280625,18.7,1.089115005,24.04225781125,340.2514245,87.1292004,57.0,19.62,0,15.43,2.38,1.8,0.159,0.12,68,8.146,7.867,0.0
50,Arkotxa,900,901,Public Transport,True,1356.0,1005.0,4.8836529275,13.2,1.089115005,19.172767932499998,390.6922342,87.1292004,113.0,14.03,0,9.33,3.6,1.1,0.241,0.074,123,5.068,4.754,0.0
51,Arkulanda,66,901,Public Transport,True,1320.0,1078.0,2.85127564125,58.16666666666666,0.9184603362500001,61.936402644166655,228.1020513,73.4768269,2.0,58.17,1,54.75,2.48,0.93,0.165,0.062,11,25.373,25.145,10.05
52,Armintza,608,903,Public Transport,True,2109.0,2064.0,0.40829834624999994,92.11666666666666,,,32.6638677,,14.0,92.12,2,89.42,0.2,2.5,0.014,0.166,25,37.698,37.518,25.43
53,Armotxerria,48,901,Public Transport,True,1109.0,1078.0,12.053583858749999,49.35,0.9184603362500001,62.322044195,964.2867087,73.4768269,18.0,49.35,1,40.25,8.17,0.93,0.544,0.062,17,24.752,24.146,6.07
54,Arraibi,365,901,Public Transport,True,1536.0,1078.0,0.86095978875,11.083333333333334,0.9184603362500001,12.862753458333334,68.8767831,73.4768269,2.0,11.08,0,9.33,0.82,0.93,0.055,0.062,60,5.893,5.777,0.0
55,Arraño,53,901,Public Transport,True,331603.0,1078.0,35.40212754125,28.916666666666668,0.9184603362500001,65.23725454416667,2832.1702033,73.4768269,45.0,28.92,0,12.1,15.88,0.93,1.058,0.062,43,8.343,7.222,0.0
56,Arrazola,58,901,Public Transport,True,2232.0,1078.0,1.21346450125,59.1,0.9184603362500001,61.2319248375,97.0771601,73.4768269,4.0,59.1,1,56.62,1.55,0.93,0.103,0.062,14,32.64,32.475,16.25
57,Arriaga,512,903,Public Transport,True,92.0,2064.0,20.58174676875,34.266666666666666,,,1646.5397415,,9.0,34.27,1,24.27,7.5,2.5,0.5,0.166,11,11.924,11.258,4.43
58,Arrigorriaga,6159,901,Public Transport,True,203.0,1004.0,4.9353690225,32.63333333333333,2.95083712375,40.51953947958333,394.8295218,236.0669699,40.0,32.63,0,28.52,2.32,1.8,0.155,0.12,36,11.966,11.691,0.0
59,Arta,30,901,Public Transport,True,999.0,1078.0,43.771411756250004,55.18333333333333,0.9184603362500001,99.87320542583333,3501.7129405,73.4768269,5.0,55.18,0,37.68,16.57,0.93,1.105,0.062,15,37.246,36.079,0.0
60,Artatza,925,904,Public Transport,True,41.0,2219.0,7.132207124999999,30.08333333333333,0.79330144375,38.00884190208333,570.57657,63.4641155,9.0,30.08,0,24.15,5.0,0.93,0.334,0.062,15,10.925,10.529,0.0
61,Artatzagana,1185,904,Public Transport,True,2150.0,1594.0,1.05851567875,29.266666666666666,6.41921255125,36.74439489666666,84.6812543,513.5370041,11.0,29.27,0,22.55,0.87,5.85,0.058,0.39,22,11.15,10.703,0.0
62,Arteaga (San Martin),2381,903,Public Transport,True,466.0,2064.0,2.00973798375,45.03333333333333,,,160.7790387,,6.0,45.03,1,40.33,2.2,2.5,0.146,0.166,15,16.808,16.495,12.77
63,Arteaga Derio,3761,903,Public Transport,True,512.0,2064.0,15.53450215,33.55,,,1242.760172,,15.0,33.55,0,21.87,9.18,2.5,0.612,0.166,13,15.093,14.314,0.0
64,Aspiuntza,30,901,Public Transport,True,1348.0,1005.0,53.8101867725,66.25,1.089115005,121.1493017775,4304.8149418,87.1292004,43.0,66.25,0,33.25,31.9,1.1,2.126,0.074,40,16.077,13.877,0.0
65,Asteitza,45,901,Public Transport,True,1394.0,1078.0,5.4229442325,11.416666666666666,0.9184603362500001,17.758071235416665,433.8355386,73.4768269,2.0,11.42,0,4.12,6.37,0.93,0.424,0.062,65,3.019,2.532,0.0
66,Astepe,50,901,Public Transport,True,1388.0,1078.0,1.8441773824999999,15.116666666666667,0.9184603362500001,17.879304385416667,147.5341906,73.4768269,29.0,15.12,0,12.83,1.35,0.93,0.09,0.062,30,8.74,8.587,0.0
67,Asterria,43,901,Public Transport,True,2174.0,1078.0,30.140410107500003,39.35,0.9184603362500001,70.40887044375,2411.2328086,73.4768269,34.0,39.35,0,25.53,12.88,0.93,0.859,0.062,34,19.1,18.178,0.0
68,Asterrika,28,901,Public Transport,True,1490.0,1078.0,37.09289674875,72.56666666666666,0.9184603362500001,110.57802375166668,2967.4317399,73.4768269,5.0,72.57,0,60.93,10.7,0.93,0.713,0.062,15,51.763,50.987,0.0
69,Astrabudua,10312,903,Public Transport,True,56.0,283.0,11.02825626875,46.03333333333333,,,882.2605015,,35.0,46.03,2,34.05,7.9,4.08,0.527,0.272,31,13.563,12.764,4.17
70,Atxondoa,53,901,Public Transport,True,1107.0,1078.0,3.624252665,45.8,0.9184603362500001,50.34271300125,289.9402132,73.4768269,18.0,45.8,1,42.13,2.73,0.93,0.182,0.062,17,25.376,25.132,6.07
71,Atxuri,155,904,Public Transport,True,1631.0,2220.0,9.444788749999999,29.98333333333333,0.90773412,40.33585620333333,755.5831,72.6187296,15.0,29.98,0,18.48,10.8,0.7,0.719,0.047,15,12.144,11.378,0.0
72,Aulesti,372,901,Public Transport,True,1257.0,1078.0,3.84506127,71.61666666666666,0.9184603362500001,76.38018827291667,307.6049016,73.4768269,6.0,71.62,0,67.65,3.03,0.93,0.202,0.062,8,44.102,43.838,0.0
73,Axpe-San Bartolome,787,901,Public Transport,True,1101.0,1078.0,1.0279030275,51.81666666666667,0.9184603362500001,53.76303003041667,82.2322422,73.4768269,18.0,51.82,1,49.55,1.33,0.93,0.089,0.062,17,31.054,30.903,6.07
74,Azurreka,33,901,Public Transport,True,1536.0,1078.0,9.93493330375,18.716666666666665,0.9184603362500001,29.570060306666665,794.7946643,73.4768269,2.0,18.72,0,9.33,8.45,0.93,0.563,0.062,64,6.402,5.777,0.0
75,Bakixa,22,901,Public Transport,True,1413.0,1078.0,29.231624,34.71666666666667,0.9184603362500001,64.86675100291667,2338.52992,73.4768269,36.0,38.87,0,22.25,15.68,0.93,1.046,0.062,38,17.478,16.37,0.0
76,Baldatika,32,901,Public Transport,True,1109.0,1078.0,38.3176875575,73.38333333333334,0.9184603362500001,112.61948122708336,3065.4150046,73.4768269,18.0,73.38,1,40.25,32.2,0.93,2.147,0.062,17,26.355,24.146,6.07
77,Balmaseda,7575,903,Public Transport,True,679.0,283.0,14.315896731250001,63.833333333333336,,,1145.2717385,,13.0,63.83,0,51.42,8.33,4.08,0.556,0.272,14,37.451,36.624,0.0
78,Barainka,6,901,Public Transport,True,1047.0,1078.0,19.47149238625,92.13333333333334,0.9184603362500001,112.52328605583335,1557.7193909,73.4768269,9.0,92.13,0,70.85,20.35,0.93,1.357,0.062,8,50.226,48.807,0.0
79,Baratz Eder,89,901,Public Transport,True,1219.0,1078.0,9.524628674999999,75.15,0.9184603362500001,85.59308901125002,761.970294,73.4768269,23.0,78.48,1,62.65,14.9,0.93,0.993,0.062,17,38.359,37.304,6.07
80,Bargondia,56,901,Public Transport,True,1975.0,1078.0,45.26120641875,42.0,0.9184603362500001,88.179666755,3620.8965135,73.4768269,10.0,42.0,0,27.47,13.6,0.93,0.907,0.062,15,16.71,15.741,0.0
81,Basauntz,59,901,Public Transport,True,1532.0,1078.0,10.751323935,17.25,0.9184603362500001,28.919784271250002,860.1059148,73.4768269,39.0,17.25,0,14.68,1.63,0.93,0.109,0.062,37,9.964,9.793,0.0
82,Baserri-Santa Ana,2494,904,Public Transport,True,2077.0,2219.0,4.91335080375,21.966666666666665,0.79330144375,27.673318914166664,393.0680643,63.4641155,9.0,21.97,0,17.15,3.88,0.93,0.258,0.062,15,7.056,6.736,0.0
83,Basetxeta-Atxoste,24,901,Public Transport,True,1059.0,1078.0,16.383018817499998,63.03333333333333,0.9184603362500001,80.33481248708334,1310.6415054,73.4768269,9.0,63.03,0,45.03,17.07,0.93,1.137,0.062,8,34.062,32.862,0.0
84,Basozabal,3737,903,Public Transport,True,475.0,2064.0,1.154984505,21.866666666666667,,,92.3987604,,15.0,21.87,0,17.92,1.45,2.5,0.096,0.166,13,11.612,11.35,0.0
85,Batiz,37,904,Public Transport,True,1192.0,2220.0,25.36070007375,68.76666666666667,0.90773412,95.03510086041666,2028.8560059,72.6187296,3.0,68.77,1,58.88,9.18,0.7,0.612,0.047,5,18.198,17.539,25.72
86,Bedaroa,38,901,Public Transport,True,1862.0,1078.0,0.7940414474999999,69.96666666666667,0.9184603362500001,71.67916845041668,63.5233158,73.4768269,9.0,69.97,0,68.45,0.58,0.93,0.038,0.062,8,47.115,47.014,0.0
87,Begoñako Ama,35,904,Public Transport,True,7.0,2219.0,7.14562119,46.55,0.79330144375,54.48892263375,571.6496952,63.4641155,11.0,46.55,1,40.6,5.02,0.93,0.334,0.062,21,13.902,13.505,6.65
88,Bekea,71,901,Public Transport,True,957.0,1005.0,7.066631940000001,10.166666666666666,1.089115005,18.322413611666665,565.3305552,87.1292004,134.0,10.17,0,2.47,6.6,1.1,0.44,0.074,136,2.575,2.062,0.0
89,Bengoetxea,45,901,Public Transport,True,1561.0,1004.0,1.2752569037500001,76.01666666666667,2.95083712375,80.24276069416668,102.0205523,236.0669699,20.0,78.23,0,75.67,0.77,1.8,0.051,0.12,23,32.822,32.65,0.0
90,Berango,4544,904,Public Transport,True,2080.0,2219.0,5.86429660625,20.2,0.79330144375,26.85759805,469.1437285,63.4641155,1.0,20.2,0,14.35,4.92,0.93,0.328,0.062,22,5.981,5.592,0.0
91,Bermeo,16507,901,Public Transport,True,1096.0,1078.0,3.7924819800000003,67.13333333333334,0.9184603362500001,71.84427564958335,303.3985584,73.4768269,18.0,67.13,1,62.65,3.55,0.93,0.237,0.062,17,37.602,37.304,6.07
92,Bernagoitia,36,901,Public Transport,True,1413.0,1078.0,35.8706173075,40.05,0.9184603362500001,76.83907764375,2869.6493846,73.4768269,36.0,44.1,0,22.25,20.92,0.93,1.394,0.062,38,17.827,16.37,0.0
93,Bernales,26,902,Public Transport,True,750.0,209.0,63.192455582499996,129.38333333333333,,,5055.3964466,,5.0,129.38,2,79.62,48.18,1.58,3.213,0.106,7,55.49,52.171,8.85
94,Berreagamendi,2046,904,Public Transport,True,1692.0,2220.0,0.4115104025,44.516666666666666,0.90773412,45.835911189166666,32.9208322,72.6187296,2.0,44.52,1,43.32,0.5,0.7,0.034,0.047,15,19.323,19.243,5.5
95,Berrio-Aldape,100,901,Public Transport,True,1483.0,1078.0,32.49465461,79.13333333333334,0.9184603362500001,112.54644827958334,2599.5723688,73.4768269,31.0,79.13,0,54.0,24.2,0.93,1.613,0.062,30,33.59,31.914,0.0
96,Berriz-Olakueta,3804,901,Public Transport,True,1714.0,1078.0,2.1402040225,28.08333333333333,0.9184603362500001,31.14199769208333,171.2163218,73.4768269,5.0,28.08,0,23.4,3.75,0.93,0.25,0.062,15,27.486,27.174,0.0
97,Bezi,36,903,Public Transport,True,811.0,278.0,15.73442221625,87.03333333333333,,,1258.7537773,,6.0,90.57,1,72.3,14.18,4.08,0.946,0.272,7,32.504,31.287,12.52
98,Biáñez,79,902,Public Transport,True,748.0,209.0,17.8635540625,91.5,,,1429.084325,,5.0,91.5,2,76.98,12.93,1.58,0.862,0.106,7,50.552,49.584,8.85
99,Bidekoetxea,41,901,Public Transport,True,1394.0,1078.0,2.3134517312500003,7.616666666666666,0.9184603362500001,10.848578734166667,185.0761385,73.4768269,2.0,7.62,0,4.12,2.57,0.93,0.171,0.062,65,2.766,2.532,0.0
100,Bikarregi,94,901,Public Transport,True,1973.0,1078.0,40.08112193875,50.6,0.9184603362500001,91.59958227500002,3206.4897551,73.4768269,15.0,50.6,0,24.37,25.3,0.93,1.687,0.062,15,15.875,14.126,0.0
101,Bilbao,348605,902,Public Transport,True,1823.0,209.0,3.880949215,10.216666666666669,,,310.4759372,,127.0,11.03,0,2.73,6.72,1.58,0.448,0.106,207,1.883,1.33,0.0
102,Bolibar,174,901,Public Transport,True,1493.0,1078.0,25.32566284875,69.73333333333333,0.9184603362500001,95.97745651833334,2026.0530279,73.4768269,15.0,69.73,0,41.45,27.35,0.93,1.823,0.062,15,40.308,38.422,0.0
103,Bollain,36,902,Public Transport,True,784.0,209.0,21.2243718575,94.83333333333331,,,1697.9497486,,5.0,94.83,2,78.25,15.0,1.58,1.0,0.106,7,51.72,50.614,8.85
104,Bolunburu,40,901,Public Transport,True,1389.0,1078.0,3.2052226662499996,17.216666666666665,0.9184603362500001,21.340349669166663,256.4178133,73.4768269,29.0,17.22,0,11.33,4.95,0.93,0.33,0.062,30,7.42,7.027,0.0
105,Botiola,36,904,Public Transport,True,1761.0,2220.0,25.55555867625,63.95,0.90773412,90.41329279625,2044.4446941,72.6187296,1.0,63.95,1,44.75,18.5,0.7,1.233,0.047,2,20.667,19.388,9.52
106,Brisketa,27,901,Public Transport,True,182.0,1005.0,24.8330889525,35.36666666666667,1.089115005,61.28887062416666,1986.6471162,87.1292004,1.0,35.37,0,22.3,11.97,1.1,0.798,0.074,51,10.429,9.557,0.0
107,Burbustu-Altamira,6,901,Public Transport,True,178.0,1004.0,31.48797414875,45.5,2.95083712375,79.9388112725,2519.0379319,236.0669699,52.0,45.5,0,27.62,16.08,1.8,1.072,0.12,46,12.708,11.515,0.0
108,Cadegal,27,903,Public Transport,True,587.0,284.0,27.267207685,25.183333333333334,,,2181.3766148,,4.0,25.18,0,12.73,9.92,2.53,0.661,0.169,31,9.742,8.913,0.0
109,Centro Civico,743,904,Public Transport,True,11.0,2219.0,2.5115688425,29.116666666666667,0.79330144375,32.42153695291667,200.9255074,63.4641155,9.0,29.12,0,26.4,1.78,0.93,0.119,0.062,15,11.641,11.46,0.0
110,Cobarón,81,903,Public Transport,True,710.0,284.0,0.96348907,57.2,,,77.0791256,,1.0,60.57,1,55.85,0.63,4.08,0.042,0.272,8,23.705,23.391,0.03
111,Concha,452,902,Public Transport,True,750.0,209.0,1.71496319,83.23333333333333,,,137.1970552,,5.0,83.23,2,79.62,2.03,1.58,0.135,0.106,7,52.413,52.171,8.85
112,Cotorrio,25,903,Public Transport,True,580.0,284.0,31.34191632125,40.93333333333333,,,2507.3533057,,6.0,48.7,0,32.57,13.6,2.53,0.907,0.169,38,18.348,17.273,0.0
113,Cueto,36,902,Public Transport,True,2185.0,209.0,21.82204902625,94.23333333333332,,,1745.7639221,,1.0,94.23,3,78.85,13.8,1.58,0.92,0.106,2,42.482,41.456,19.78
114,Demiku,22,901,Public Transport,True,1096.0,1078.0,20.80055230125,79.51666666666667,0.9184603362500001,101.23567930416667,1664.0441841,73.4768269,18.0,79.52,1,62.65,15.93,0.93,1.063,0.062,17,38.429,37.304,6.07
115,Doneztebe,5752,901,Public Transport,True,169.0,1005.0,3.8122406362500003,17.133333333333333,1.089115005,22.034688974583332,304.9792509,87.1292004,70.0,17.13,0,12.33,3.7,1.1,0.246,0.074,70,8.286,7.966,0.0
116,Dudea,25,901,Public Transport,True,1382.0,1078.0,12.167667668750001,31.866666666666667,0.9184603362500001,44.952794671666666,973.4134135,73.4768269,37.0,31.87,0,19.75,11.18,0.93,0.745,0.062,38,14.344,13.537,0.0
117,Durandio,7,901,Public Transport,True,1393.0,1078.0,17.567223103750003,12.216666666666669,0.9184603362500001,30.70235010666667,1405.3778483,73.4768269,2.0,12.22,0,6.43,4.85,0.93,0.323,0.062,65,3.942,3.556,0.0
118,Durango,29816,901,Public Transport,True,1375.0,1078.0,7.9867151737499995,23.95,0.9184603362500001,32.85517551,638.9372139,73.4768269,13.0,23.95,0,15.3,7.72,0.93,0.515,0.062,34,20.63,20.054,0.0
119,Ea,448,901,Public Transport,True,1048.0,1078.0,1.83149356375,65.45,0.9184603362500001,68.19995390000001,146.5194851,73.4768269,9.0,65.45,0,63.17,1.35,0.93,0.09,0.062,8,44.736,44.583,0.0
120,Eitzaga,78,901,Public Transport,True,1419.0,1078.0,36.539156758749996,63.7,0.9184603362500001,101.157617095,2923.1325407,73.4768269,9.0,63.7,1,37.92,24.85,0.93,1.656,0.062,36,37.699,35.981,0.4
121,El Callejo,72,902,Public Transport,True,786.0,209.0,0.3399924,78.9,,,27.199392,,5.0,78.9,2,76.53,0.78,1.58,0.052,0.106,7,49.38,49.222,8.85
122,El Campillo,31,903,Public Transport,True,620.0,284.0,1.921460905,35.96666666666667,,,153.7168724,,8.0,38.48,0,22.57,13.38,2.53,0.892,0.169,41,14.743,13.682,0.0
123,El Casal,482,903,Public Transport,True,624.0,284.0,2.2804269475,23.78333333333333,,,182.4341558,,4.0,23.78,0,19.43,1.82,2.53,0.121,0.169,31,12.796,12.506,0.0
124,El Castaño,251,903,Public Transport,True,662.0,284.0,0.31281822375,61.38333333333333,,,25.0254579,,14.0,61.38,1,58.22,0.63,2.53,0.042,0.169,14,27.789,27.578,7.52
125,El Puerto,159,903,Public Transport,True,561.0,245.0,3.2140743487500005,45.38333333333333,,,257.1259479,,11.0,45.38,1,38.03,2.78,4.57,0.185,0.304,28,15.199,14.71,4.82
126,El Ventorro,30,903,Public Transport,True,1744.0,284.0,1.75861780625,50.36666666666667,,,140.6894245,,4.0,56.53,0,52.08,1.92,2.53,0.128,0.169,21,24.864,24.568,0.0
127,El Villar,26,903,Public Transport,True,417.0,284.0,10.6187403575,31.85,,,849.4992286,,135.0,31.85,1,24.1,5.22,2.53,0.348,0.169,108,13.656,13.14,2.85
128,Elantxobe,337,901,Public Transport,True,1032.0,1078.0,0.794466335,54.15,0.9184603362500001,55.86292667125,63.5573068,73.4768269,9.0,54.15,0,52.55,0.67,0.93,0.044,0.062,8,38.419,38.313,0.0
129,Eleizaldea,113,901,Public Transport,True,1252.0,1078.0,0.7308817237499999,77.21666666666667,0.9184603362500001,78.86600872666668,58.4705379,73.4768269,6.0,77.22,0,75.82,0.47,0.93,0.031,0.062,8,49.178,49.085,0.0
130,Elexabeitia,31,901,Public Transport,True,1328.0,1078.0,9.5321865675,30.98333333333333,0.9184603362500001,41.43398023708333,762.5749254,73.4768269,32.0,30.98,0,21.05,9.0,0.93,0.6,0.062,32,15.818,15.156,0.0
131,Elexalde Amoroto,171,901,Public Transport,True,1246.0,1078.0,21.58872579125,96.65,0.9184603362500001,119.15718612750001,1727.0980633,73.4768269,16.0,96.65,0,78.9,16.82,0.93,1.121,0.062,24,52.763,51.58,0.0
132,Elexalde Bakio,368,904,Public Transport,True,1142.0,2220.0,5.66922335,48.86666666666667,0.90773412,55.44362413666667,453.537868,72.6187296,4.0,48.87,1,42.88,5.28,0.7,0.352,0.047,15,23.523,23.124,1.37
133,Elexalde Basauri,3445,901,Public Transport,True,182.0,1005.0,3.97670309875,27.266666666666666,1.089115005,32.33248477041667,318.1362479,87.1292004,1.0,27.27,0,22.3,3.87,1.1,0.258,0.074,40,9.889,9.557,0.0
134,Elexalde Bedia,335,901,Public Transport,True,1394.0,1078.0,1.9822940137500002,7.3,0.9184603362500001,10.20075435,158.5835211,73.4768269,2.0,7.3,0,4.12,2.25,0.93,0.149,0.062,65,2.744,2.532,0.0
135,Elexalde Derio,753,903,Public Transport,True,1126.0,2064.0,11.90212889625,32.53333333333333,,,952.1703117,,15.0,32.53,0,25.27,4.77,2.5,0.318,0.166,13,16.072,15.588,0.0
136,Elexalde Forua,474,901,Public Transport,True,1107.0,1078.0,3.1823045037499997,44.36666666666667,0.9184603362500001,48.467431506666664,254.5843603,73.4768269,18.0,44.37,1,42.13,1.3,0.93,0.086,0.062,17,25.28,25.132,6.07
137,Elexalde Galdakao,300,901,Public Transport,True,957.0,1005.0,13.24061896375,10.566666666666666,1.089115005,24.896400635416665,1059.2495171,87.1292004,145.0,10.57,0,2.47,7.0,1.1,0.466,0.074,147,2.602,2.062,0.0
138,Elexalde Gamiz,183,904,Public Transport,True,1761.0,2220.0,2.12009847875,47.9,0.90773412,50.92783259875,169.6078783,72.6187296,1.0,47.9,1,44.75,2.45,0.7,0.164,0.047,2,19.598,19.388,9.52
139,Elexalde Gorliz,3851,904,Public Transport,True,2188.0,1648.0,5.32926149125,20.316666666666663,6.839990448749999,32.485918606666665,426.3409193,547.1992359,1.0,20.32,0,10.12,4.17,6.03,0.277,0.402,6,7.451,6.772,0.0
140,Elexalde Ibarrangelu,431,901,Public Transport,True,1055.0,1078.0,9.233441205,56.266666666666666,0.9184603362500001,66.41856820791668,738.6752964,73.4768269,9.0,56.27,0,49.18,6.15,0.93,0.41,0.062,8,37.063,36.591,0.0
141,Elexalde Igorre,1765,901,Public Transport,True,1660.0,1078.0,2.26345908875,18.416666666666668,0.9184603362500001,21.598586091666668,181.0767271,73.4768269,42.0,18.42,0,15.88,1.6,0.93,0.106,0.062,40,10.805,10.636,0.0
142,Elexalde Larrabetzu,93,901,Public Transport,True,455.0,1078.0,1.57128476625,12.95,0.9184603362500001,15.4397451025,125.7027813,73.4768269,10.0,12.95,0,10.47,1.55,0.93,0.103,0.062,10,7.334,7.168,0.0
143,Elexalde Laukiz,165,903,Public Transport,True,1802.0,2064.0,2.671775835,63.516666666666666,,,213.7420668,,6.0,63.52,1,59.37,1.65,2.5,0.111,0.166,16,27.316,27.04,0.07
144,Elexalde Leioa,9378,904,Public Transport,True,10.0,2219.0,5.2774690725,30.25,0.79330144375,36.32077051625,422.1975258,63.4641155,9.0,30.25,0,27.32,2.0,0.93,0.134,0.062,15,12.035,11.839,0.0
145,Elexalde Mendata,78,901,Public Transport,True,1268.0,1078.0,23.5408681925,67.35,0.9184603362500001,91.80932852875,1883.2694554,73.4768269,6.0,67.35,0,50.03,16.38,0.93,1.092,0.062,8,33.713,32.559,0.0
146,Elexalde Nabarniz,91,901,Public Transport,True,1723.0,1078.0,52.81648708,114.53333333333332,0.9184603362500001,168.2682807495833,4225.3189664,73.4768269,6.0,114.53,0,64.87,48.73,0.93,3.249,0.062,8,45.794,42.483,0.0
147,Elexalde Orduña,13,901,Public Transport,True,1939.0,1005.0,48.338551977499996,105.55,1.089115005,154.97766698249998,3867.0841582,87.1292004,8.0,105.55,0,77.62,26.83,1.1,1.789,0.074,7,41.146,39.283,0.0
148,Elexalde Barrika,722,904,Public Transport,True,2161.0,1648.0,4.14315231625,21.98333333333333,6.839990448749999,32.96647609833333,331.4521853,547.1992359,3.0,21.98,1,13.32,2.63,6.03,0.176,0.402,5,9.572,8.994,0.12
149,Elexalde-Olabarri,26,901,Public Transport,True,1166.0,1005.0,41.35772534125,67.93333333333334,1.089115005,110.38017367958334,3308.6180273,87.1292004,7.0,67.93,2,42.4,24.43,1.1,1.629,0.074,6,23.504,21.801,4.65
150,Elexalde-Zeeta,93,901,Public Transport,True,1059.0,1078.0,21.047212135000002,65.96666666666667,0.9184603362500001,87.93233913791667,1683.7769708,73.4768269,9.0,65.97,0,45.03,20.0,0.93,1.333,0.062,8,34.258,32.862,0.0
151,Elguero,115,903,Public Transport,True,832.0,284.0,7.4525528925,15.283333333333331,,,596.2042314,,2.0,15.28,0,9.27,3.48,2.53,0.232,0.169,36,5.527,5.126,0.0
152,Elizondo,138,901,Public Transport,True,1392.0,1078.0,6.464095777500001,13.283333333333331,0.9184603362500001,20.66588944708333,517.1276622,73.4768269,2.0,13.28,0,7.45,4.9,0.93,0.326,0.062,65,4.794,4.405,0.0
153,Elorriaga,20,901,Public Transport,True,1537.0,1078.0,21.35596018375,33.983333333333334,0.9184603362500001,56.257753853333334,1708.4768147,73.4768269,25.0,33.98,1,15.33,17.72,0.93,1.181,0.062,45,9.708,8.465,0.1
154,Elorrio,6578,901,Public Transport,True,1485.0,1078.0,5.22370247625,58.8,0.9184603362500001,64.9421628125,417.8961981,73.4768269,31.0,58.8,0,52.45,5.42,0.93,0.361,0.062,30,31.722,31.298,0.0
155,Elortza,1589,904,Public Transport,True,1647.0,2220.0,3.451545445,6.4,0.90773412,10.759279565,276.1236356,72.6187296,2.0,6.4,0,3.37,2.33,0.7,0.156,0.047,21,1.315,1.112,0.0
156,Elotxelerri,418,903,Public Transport,True,473.0,2064.0,1.7098828950000002,22.716666666666665,,,136.7906316,,15.0,22.72,0,18.98,1.23,2.5,0.082,0.166,13,12.457,12.209,0.0
157,Erandiogoikoa,988,903,Public Transport,True,1809.0,2064.0,6.31785039875,16.8,,,505.4280319,,15.0,16.8,0,11.77,2.53,2.5,0.169,0.166,13,8.098,7.762,0.0
158,Erbera,441,901,Public Transport,True,978.0,1078.0,33.59047823625,83.23333333333333,0.9184603362500001,117.74227190583335,2687.2382589,73.4768269,5.0,83.23,0,46.23,36.07,0.93,2.405,0.062,15,44.052,41.585,0.0
159,Ergoien Gamiz,89,904,Public Transport,True,1765.0,2220.0,1.66877621,43.55,0.90773412,46.126510329999995,133.5020968,72.6187296,1.0,43.55,1,41.05,1.8,0.7,0.121,0.047,2,17.383,17.216,9.52
160,Ergoien Maruri,311,904,Public Transport,True,1613.0,2220.0,4.695260245,36.583333333333336,0.90773412,42.186327698333336,375.6208196,72.6187296,15.0,36.58,1,31.65,4.23,0.7,0.282,0.047,15,10.316,9.988,16.7
161,Ermitabarri-Ibarra,37,901,Public Transport,True,1327.0,1078.0,2.0104280012499998,49.7,0.9184603362500001,52.6288883375,160.8342401,73.4768269,2.0,49.7,1,47.23,1.53,0.93,0.102,0.062,9,21.094,20.929,10.05
162,Ermua,15615,901,Public Transport,True,1420.0,1078.0,2.4948969174999998,39.86666666666667,0.9184603362500001,43.28002392041667,199.5917534,73.4768269,8.0,39.87,1,36.15,2.78,0.93,0.185,0.062,25,35.289,35.042,0.4
163,Eroso-Ugarte,33,901,Public Transport,True,1395.0,1078.0,17.18499881625,15.616666666666667,0.9184603362500001,33.72012581916667,1374.7999053,73.4768269,2.0,15.62,0,2.13,12.55,0.93,0.837,0.062,65,2.502,1.603,0.0
164,Errekalde,64,901,Public Transport,True,331603.0,1078.0,20.43127811875,19.883333333333333,0.9184603362500001,41.23307178833333,1634.5022495,73.4768269,43.0,19.88,0,12.1,6.85,0.93,0.456,0.062,41,7.741,7.222,0.0
165,Errekatxo/El Regato,324,900,Public Transport,True,295.0,271.0,50.12691231875,53.45,1.57028923875,105.14720155750001,4010.1529855,125.6231391,75.0,53.53,0,10.08,41.33,2.12,2.755,0.141,78,7.95,5.054,0.0
166,Errenteria,2512,901,Public Transport,True,1690.0,1078.0,1.8464870812499998,35.75,0.9184603362500001,38.5149474175,147.7189665,73.4768269,17.0,35.75,0,33.05,1.77,0.93,0.118,0.062,16,24.871,24.69,0.0
167,Erribera,905,901,Public Transport,True,1491.0,1078.0,1.19569509125,57.65,0.9184603362500001,59.7641554275,95.6556073,73.4768269,15.0,57.65,0,55.97,0.75,0.93,0.05,0.062,15,49.199,49.086,0.0
168,Errigoiti,73,901,Public Transport,True,1163.0,1005.0,41.86090208,70.25,1.089115005,113.200017085,3348.8721664,87.1292004,7.0,70.25,2,44.87,24.28,1.1,1.618,0.074,6,25.002,23.31,4.65
169,Esparta,21,901,Public Transport,True,1328.0,1078.0,5.3891337,27.716666666666665,0.9184603362500001,34.02426070291666,431.130696,73.4768269,32.0,27.72,0,21.05,5.73,0.93,0.383,0.062,32,15.601,15.156,0.0
170,Estartetxe,956,904,Public Transport,True,12.0,2219.0,2.7072832774999998,28.383333333333333,0.79330144375,31.883918054583333,216.5826622,63.4641155,12.0,28.38,0,25.38,2.07,0.93,0.138,0.062,22,11.243,11.043,0.0
171,Estaziñoa,76,901,Public Transport,True,1391.0,1078.0,2.0090536749999997,11.95,0.9184603362500001,14.87751401125,160.724294,73.4768269,61.0,11.95,0,8.77,2.25,0.93,0.15,0.062,64,5.269,5.057,0.0
172,Etxano,74,901,Public Transport,True,1072.0,1078.0,32.71463937,36.23333333333333,0.9184603362500001,69.86643303958334,2617.1711496,73.4768269,17.0,36.23,0,17.15,18.15,0.93,1.21,0.062,16,13.238,11.965,0.0
173,Euba,244,901,Public Transport,True,326934.0,1078.0,8.23088518875,29.266666666666666,0.9184603362500001,38.41601219166667,658.4708151,73.4768269,36.0,29.82,0,20.5,8.38,0.93,0.558,0.062,38,14.934,14.313,0.0
174,Gabika,66,901,Public Transport,True,1059.0,1078.0,55.903456543749996,102.13333333333334,0.9184603362500001,158.95525021333333,4472.2765235,73.4768269,9.0,102.13,0,45.03,56.17,0.93,3.744,0.062,8,36.669,32.862,0.0
175,Gaitoka,25,901,Public Transport,True,1107.0,1078.0,8.79544210625,51.85,0.9184603362500001,61.5639024425,703.6353685,73.4768269,25.0,60.85,0,37.65,22.27,0.93,1.485,0.062,16,29.719,28.172,0.0
176,Galindo-Salcedillo,183,903,Public Transport,True,373.0,284.0,14.003841327500002,22.0,,,1120.3073062,,51.0,22.0,1,10.83,8.63,2.53,0.575,0.169,44,5.645,4.901,1.95
177,Gallarta,4142,903,Public Transport,True,623.0,284.0,2.0096592099999997,24.933333333333334,,,160.7727368,,4.0,24.93,0,20.98,1.42,2.53,0.095,0.169,31,13.35,13.087,0.0
178,Gallartu,20,901,Public Transport,True,1554.0,1004.0,33.52774266875,118.85,2.95083712375,155.3285797925,2682.2194135,236.0669699,5.0,125.18,0,90.82,32.57,1.8,2.172,0.12,4,41.873,39.581,0.0
179,Gandia,268,904,Public Transport,True,2131.0,1648.0,4.99730637875,17.15,6.839990448749999,28.987296827499996,399.7845103,547.1992359,1.0,17.15,0,7.0,4.12,6.03,0.275,0.402,6,5.674,4.998,0.0
180,Garai (San Migel),135,901,Public Transport,True,1427.0,1078.0,44.99496990125,60.96666666666667,0.9184603362500001,106.88009690416668,3599.5975921,73.4768269,14.0,60.97,0,18.75,41.28,0.93,2.752,0.062,45,24.879,22.065,0.0
181,Garaioltza,798,903,Public Transport,True,462.0,278.0,2.31731555125,53.45,,,185.3852441,,20.0,53.9,1,49.17,2.23,2.5,0.149,0.166,20,22.608,22.292,12.77
182,Garbe,467,901,Public Transport,True,1530.0,1078.0,1.1986116175,19.633333333333333,0.9184603362500001,21.750405287083332,95.8889294,73.4768269,43.0,19.63,0,17.62,1.08,0.93,0.072,0.062,40,11.502,11.368,0.0
183,Gardata-Artika,37,901,Public Transport,True,1043.0,1078.0,1.25764210625,78.76666666666667,0.9184603362500001,80.94276910916668,100.6113685,73.4768269,17.0,78.77,0,77.15,0.68,0.93,0.045,0.062,16,53.676,53.569,0.0
184,Gazaga,32,901,Public Transport,True,1425.0,1078.0,22.417921569999997,50.06666666666667,0.9184603362500001,73.40304857291667,1793.4337256,73.4768269,8.0,50.07,1,30.17,18.97,0.93,1.265,0.062,20,29.611,28.284,0.4
185,Gazeta,33,901,Public Transport,True,1483.0,1078.0,19.67472971375,74.98333333333333,0.9184603362500001,95.57652338333334,1573.9783771,73.4768269,31.0,74.98,0,54.0,20.05,0.93,1.337,0.062,30,33.314,31.914,0.0
186,Gerea,27,901,Public Transport,True,1511.0,1078.0,25.65431426125,77.78333333333333,0.9184603362500001,104.35610793083333,2052.3451409,73.4768269,8.0,79.28,1,60.67,17.68,0.93,1.179,0.062,26,51.34,50.099,3.13
187,Gernika-Lumo,12756,901,Public Transport,True,1065.0,1078.0,3.45027370125,33.85,0.9184603362500001,38.2187340375,276.0218961,73.4768269,17.0,33.85,0,29.98,2.93,0.93,0.196,0.062,16,22.853,22.595,0.0
188,Gerrikaitz,25,901,Public Transport,True,1262.0,1078.0,5.876431462499999,66.85,0.9184603362500001,73.64489179875,470.114517,73.4768269,6.0,66.85,0,59.82,6.1,0.93,0.407,0.062,8,38.702,38.232,0.0
189,Gibelorratzagako San Pelaio,953,904,Public Transport,True,1139.0,2220.0,4.40607531625,53.46666666666667,0.90773412,58.780476102916666,352.4860253,72.6187296,4.0,53.47,1,49.22,3.55,0.7,0.237,0.047,15,25.181,24.898,1.37
190,Goierri,387,904,Public Transport,True,1593.0,2219.0,19.62031106625,28.166666666666668,0.79330144375,48.58027917666667,1569.6248853,63.4641155,1.0,28.17,0,7.57,19.67,0.93,1.311,0.062,26,4.114,2.74,0.0
191,Goitisoloalde,230,904,Public Transport,True,1142.0,2220.0,2.26494488875,46.0,0.90773412,49.17267900875,181.1955911,72.6187296,4.0,46.0,1,42.88,2.42,0.7,0.161,0.047,15,23.331,23.124,1.37
192,Goiuria,27,901,Public Transport,True,21786.0,1078.0,41.72898679,37.23333333333333,0.9184603362500001,79.88078045958333,3338.3189432,73.4768269,38.0,37.23,1,16.38,19.92,0.93,1.328,0.062,40,21.568,20.178,0.77
193,Gordón,22,902,Public Transport,True,2182.0,209.0,42.45288533375,97.08333333333331,,,3396.2308267,,1.0,97.08,3,80.1,15.4,1.58,1.027,0.106,2,43.542,42.409,19.78
194,Gorgolas,23,903,Public Transport,True,733.0,278.0,37.8177963525,111.63333333333334,,,3025.4237082,,6.0,115.17,1,81.87,29.22,4.08,1.948,0.272,7,40.96,38.74,12.52
195,Gorozika,50,901,Public Transport,True,1071.0,1078.0,20.34778080875,36.03333333333333,0.9184603362500001,57.299574478333334,1627.8224647,73.4768269,17.0,36.03,0,20.88,14.22,0.93,0.948,0.062,16,16.22,15.21,0.0
196,Güeñes,1819,902,Public Transport,True,642.0,209.0,0.9359457474999999,28.15,,,74.8756598,,35.0,28.15,1,25.72,0.85,1.58,0.057,0.106,45,18.016,17.853,4.93
197,Gure Mendi,53,903,Public Transport,True,114254.0,284.0,8.82486123125,79.53333333333333,,,705.9888985,,22.0,93.32,1,84.08,6.73,2.5,0.448,0.166,18,35.158,34.543,24.53
198,Gurutzalde,140,901,Public Transport,True,179.0,1004.0,11.315618041250001,38.18333333333333,2.95083712375,52.44978849833333,905.2494433,236.0669699,45.0,38.18,0,26.7,9.68,1.8,0.646,0.12,39,11.951,11.185,0.0
199,Gutiolo,23,901,Public Transport,True,178.0,1004.0,38.87941376625,54.2,2.95083712375,96.03025089000002,3110.3531013,236.0669699,54.0,54.2,0,27.62,24.78,1.8,1.653,0.12,48,13.288,11.515,0.0
200,Herboso,10,902,Public Transport,True,789.0,209.0,13.29774508125,88.83333333333333,,,1063.8196065,,5.0,88.83,2,73.18,14.07,1.58,0.937,0.106,7,47.652,46.608,8.85
201,Herrera,129,903,Public Transport,True,681.0,283.0,0.7162177075,58.36666666666667,,,57.2974166,,10.0,58.37,1,53.05,1.23,4.08,0.083,0.272,32,28.331,27.977,10.62
202,Herriko Plaza,465,901,Public Transport,True,1328.0,1078.0,1.16629125375,23.216666666666665,0.9184603362500001,25.301418256666665,93.3033003,73.4768269,31.0,23.22,0,21.05,1.23,0.93,0.083,0.062,31,15.301,15.156,0.0
203,Ibarguen,41,901,Public Transport,True,1935.0,1078.0,7.10084609,32.43333333333333,0.9184603362500001,40.45263975958333,568.0676872,73.4768269,31.0,32.43,0,27.18,4.32,0.93,0.288,0.062,31,19.957,19.606,0.0
204,Ibarra Bedia,183,901,Public Transport,True,1394.0,1078.0,7.2359334,13.35,0.9184603362500001,21.50439373625,578.874672,73.4768269,2.0,13.35,0,4.12,8.3,0.93,0.553,0.062,65,3.148,2.532,0.0
205,Ibarra Orozko,107,901,Public Transport,True,1554.0,1004.0,5.08054823375,89.43333333333334,2.95083712375,97.46471869083334,406.4438587,236.0669699,5.0,95.77,0,90.82,3.15,1.8,0.21,0.12,4,39.911,39.581,0.0
206,Ibarruri,30,901,Public Transport,True,1071.0,1078.0,40.11864376375,52.28333333333333,0.9184603362500001,93.32043743333334,3209.4915011,73.4768269,17.0,52.28,0,20.88,30.47,0.93,2.031,0.062,16,17.303,15.21,0.0
207,Ikazurieta,18,901,Public Transport,True,1253.0,1078.0,80.73535735,142.26666666666668,0.9184603362500001,223.92048435291667,6458.828588,73.4768269,9.0,142.27,0,74.83,66.5,0.93,4.433,0.062,14,53.058,48.562,0.0
208,Indusi,29,901,Public Transport,True,2192.0,1078.0,6.9716527825,33.35,0.9184603362500001,41.24011311875,557.7322226,73.4768269,10.0,33.35,0,30.3,2.12,0.93,0.141,0.062,15,18.482,18.279,0.0
209,Intxaurbizkar,11,901,Public Transport,True,1658.0,1078.0,39.3197359725,46.88333333333333,0.9184603362500001,87.12152964208335,3145.5788778,73.4768269,15.0,46.88,0,22.7,23.25,0.93,1.55,0.062,15,14.917,13.305,0.0
210,Intzuntza,1752,901,Public Transport,True,1391.0,1078.0,4.44348512875,13.366666666666667,0.9184603362500001,18.728612131666665,355.4788103,73.4768269,61.0,13.37,0,8.77,3.67,0.93,0.244,0.062,64,5.363,5.057,0.0
211,Ipiñaburu,92,901,Public Transport,True,33541.0,1078.0,40.26613425,63.11666666666667,0.9184603362500001,104.30126125291667,3221.29074,73.4768269,37.0,63.12,0,29.43,32.75,0.93,2.183,0.062,35,24.049,21.803,0.0
212,Iratzagorria,116,903,Public Transport,True,929.0,283.0,8.35434202375,63.55,,,668.3473619,,8.0,63.55,1,55.05,4.42,4.08,0.294,0.272,17,24.584,24.018,19.87
213,Irauregi,798,902,Public Transport,True,894.0,249.0,7.99489916875,18.666666666666668,,,639.5919335,,10.0,18.67,0,11.85,5.3,1.52,0.353,0.101,32,7.322,6.867,0.0
214,Isla,26,901,Public Transport,True,1299.0,1078.0,2.936338025,71.31666666666666,0.9184603362500001,75.17146502791667,234.907042,73.4768269,6.0,71.32,1,68.12,2.27,0.93,0.151,0.062,6,31.698,31.484,25.35
215,Ispaster-Elexalde,338,901,Public Transport,True,1046.0,1078.0,1.9769858262500002,74.73333333333333,0.9184603362500001,77.62877949583334,158.1588661,73.4768269,9.0,74.73,0,72.37,1.43,0.93,0.096,0.062,8,50.626,50.468,0.0
216,Isuskitza,972,904,Public Transport,True,2092.0,1648.0,64.33634643375,59.25,6.839990448749999,130.42633688249998,5146.9077147,547.1992359,3.0,59.25,1,27.42,25.8,6.03,1.72,0.402,19,8.074,5.952,19.2
217,Iturreta,31,901,Public Transport,True,2181.0,1078.0,28.829703398750002,99.13333333333334,0.9184603362500001,128.88149706833335,2306.3762719,73.4768269,16.0,99.13,0,81.38,16.82,0.93,1.121,0.062,25,54.662,53.479,0.0
218,Iturribide,769,904,Public Transport,True,11.0,2219.0,3.0498262887500003,30.05,0.79330144375,33.893127732500005,243.9861031,63.4641155,9.0,30.05,0,26.4,2.72,0.93,0.181,0.062,15,11.703,11.46,0.0
219,Iturritxe,38,901,Public Transport,True,1390.0,1078.0,13.005274505,18.73333333333333,0.9184603362500001,32.65706817458333,1040.4219604,73.4768269,60.0,18.73,0,9.95,7.85,0.93,0.524,0.062,63,6.361,5.775,0.0
220,Iurreta,2874,901,Public Transport,True,1376.0,1078.0,2.97634227125,18.0,0.9184603362500001,21.8948026075,238.1073817,73.4768269,1.0,18.0,0,14.32,2.75,0.93,0.183,0.062,30,19.686,19.441,0.0
221,Izurtza,101,901,Public Transport,True,1432.0,1078.0,1.19522312625,33.45,0.9184603362500001,35.5636834625,95.6178501,73.4768269,1.0,33.45,1,31.08,1.43,0.93,0.096,0.062,3,23.579,23.421,4.7
222,Jauregi,143,901,Public Transport,True,1394.0,1078.0,8.94999037125,12.066666666666666,0.9184603362500001,21.935117374166666,715.9992297,73.4768269,2.0,12.07,0,4.12,7.02,0.93,0.468,0.062,65,3.063,2.532,0.0
223,Kanpantxu,61,901,Public Transport,True,1066.0,1078.0,15.9962692125,45.2,0.9184603362500001,62.11472954875,1279.701537,73.4768269,17.0,45.2,0,28.63,15.63,0.93,1.042,0.062,16,23.088,21.984,0.0
224,Kardeo,78,903,Public Transport,True,754.0,283.0,15.484956593749999,42.71666666666667,,,1238.7965275,,27.0,42.72,1,32.78,5.85,4.08,0.39,0.272,22,14.369,13.707,3.65
225,Kortezubi,206,901,Public Transport,True,1062.0,1078.0,5.0359956675,44.03333333333333,0.9184603362500001,49.987789337083335,402.8796534,73.4768269,9.0,44.03,0,37.65,5.45,0.93,0.363,0.062,8,28.597,28.172,0.0
226,Kubo,945,901,Public Transport,True,177.0,1005.0,15.229274792499998,35.5,1.089115005,51.818389797500004,1218.3419834,87.1292004,48.0,35.5,0,30.57,3.83,1.1,0.256,0.074,42,12.714,12.384,0.0
227,Kukullaga,5717,901,Public Transport,True,169.0,1005.0,8.34240352625,21.883333333333333,1.089115005,31.314851864583332,667.3922821,87.1292004,72.0,21.88,0,12.33,8.45,1.1,0.563,0.074,72,8.603,7.966,0.0
228,Kurtzea,21062,901,Public Transport,True,173.0,1005.0,1.7991393875,8.616666666666667,1.089115005,11.504921059166668,143.931151,87.1292004,121.0,8.62,0,6.27,1.25,1.1,0.083,0.074,124,4.203,4.047,0.0
229,Kurtziaga-Arropain,43,901,Public Transport,True,220863.0,1078.0,15.35883994125,95.58333333333331,0.9184603362500001,111.86063361083332,1228.7071953,73.4768269,28.0,95.58,0,79.65,15.0,0.93,1.0,0.062,27,58.116,57.053,0.0
230,La Aceña/Atxuriaga,49,903,Public Transport,True,1742.0,284.0,0.8313167512499999,56.583333333333336,,,66.5053401,,2.0,59.95,1,54.68,1.18,4.08,0.079,0.272,9,24.51,24.159,0.3
231,La Arboleda/Zugaztieta,445,903,Public Transport,True,60417.0,283.0,1.9791002,51.1,,,158.328016,,26.0,51.1,1,45.33,1.68,4.08,0.112,0.272,15,17.716,17.332,8.6
232,La Arena,340,903,Public Transport,True,556.0,283.0,4.550065765,47.13333333333333,,,364.0052612,,53.0,47.13,1,39.47,3.58,4.08,0.238,0.272,45,16.99,16.48,3.65
233,La Balastera,76,903,Public Transport,True,598.0,284.0,14.87300048875,41.25,,,1189.8400391,,9.0,44.3,0,26.6,15.17,2.53,1.011,0.169,44,16.377,15.198,0.0
234,La Baluga,878,903,Public Transport,True,696.0,284.0,4.3541858,60.5,,,348.334864,,14.0,61.12,0,57.43,1.15,2.53,0.076,0.169,14,26.825,26.58,0.0
235,La Cadena,14,902,Public Transport,True,758.0,209.0,60.49891498875,118.36666666666666,,,4839.9131991,,5.0,118.37,2,81.72,35.07,1.58,2.338,0.106,7,56.951,54.507,8.85
236,La Calera del Prado,14,902,Public Transport,True,772.0,209.0,96.88568806375,176.26666666666668,,,7750.8550451,,5.0,176.27,2,88.25,86.43,1.58,5.762,0.106,7,67.643,61.775,8.85
237,La Chopera,2186,904,Public Transport,True,7.0,2219.0,3.384494645,43.73333333333333,0.79330144375,47.91112942208333,270.7595716,63.4641155,11.0,43.73,1,40.6,2.2,0.93,0.147,0.062,21,13.714,13.505,6.65
238,La Cuesta,305,903,Public Transport,True,559.0,283.0,2.13322408125,39.266666666666666,,,170.6579265,,31.0,39.27,1,33.37,1.82,4.08,0.121,0.272,27,14.619,14.226,3.65
239,La Hera,16,903,Public Transport,True,610.0,284.0,11.847963685,35.833333333333336,,,947.8370948,,7.0,35.98,0,26.6,6.85,2.53,0.456,0.169,38,15.823,15.198,0.0
240,La Iglesia,317,902,Public Transport,True,2305.0,209.0,0.75251485875,80.63333333333334,,,60.2011887,,1.0,80.63,3,78.1,0.95,1.58,0.063,0.106,2,41.068,40.899,19.78
241,La Orconera,28,903,Public Transport,True,588.0,284.0,34.7862154475,26.78333333333333,,,2782.8972358,,7.0,26.78,0,12.28,11.97,2.53,0.798,0.169,52,9.372,8.406,0.0
242,La Quadra,255,902,Public Transport,True,886.0,249.0,3.58456956625,21.683333333333334,,,286.7655653,,37.0,21.68,0,17.98,2.18,1.52,0.145,0.101,32,11.608,11.362,0.0
243,La Tejera,55,902,Public Transport,True,750.0,209.0,11.27452581875,92.53333333333332,,,901.9620655,,5.0,92.53,2,79.62,11.33,1.58,0.756,0.106,7,53.033,52.171,8.85
244,Labarrieta/Olabarrieta,43,903,Public Transport,True,726.0,278.0,51.0823898325,143.15,,,4086.5911866,,4.0,146.68,2,106.02,36.58,4.08,2.439,0.272,5,43.657,40.946,31.5
245,Lamiako,2905,904,Public Transport,True,7.0,2219.0,5.40562294125,45.083333333333336,0.79330144375,51.28225771833334,432.4498353,63.4641155,11.0,45.08,1,40.6,3.55,0.93,0.237,0.062,21,13.804,13.505,6.65
246,Lamindao,76,901,Public Transport,True,2256.0,1078.0,34.98947022625,37.583333333333336,0.9184603362500001,73.49126389583334,2799.1576181,73.4768269,34.0,37.58,0,22.9,13.75,0.93,0.916,0.062,34,17.461,16.482,0.0
247,Lanbarketa,1025,901,Public Transport,True,180.0,1004.0,2.7707400975,29.23333333333333,2.95083712375,34.95491055458333,221.6592078,236.0669699,45.0,29.23,0,24.68,2.75,1.8,0.183,0.12,42,10.932,10.63,0.0
248,Landa,3543,904,Walking Only,False,,,373.46143588875003,3.7666666666666666,0.0,373.46143588875003,29876.9148711,0.0,1.0,3.77,0,0.0,2.83,0.93,0.189,0.062,0,0.251,0.0,0.0
249,Landabarri,935,904,Public Transport,True,2068.0,2219.0,1.84418525375,27.03333333333333,0.79330144375,29.67082003083333,147.5348203,63.4641155,9.0,27.03,0,23.45,2.65,0.93,0.177,0.062,15,10.469,10.23,0.0
250,Landaberde,119,901,Public Transport,True,1109.0,1078.0,1.1631296575,42.25,0.9184603362500001,44.33158999375,93.0503726,73.4768269,29.0,48.07,0,33.05,14.08,0.93,0.939,0.062,16,25.692,24.69,0.0
251,Lanestosa,223,903,Public Transport,True,770.0,278.0,1.9381820225,114.26666666666668,,,155.0545618,,6.0,117.8,1,112.15,1.57,4.08,0.105,0.272,7,66.775,66.399,12.52
252,Lanzas Agudas,66,902,Public Transport,True,780.0,209.0,81.61797723,149.91666666666666,,,6529.4381784,,5.0,149.92,2,80.58,67.75,1.58,4.517,0.106,7,57.874,53.251,8.85
253,Lariz,17,901,Public Transport,True,1250.0,1078.0,1.6885911475,79.73333333333333,0.9184603362500001,82.34038481708335,135.0872918,73.4768269,6.0,79.73,0,77.45,1.35,0.93,0.09,0.062,8,50.402,50.25,0.0
254,Larrabeiti,35,901,Public Transport,True,1536.0,1078.0,11.2300444925,13.733333333333333,0.9184603362500001,25.881838162083334,898.4035594,73.4768269,2.0,13.73,0,9.33,3.47,0.93,0.231,0.062,58,6.069,5.777,0.0
255,Larrauri,162,904,Public Transport,True,1148.0,2220.0,1.164973315,31.08333333333333,0.90773412,33.15604076833333,93.1978652,72.6187296,4.0,31.08,1,29.43,0.95,0.7,0.064,0.047,15,16.479,16.368,1.15
256,Larreineta,210,903,Public Transport,True,366.0,284.0,35.3605262675,39.05,,,2828.8421014,,75.0,39.05,1,18.15,18.37,2.53,1.225,0.169,44,8.574,7.181,1.28
257,Las Bárcenas,42,902,Public Transport,True,750.0,209.0,18.00254150875,100.93333333333334,,,1440.2033207,,5.0,100.93,2,79.62,19.73,1.58,1.316,0.106,7,53.593,52.171,8.85
258,Las Calizas,21,903,Public Transport,True,621.0,284.0,26.7348290125,44.7,,,2138.786321,,6.0,44.7,0,22.57,19.6,2.53,1.307,0.169,39,15.158,13.682,0.0
259,Las Carreras,1978,903,Public Transport,True,580.0,284.0,2.2758675137499997,29.133333333333333,,,182.0694011,,6.0,36.9,0,32.57,1.8,2.53,0.12,0.169,38,17.561,17.273,0.0
260,Las Muñecas,43,903,Public Transport,True,662.0,284.0,30.598410174999998,81.96666666666667,,,2447.872814,,16.0,90.07,0,57.43,30.1,2.53,2.007,0.169,16,28.755,26.58,0.0
261,Las Ribas,95,903,Public Transport,True,697.0,284.0,8.937578621250001,64.75,,,715.0062897,,3.0,64.75,0,55.52,6.7,2.53,0.447,0.169,14,26.467,25.851,0.0
262,Leagi,35,901,Public Transport,True,2181.0,1078.0,20.5403214725,94.93333333333334,0.9184603362500001,116.39211514208334,1643.2257178,73.4768269,17.0,94.93,0,81.38,12.62,0.93,0.841,0.062,26,54.382,53.479,0.0
263,Legizamon,455,901,Public Transport,True,169.0,1005.0,15.16996996125,23.58333333333333,1.089115005,39.84241829958333,1213.5975969,87.1292004,85.0,23.58,0,12.33,10.15,1.1,0.677,0.074,88,8.717,7.966,0.0
264,Lekeitio,7180,901,Public Transport,True,220863.0,1078.0,12.0961294175,90.55,0.9184603362500001,103.56458975375,967.6903534,73.4768269,28.0,90.55,0,79.65,9.97,0.93,0.665,0.062,27,57.78,57.053,0.0
265,Lekerika,29,901,Public Transport,True,1258.0,1078.0,38.08224581125,95.38333333333334,0.9184603362500001,134.38403948083334,3046.5796649,73.4768269,6.0,95.38,0,65.22,29.23,0.93,1.949,0.062,8,44.887,42.875,0.0
266,Lemoaurieta,90,901,Public Transport,True,1390.0,1078.0,5.6434031849999995,15.516666666666667,0.9184603362500001,22.078530187916666,451.4722548,73.4768269,60.0,15.52,0,9.95,4.63,0.93,0.309,0.062,63,6.146,5.775,0.0
267,Lendoño Goikoa/Lendoño de Arriba,5,901,Public Transport,True,1937.0,1005.0,76.1159091625,138.01666666666668,1.089115005,215.22169083416668,6089.272733,87.1292004,8.0,138.02,0,80.77,56.15,1.1,3.743,0.074,7,44.857,41.04,0.0
268,Libao,124,904,Public Transport,True,113359.0,2220.0,2.86827223875,55.15,0.90773412,58.92600635875,229.4617791,72.6187296,4.0,55.15,1,51.62,2.83,0.7,0.188,0.047,4,25.944,25.709,8.23
269,Llano,91,903,Public Transport,True,1785.0,284.0,19.92350202875,64.13333333333334,,,1593.8801623,,2.0,67.5,1,52.32,11.1,4.08,0.74,0.272,9,23.944,22.932,0.3
270,Loiola,101,901,Public Transport,True,1271.0,1078.0,1.4552926362499998,47.18333333333333,0.9184603362500001,49.55708630583333,116.4234109,73.4768269,6.0,47.18,0,44.75,1.5,0.93,0.1,0.062,8,29.235,29.072,0.0
271,Los Castaños,50,903,Public Transport,True,620.0,284.0,29.004948000000002,47.46666666666667,,,2320.39584,,5.0,47.47,1,31.52,13.42,2.53,0.894,0.169,41,16.022,14.96,5.9
272,Lubarrietaondo,615,904,Public Transport,True,1633.0,2220.0,3.9405729387500004,20.516666666666666,0.90773412,25.364973725416668,315.2458351,72.6187296,15.0,20.52,0,15.58,4.23,0.7,0.283,0.047,15,10.214,9.885,0.0
273,Lumo,56,901,Public Transport,True,1065.0,1078.0,13.106313271249999,43.46666666666667,0.9184603362500001,57.49144027416667,1048.5050617,73.4768269,17.0,43.47,0,29.98,12.55,0.93,0.837,0.062,16,23.494,22.595,0.0
274,Lutxana-Enekuri,646,903,Public Transport,True,91.0,2064.0,20.12695935875,34.05,,,1610.1567487,,10.0,34.05,1,24.7,6.85,2.5,0.457,0.166,14,12.232,11.609,4.43
275,Magdalena,110,901,Public Transport,True,79384.0,1078.0,2.18977416,64.18333333333334,0.9184603362500001,67.29156782958334,175.1819328,73.4768269,8.0,64.18,0,60.87,2.38,0.93,0.159,0.062,8,40.534,40.313,0.0
276,Malats,19,901,Public Transport,True,1257.0,1078.0,34.51744101875,98.56666666666666,0.9184603362500001,134.00256802166666,2761.3952815,73.4768269,6.0,98.57,0,67.65,29.98,0.93,1.998,0.062,8,45.898,43.838,0.0
277,Mallabia,625,901,Public Transport,True,1421.0,1078.0,3.57888955375,38.23333333333333,0.9184603362500001,42.73068322333333,286.3111643,73.4768269,8.0,38.23,1,34.05,3.25,0.93,0.217,0.062,20,32.911,32.632,0.4
278,Manzaneda de Biáñez,17,902,Public Transport,True,787.0,209.0,9.09673599,82.21666666666667,,,727.7388792,,5.0,82.22,2,74.72,5.92,1.58,0.394,0.106,7,48.305,47.805,8.85
279,Mañaria,376,901,Public Transport,True,1435.0,1078.0,19.59185878625,43.41666666666666,0.9184603362500001,63.92698578916666,1567.3487029,73.4768269,1.0,43.42,1,35.73,6.75,0.93,0.45,0.062,3,26.533,26.02,4.7
280,Markaida,243,904,Public Transport,True,1149.0,2220.0,5.96072077,33.75,0.90773412,40.61845489,476.8576616,72.6187296,4.0,33.75,1,27.68,5.37,0.7,0.358,0.047,15,15.342,14.937,1.15
281,Markina-Xemein,4324,901,Public Transport,True,978.0,1078.0,2.81237456875,49.16666666666666,0.9184603362500001,52.89750157166666,224.9899655,73.4768269,5.0,49.17,0,46.23,2.0,0.93,0.133,0.062,15,41.781,41.585,0.0
282,Markio,28,901,Public Transport,True,1348.0,1005.0,30.16639876375,50.65,1.089115005,81.90551376875,2413.3119011,87.1292004,42.0,50.65,0,33.25,16.3,1.1,1.087,0.074,39,15.038,13.877,0.0
283,Marzana,15,901,Public Transport,True,1470.0,1078.0,3.23317062125,52.06666666666667,0.9184603362500001,56.218297624166674,258.6536497,73.4768269,12.0,52.07,1,49.47,1.67,0.93,0.111,0.062,36,28.711,28.538,16.25
284,Matienzo,52,902,Public Transport,True,758.0,209.0,18.045234215,97.98333333333332,,,1443.6187372,,5.0,97.98,2,81.72,14.68,1.58,0.978,0.106,7,55.591,54.507,8.85
285,Meaka,20,901,Public Transport,True,1165.0,1005.0,27.4707394775,63.15,1.089115005,91.70985448249999,2197.6591582,87.1292004,7.0,63.15,2,42.95,19.1,1.1,1.273,0.074,6,23.487,22.14,4.65
286,Meakaur,20,901,Public Transport,True,1164.0,1005.0,13.818406723749998,47.18333333333333,1.089115005,62.09085506208332,1105.4725379,87.1292004,5.0,47.18,2,43.5,2.58,1.1,0.173,0.074,5,22.716,22.47,4.65
287,Medio,17,901,Public Transport,True,1940.0,1005.0,70.6914548275,131.98333333333332,1.089115005,203.7639031658333,5655.3163862,87.1292004,8.0,131.98,0,76.27,54.62,1.1,3.641,0.074,7,42.247,38.532,0.0
288,Mekoleta,15,901,Public Transport,True,2006.0,1078.0,15.0113392,69.08333333333333,0.9184603362500001,85.01313286958333,1200.907136,73.4768269,5.0,69.08,0,50.98,17.17,0.93,1.144,0.062,8,34.513,33.306,0.0
289,Mendibile,1255,904,Public Transport,True,10.0,2219.0,3.7532633449999997,31.2,0.79330144375,35.74656478875,300.2610676,63.4641155,9.0,31.2,0,27.32,2.95,0.93,0.197,0.062,15,12.098,11.839,0.0
290,Mendieta Ajangiz,132,901,Public Transport,True,2145.0,1078.0,40.571150345,60.18333333333333,0.9184603362500001,101.67294401458334,3245.6920276,73.4768269,6.0,60.18,0,42.62,16.63,0.93,1.109,0.062,8,28.771,27.6,0.0
291,Mendieta Lemoa,36,901,Public Transport,True,1393.0,1078.0,3.8806248862499997,8.783333333333333,0.9184603362500001,13.582418555833332,310.4499909,73.4768269,2.0,8.78,0,6.43,1.42,0.93,0.094,0.062,65,3.712,3.556,0.0
292,Mendraka,48,901,Public Transport,True,1485.0,1078.0,25.062558608750003,79.63333333333334,0.9184603362500001,105.61435227833334,2005.0046887,73.4768269,31.0,79.63,0,52.45,26.25,0.93,1.75,0.062,30,33.111,31.298,0.0
293,Mercadillo,885,903,Public Transport,True,693.0,284.0,1.3182520825,65.43333333333334,,,105.4601666,,18.0,70.55,0,66.8,1.22,2.53,0.082,0.169,18,28.451,28.2,0.0
294,Merika,37,901,Public Transport,True,1258.0,1078.0,47.4519560025,105.76666666666668,0.9184603362500001,154.13708300541668,3796.1564802,73.4768269,6.0,105.77,0,65.22,39.62,0.93,2.641,0.062,8,45.579,42.875,0.0
295,Mesterika,147,904,Public Transport,True,1148.0,2220.0,16.57583952,42.9,0.90773412,60.383573639999994,1326.0671616,72.6187296,4.0,42.9,1,29.43,12.77,0.7,0.851,0.047,15,17.266,16.368,1.15
296,Metxika,56,901,Public Transport,True,1107.0,1078.0,58.044558743749995,89.06666666666666,0.9184603362500001,148.02968574666667,4643.5646995,73.4768269,20.0,89.07,1,42.13,46.0,0.93,3.067,0.062,19,28.261,25.132,6.07
297,Mimetiz,5142,903,Public Transport,True,2311.0,283.0,3.7325069912499997,42.083333333333336,,,298.6005593,,13.0,42.08,0,33.9,4.1,4.08,0.273,0.272,14,25.213,24.668,0.0
298,Moiordin-Barrondo,109,901,Public Transport,True,179.0,1004.0,5.1378323987500005,32.483333333333334,2.95083712375,40.57200285583333,411.0265919,236.0669699,40.0,32.48,0,26.7,3.98,1.8,0.266,0.12,36,11.571,11.185,0.0
299,Molinar,20,902,Public Transport,True,784.0,209.0,12.57429656375,89.93333333333334,,,1005.9437251,,5.0,89.93,2,78.25,10.1,1.58,0.674,0.106,7,51.394,50.614,8.85
300,Monte Ikea,1359,904,Public Transport,True,11.0,2219.0,6.38956185375,31.966666666666665,0.79330144375,39.14952996416667,511.1649483,63.4641155,9.0,31.97,0,26.4,4.63,0.93,0.309,0.062,16,11.831,11.46,0.0
301,Montellano-Acabajo,22,903,Public Transport,True,699.0,284.0,28.307245762500003,58.833333333333336,,,2264.579661,,4.0,63.63,0,47.92,13.18,2.53,0.879,0.169,21,24.058,23.01,0.0
302,Montellano-Las Casas,31,903,Public Transport,True,1744.0,284.0,25.417912426250002,64.05,,,2033.4329941,,4.0,70.07,0,52.08,15.45,2.53,1.03,0.169,21,25.766,24.568,0.0
303,Moreaga,9737,904,Public Transport,True,1593.0,2219.0,5.5993743625,13.883333333333333,0.79330144375,20.276009139583334,447.949949,63.4641155,1.0,13.88,0,7.57,5.38,0.93,0.359,0.062,22,3.161,2.74,0.0
304,Mundaka,1649,901,Public Transport,True,1097.0,1078.0,1.53315276,58.86666666666667,0.9184603362500001,61.31827976291667,122.6522208,73.4768269,18.0,58.87,1,56.57,1.37,0.93,0.091,0.062,17,34.493,34.339,6.07
305,Mungia,12276,904,Public Transport,True,1687.0,2220.0,4.7346659625,22.9,0.90773412,28.5424000825,378.773277,72.6187296,15.0,22.9,0,19.88,2.32,0.7,0.154,0.047,15,12.284,12.084,0.0
306,Munitibar,239,901,Public Transport,True,1262.0,1078.0,0.5887109775,61.1,0.9184603362500001,62.60717131375,47.0968782,73.4768269,6.0,61.1,0,59.82,0.35,0.93,0.023,0.062,8,38.318,38.232,0.0
307,Muntsaratz,1743,901,Public Transport,True,1474.0,1078.0,2.26883874625,45.21666666666667,0.9184603362500001,48.403965749166666,181.5070997,73.4768269,12.0,46.5,0,43.37,2.2,0.93,0.147,0.062,36,25.776,25.568,0.0
308,Murrieta,52,903,Public Transport,True,598.0,284.0,9.07036109,38.23333333333333,,,725.6288872,,7.0,41.75,0,31.02,8.2,2.53,0.547,0.169,38,17.413,16.697,0.0
309,Murtatza,242,901,Public Transport,True,1395.0,1078.0,10.206692887500001,9.7,0.9184603362500001,20.82515322375,816.535431,73.4768269,2.0,9.7,0,2.13,6.63,0.93,0.442,0.062,67,2.107,1.603,0.0
310,Murueta Murueta,115,901,Public Transport,True,1105.0,1078.0,3.228435875,48.03333333333333,0.9184603362500001,52.180229544583334,258.27487,73.4768269,18.0,48.03,1,44.23,2.87,0.93,0.191,0.062,17,27.402,27.148,6.07
311,Murueta Orozko,36,901,Public Transport,True,1562.0,1004.0,7.31653812625,83.1,2.95083712375,93.36737525,585.3230501,236.0669699,20.0,85.18,0,74.48,8.9,1.8,0.593,0.12,23,32.223,31.509,0.0
312,Narea,45,901,Public Transport,True,1257.0,1078.0,18.123524431249997,80.35,0.9184603362500001,99.39198476749999,1449.8819545,73.4768269,6.0,80.35,0,67.65,11.77,0.93,0.784,0.062,8,44.684,43.838,0.0
313,Natxitua,199,901,Public Transport,True,2179.0,1078.0,3.3380104412500002,65.2,0.9184603362500001,69.45647077750002,267.0408353,73.4768269,9.0,65.2,0,60.48,3.78,0.93,0.252,0.062,8,43.037,42.722,0.0
314,Negurigana,1529,904,Public Transport,True,2069.0,2219.0,3.2430164474999996,27.1,0.79330144375,31.136317891250002,259.4413158,63.4641155,12.0,27.1,0,22.43,3.73,0.93,0.249,0.062,22,10.134,9.823,0.0
315,Nocedal,185,903,Public Transport,True,585.0,284.0,5.5632412875,19.716666666666665,,,445.059303,,4.0,19.72,0,16.42,0.77,2.53,0.051,0.169,31,11.591,11.371,0.0
316,Oba,43,901,Public Transport,True,1975.0,1078.0,59.145752077500006,62.43333333333333,0.9184603362500001,122.49754574708334,4731.6601662,73.4768269,10.0,62.43,0,27.47,34.03,0.93,2.269,0.062,15,18.072,15.741,0.0
317,Ocharan de Abajo,68,903,Public Transport,True,672.0,278.0,1.4111312062499999,70.13333333333334,,,112.8904965,,17.0,73.67,1,67.8,1.78,4.08,0.119,0.272,17,28.11,27.72,12.52
318,Olabarri,559,901,Public Transport,True,1660.0,1078.0,6.550196314999999,22.4,0.9184603362500001,29.86865665125,524.0157052,73.4768269,44.0,22.4,0,15.88,5.58,0.93,0.372,0.062,42,11.07,10.636,0.0
319,Olarra,36,901,Public Transport,True,75582.0,1078.0,2.31100109,21.55,0.9184603362500001,24.779461426250002,184.8800872,73.4768269,29.0,21.55,0,19.52,1.1,0.93,0.074,0.062,29,13.052,12.916,0.0
320,Olazabal,69,901,Public Transport,True,1973.0,1078.0,12.42236861625,34.53333333333333,0.9184603362500001,47.87416228583333,993.7894893,73.4768269,15.0,34.53,0,24.37,9.23,0.93,0.615,0.062,15,14.803,14.126,0.0
321,Ollargan,537,901,Public Transport,True,168.0,1005.0,22.34110168,31.7,1.089115005,55.13021668499999,1787.2881344,87.1292004,105.0,33.98,0,18.95,13.23,1.8,0.883,0.12,97,11.716,10.713,0.0
322,Ondarroa,8139,901,Public Transport,True,1713.0,1078.0,8.50794900375,73.45,0.9184603362500001,82.87640934000001,680.6359203,73.4768269,5.0,73.45,0,67.8,4.72,0.93,0.315,0.062,15,55.38,55.003,0.0
323,Ondiz,2005,904,Public Transport,True,12.0,2219.0,8.759792421250001,34.43333333333333,0.79330144375,43.98642719833334,700.7833937,63.4641155,10.0,34.43,0,25.38,8.12,0.93,0.541,0.062,18,11.646,11.043,0.0
324,Oñarte,35,901,Public Transport,True,1707.0,1078.0,16.79826021125,33.483333333333334,0.9184603362500001,51.20005388083333,1343.8608169,73.4768269,2.0,33.48,1,24.63,7.92,0.93,0.528,0.062,4,13.952,13.362,3.88
325,Orozketa,42,901,Public Transport,True,1415.0,1078.0,51.402512128750004,40.56666666666667,0.9184603362500001,92.88763913166667,4112.2009703,73.4768269,38.0,48.32,0,24.13,23.25,0.93,1.55,0.062,40,19.654,18.041,0.0
326,Ortuella,7457,903,Public Transport,True,817.0,284.0,3.3068263350000002,18.633333333333333,,,264.5461068,,4.0,18.63,0,13.43,2.67,2.53,0.178,0.169,31,9.722,9.376,0.0
327,Otxandio,1265,901,Public Transport,True,2004.0,1078.0,2.2109725837500003,48.11666666666667,0.9184603362500001,51.246099586666666,176.8778067,73.4768269,10.0,48.12,0,45.13,2.05,0.93,0.136,0.062,15,30.051,29.852,0.0
328,Otzerinmendi,22,901,Public Transport,True,1520.0,1078.0,16.06527524,37.78333333333333,0.9184603362500001,54.76706890958333,1285.2220192,73.4768269,32.0,37.78,0,27.9,8.95,0.93,0.596,0.062,32,20.764,20.105,0.0
329,Pando Karrantza,44,902,Public Transport,True,786.0,209.0,75.11803577875,134.01666666666668,,,6009.4428623,,5.0,134.02,2,76.53,55.9,1.58,3.727,0.106,7,53.055,49.222,8.85
330,Pando Trucios,120,902,Public Transport,True,2185.0,209.0,5.62056440875,85.1,,,449.6451527,,1.0,85.1,3,78.85,4.67,1.58,0.312,0.106,2,41.874,41.456,19.78
331,Pandozales,34,903,Public Transport,True,1781.0,283.0,27.66585853625,78.23333333333333,,,2213.2686829,,13.0,78.23,0,50.37,23.78,4.08,1.586,0.272,15,38.029,36.172,0.0
332,Parkotxa-Barrionuevo,44,903,Public Transport,True,363.0,284.0,36.529365765,42.23333333333333,,,2922.3492612,,54.0,42.73,1,18.15,22.05,2.53,1.47,0.169,60,8.819,7.181,1.28
333,Paúles,28,902,Public Transport,True,789.0,209.0,39.604691904999996,99.2,,,3168.3753524,,5.0,99.2,2,73.18,24.43,1.58,1.629,0.106,7,48.343,46.608,8.85
334,Peruri,110,904,Public Transport,True,2070.0,2219.0,13.5437570425,32.43333333333333,0.79330144375,46.77039181958333,1083.5005634,63.4641155,12.0,32.43,0,21.78,9.72,0.93,0.647,0.062,22,10.261,9.551,0.0
335,Pinueta,1955,904,Public Transport,True,41.0,2219.0,6.62388574,29.35,0.79330144375,36.76718718375,529.9108592,63.4641155,9.0,29.35,0,24.15,4.27,0.93,0.284,0.062,15,10.875,10.529,0.0
336,Plaza,523,901,Public Transport,True,1520.0,1078.0,2.70096226375,29.916666666666668,0.9184603362500001,33.53608926666667,216.0769811,73.4768269,31.0,29.92,0,27.9,1.08,0.93,0.073,0.062,31,20.24,20.105,0.0
337,Plentzia,2684,904,Public Transport,True,2131.0,1648.0,8.0921940925,20.05,6.839990448749999,34.98218454125,647.3755274,547.1992359,1.0,20.05,0,7.0,7.02,6.03,0.467,0.402,6,5.867,4.998,0.0
338,Pobeña,184,903,Public Transport,True,711.0,283.0,0.95776267875,53.05,,,76.6210143,,51.0,53.05,1,48.2,0.77,4.08,0.052,0.272,42,20.022,19.699,3.65
339,Poblado Julio Arteche,444,903,Public Transport,True,475.0,2064.0,13.662669382499999,33.166666666666664,,,1093.0135506,,15.0,33.17,0,17.92,12.75,2.5,0.85,0.166,13,12.366,11.35,0.0
340,Portugalete,44885,903,Public Transport,True,232.0,245.0,3.7976397349999997,22.016666666666666,,,303.8111788,,84.0,22.02,0,14.27,3.18,4.57,0.213,0.304,83,7.385,6.868,0.0
341,Poza,18,901,Public Transport,True,1937.0,1005.0,58.1682019,117.71666666666668,1.089115005,176.97398357166668,4653.456152,87.1292004,8.0,117.72,0,80.77,35.85,1.1,2.39,0.074,7,43.503,41.04,0.0
342,Pozueta,396,901,Public Transport,True,1392.0,1078.0,4.4314362425,13.25,0.9184603362500001,18.59989657875,354.5148994,73.4768269,2.0,13.25,0,7.45,4.87,0.93,0.324,0.062,65,4.792,4.405,0.0
343,Presa,46,902,Public Transport,True,773.0,209.0,31.12013108625,116.53333333333332,,,2489.6104869,,5.0,116.53,2,86.02,28.93,1.58,1.929,0.106,7,61.328,59.293,8.85
344,Putxeta,195,903,Public Transport,True,598.0,284.0,6.804665875,34.083333333333336,,,544.37327,,7.0,37.55,0,31.02,4.0,2.53,0.267,0.169,38,17.133,16.697,0.0
345,Ranero,24,902,Public Transport,True,784.0,209.0,61.15906875375,122.23333333333332,,,4892.7255003,,5.0,122.23,2,78.25,42.4,1.58,2.827,0.106,7,53.547,50.614,8.85
346,Sabino Arana,478,901,Public Transport,True,1660.0,1078.0,2.8947518175,19.0,0.9184603362500001,22.81321215375,231.5801454,73.4768269,43.0,19.0,0,15.88,2.18,0.93,0.145,0.062,41,10.844,10.636,0.0
347,Sakoneta,254,904,Public Transport,True,11.0,2219.0,7.4102863462499995,33.416666666666664,0.79330144375,41.620254456666665,592.8229077,63.4641155,9.0,33.42,0,26.4,6.08,0.93,0.405,0.062,17,11.927,11.46,0.0
348,Saldarian,55,901,Public Transport,True,1346.0,1005.0,35.56636385375,50.85,1.089115005,87.50547885875,2845.3091083,87.1292004,42.0,50.85,0,35.38,14.37,1.1,0.958,0.074,39,16.095,15.063,0.0
349,Salud e Higiene,72,901,Public Transport,True,180.0,1004.0,3.34861802,28.133333333333333,2.95083712375,34.432788477083335,267.8894416,236.0669699,43.0,28.13,0,24.68,1.65,1.8,0.11,0.12,40,10.86,10.63,0.0
350,San Agustin,41,901,Public Transport,True,1486.0,1078.0,1.87799833,53.1,0.9184603362500001,55.89645866625,150.2398664,73.4768269,31.0,53.1,0,50.38,1.78,0.93,0.118,0.062,30,30.373,30.193,0.0
351,San Bartolome,242,904,Public Transport,True,2070.0,2219.0,3.6375088750000004,27.183333333333334,0.79330144375,31.614143652083335,291.00071,63.4641155,12.0,27.18,0,21.78,4.47,0.93,0.298,0.062,22,9.912,9.551,0.0
352,San Cipriano,7,902,Public Transport,True,766.0,209.0,1.1091658125000001,87.38333333333334,,,88.733265,,5.0,87.38,2,85.32,0.48,1.58,0.032,0.106,7,58.65,58.512,8.85
353,San Esteban,131,902,Public Transport,True,780.0,209.0,31.96520363875,98.01666666666668,,,2557.2162911,,5.0,98.02,2,80.58,15.85,1.58,1.057,0.106,7,54.414,53.251,8.85
354,San Esteban Derio,1850,903,Public Transport,True,511.0,2064.0,5.31971247375,30.85,,,425.5769979,,15.0,30.85,0,24.22,4.13,2.5,0.276,0.166,13,15.545,15.103,0.0
355,San Esteban Galdames,36,903,Public Transport,True,1785.0,284.0,19.12040294125,62.73333333333333,,,1529.6322353,,2.0,66.1,1,52.32,9.7,4.08,0.646,0.272,9,23.849,22.932,0.3
356,San Inazio,43,901,Public Transport,True,1391.0,1078.0,5.910851435,15.6,0.9184603362500001,22.42931177125,472.8681148,73.4768269,61.0,15.6,0,8.77,5.9,0.93,0.393,0.062,64,5.512,5.057,0.0
357,San Juan Atxondo,54,901,Public Transport,True,1468.0,1078.0,0.45552948125,53.48333333333333,0.9184603362500001,54.857323150833324,36.4423585,73.4768269,4.0,53.48,1,51.8,0.75,0.93,0.05,0.062,14,29.899,29.787,16.25
358,San Juan de Muskiz,6038,903,Public Transport,True,554.0,284.0,6.6920953025,37.1,,,535.3676242,,3.0,42.22,0,39.55,0.13,2.53,0.009,0.169,28,19.78,19.603,0.0
359,San Juan Igorre,299,901,Public Transport,True,1660.0,1078.0,10.912502790000001,26.35,0.9184603362500001,38.18096312625,873.0002232,73.4768269,45.0,26.35,0,15.88,9.53,0.93,0.635,0.062,43,11.334,10.636,0.0
360,San Juan Leioa,399,904,Public Transport,True,10.0,2219.0,4.16577886125,30.466666666666665,0.79330144375,35.42574697166667,333.2623089,63.4641155,9.0,30.47,0,27.32,2.22,0.93,0.148,0.062,15,12.05,11.839,0.0
361,San Juan Ubide,44,901,Public Transport,True,79384.0,1078.0,4.7783706725,64.68333333333334,0.9184603362500001,70.38016434208335,382.2696538,73.4768269,8.0,64.68,0,60.87,2.88,0.93,0.192,0.062,8,40.568,40.313,0.0
362,San Julián de Muskiz,241,903,Public Transport,True,2141.0,283.0,5.7328114775,54.63333333333333,,,458.6249182,,11.0,54.63,1,47.73,2.82,4.08,0.188,0.272,47,20.06,19.601,1.53
363,San Mamés,118,903,Public Transport,True,557.0,283.0,0.29096167375,40.06666666666667,,,23.2769339,,32.0,40.07,1,35.58,0.4,4.08,0.026,0.272,28,15.346,15.047,3.65
364,San Martín de Carral,145,903,Public Transport,True,691.0,284.0,2.83821704625,69.45,,,227.0573637,,18.0,76.07,0,70.52,3.02,2.53,0.201,0.169,18,29.999,29.63,0.0
365,San Miguel de Linares,117,903,Public Transport,True,726.0,278.0,0.22816601374999998,106.85,,,18.2532811,,1.0,110.38,2,106.02,0.28,4.08,0.019,0.272,1,41.236,40.946,31.5
366,San Pedro,44,903,Public Transport,True,624.0,284.0,15.689832527499998,35.8,,,1255.1866022,,6.0,35.8,0,19.43,13.83,2.53,0.923,0.169,38,13.597,12.506,0.0
367,San Pedro Galdames,242,903,Public Transport,True,1739.0,284.0,1.58907319625,59.7,,,127.1258557,,2.0,63.07,1,57.5,1.48,4.08,0.099,0.272,9,25.99,25.619,0.3
368,San Roman,84,901,Public Transport,True,1069.0,1078.0,2.88357422625,29.05,0.9184603362500001,32.8520345625,230.6859381,73.4768269,17.0,29.05,0,24.68,3.43,0.93,0.228,0.062,16,19.048,18.757,0.0
369,San Román,28,903,Public Transport,True,559.0,283.0,1.8901184,39.35,,,151.209472,,31.0,39.35,1,33.37,1.9,4.08,0.126,0.272,27,14.624,14.226,3.65
370,San Vicente de Barakaldo,101375,900,Public Transport,True,294.0,329.0,2.7361623425,17.483333333333334,2.0380568287500003,22.257552504583337,218.8929874,163.0445463,104.0,17.48,0,12.37,3.0,2.12,0.2,0.141,95,6.064,5.723,0.0
371,Sandamendi,968,903,Public Transport,True,935.0,283.0,10.9928899875,52.93333333333333,,,879.431199,,16.0,52.93,1,36.35,12.5,4.08,0.833,0.272,17,21.51,20.405,6.32
372,Sanfuentes,1830,903,Public Transport,True,583.0,284.0,6.23761515,26.566666666666663,,,499.009212,,5.0,26.57,0,18.97,5.07,2.53,0.338,0.169,31,12.837,12.33,0.0
373,Sangrices,44,902,Public Transport,True,772.0,209.0,3.20862866,93.08333333333331,,,256.6902928,,5.0,93.08,2,88.25,3.25,1.58,0.217,0.106,7,62.097,61.775,8.85
374,Santa Cruz,54,903,Public Transport,True,728.0,278.0,20.1647162275,121.98333333333332,,,1613.1772982,,4.0,125.52,2,103.57,17.87,4.08,1.191,0.272,5,40.981,39.518,31.5
375,Santa Isabel,2939,901,Public Transport,True,168.0,1005.0,16.0154692175,33.833333333333336,1.089115005,50.93791755583334,1281.2375374,87.1292004,50.0,37.48,0,18.95,16.73,1.8,1.115,0.12,58,11.948,10.713,0.0
376,Santa Juliana,68,903,Public Transport,True,2212.0,284.0,1.19663592875,29.316666666666663,,,95.7308743,,5.0,29.32,0,26.6,0.18,2.53,0.012,0.169,32,15.378,15.198,0.0
377,Santa Lutzia,40,901,Public Transport,True,1968.0,1078.0,27.575404811250003,42.81666666666667,0.9184603362500001,71.31053181416668,2206.0323849,73.4768269,14.0,42.82,0,18.97,22.92,0.93,1.528,0.062,15,13.035,11.445,0.0
378,Santecilla,32,902,Public Transport,True,784.0,209.0,64.62966080125,114.91666666666669,,,5170.3728641,,5.0,114.92,2,78.25,35.08,1.58,2.338,0.106,7,53.058,50.614,8.85
379,Santelices,156,903,Public Transport,True,554.0,284.0,7.82100989625,39.43333333333333,,,625.6807917,,6.0,43.57,0,38.73,2.3,2.53,0.153,0.169,38,19.904,19.582,0.0
380,Santiago,28,901,Public Transport,True,1465.0,1078.0,1.59993306375,57.05,0.9184603362500001,59.5683934,127.9946451,73.4768269,4.0,57.05,1,54.72,1.4,0.93,0.093,0.062,14,31.405,31.25,16.25
381,Santimami,171,904,Public Transport,True,10.0,2219.0,14.28361742875,40.86666666666667,0.79330144375,55.94358553916667,1142.6893943,63.4641155,10.0,40.87,0,27.32,12.62,0.93,0.841,0.062,18,12.742,11.839,0.0
382,Santsoena,53,904,Public Transport,True,20.0,1594.0,4.6051519475,35.416666666666664,6.41921255125,46.44103116541666,368.4121558,513.5370041,4.0,35.42,0,25.08,4.48,5.85,0.299,0.39,8,12.764,12.076,0.0
383,Santurtzi,46088,903,Public Transport,True,227.0,245.0,6.264304532500001,30.53333333333333,,,501.1443626,,59.0,30.53,0,19.85,6.12,4.57,0.408,0.304,60,9.196,8.484,0.0
384,Sarriena,1558,904,Public Transport,True,21.0,1594.0,7.036045249999999,35.083333333333336,6.41921255125,48.538591134583335,562.88362,513.5370041,3.0,35.08,0,23.65,5.58,5.85,0.372,0.39,7,12.073,11.311,0.0
385,Sestao,28255,900,Public Transport,True,239.0,292.0,6.686962382500001,15.816666666666666,3.99582673875,26.49945578791667,534.9569906,319.6661391,2.0,15.82,0,7.55,4.45,3.82,0.297,0.255,42,3.663,3.112,0.0
386,Sierra,31,902,Public Transport,True,780.0,209.0,31.760831009999997,102.35,,,2540.8664808,,5.0,102.35,2,80.58,20.18,1.58,1.345,0.106,7,54.703,53.251,8.85
387,Sodupe,4165,902,Public Transport,True,881.0,249.0,0.48197716249999994,25.516666666666666,,,38.558173,,66.0,25.52,0,23.57,0.43,1.52,0.029,0.101,62,15.017,14.887,0.0
388,Sollano-Llantada,582,903,Public Transport,True,2195.0,283.0,7.919967712499999,46.61666666666667,,,633.597417,,13.0,46.62,0,35.52,7.02,4.08,0.468,0.272,14,26.329,25.589,0.0
389,Soscaño,242,902,Public Transport,True,756.0,209.0,3.967834225,86.26666666666667,,,317.426738,,5.0,86.27,2,80.68,4.0,1.58,0.267,0.106,7,53.726,53.354,8.85
390,Sukarrieta,290,901,Public Transport,True,1098.0,1078.0,2.13190105125,56.68333333333333,0.9184603362500001,59.73369472083333,170.5520841,73.4768269,18.0,56.68,1,53.23,2.52,0.93,0.167,0.062,17,32.948,32.719,6.07
391,Tallerreta,56,901,Public Transport,True,1390.0,1078.0,0.9377842825,12.366666666666667,0.9184603362500001,14.222911285416668,75.0227426,73.4768269,59.0,12.37,0,9.95,1.48,0.93,0.099,0.062,63,5.936,5.775,0.0
392,Telleria,231,904,Public Transport,True,2070.0,2219.0,2.1300615675,24.516666666666666,0.79330144375,27.440029677916666,170.4049254,63.4641155,9.0,24.52,0,21.78,1.8,0.93,0.12,0.062,15,9.733,9.551,0.0
393,Totorika,6,901,Public Transport,True,1262.0,1078.0,20.624374951249997,72.9,0.9184603362500001,94.4428352875,1649.9499961,73.4768269,6.0,72.9,0,59.82,12.15,0.93,0.81,0.062,8,39.105,38.232,0.0
394,Traña-Matiena,3725,901,Public Transport,True,1427.0,1078.0,1.9064100087500002,21.53333333333333,0.9184603362500001,24.358203678333332,152.5128007,73.4768269,7.0,21.53,0,18.75,1.85,0.93,0.124,0.062,20,22.251,22.065,0.0
395,Traslaviña,126,903,Public Transport,True,806.0,278.0,2.7856323,79.83333333333333,,,222.850584,,6.0,83.37,1,76.17,3.12,4.08,0.207,0.272,7,34.781,34.302,12.52
396,Traslosheros,55,903,Public Transport,True,796.0,278.0,3.47452264125,84.03333333333333,,,277.9618113,,6.0,87.57,1,79.8,3.68,4.08,0.245,0.272,7,37.658,37.141,12.52
397,Triano,58,903,Public Transport,True,617.0,283.0,7.433972011250001,55.766666666666666,,,594.7177609,,26.0,55.77,1,43.0,8.68,4.08,0.579,0.272,15,16.206,15.355,8.6
398,Trobika,169,904,Public Transport,True,1149.0,2220.0,6.842711250000001,32.75,0.90773412,40.50044537,547.4169,72.6187296,4.0,32.75,1,27.68,4.37,0.7,0.291,0.047,15,15.275,14.937,1.15
399,Txipio,611,904,Public Transport,True,2089.0,1648.0,4.55193355125,19.933333333333334,6.839990448749999,31.325257333333333,364.1546841,547.1992359,4.0,20.37,0,7.0,7.33,6.03,0.489,0.402,6,5.888,4.998,0.0
400,Txiriboketa,129,901,Public Transport,True,1536.0,1078.0,6.4017496575,17.633333333333333,0.9184603362500001,24.95354332708333,512.1399726,73.4768269,2.0,17.63,0,9.33,7.37,0.93,0.491,0.062,61,6.33,5.777,0.0
401,Txorierri,1002,904,Public Transport,True,12.0,2219.0,13.758182360000001,37.93333333333333,0.79330144375,52.48481713708333,1100.6545888,63.4641155,10.0,37.93,0,25.38,11.62,0.93,0.774,0.062,18,11.879,11.043,0.0
402,Uarka,31,901,Public Transport,True,1273.0,1078.0,1.6603770812499998,44.15,0.9184603362500001,46.728837417499996,132.8301665,73.4768269,12.0,44.15,0,40.87,2.35,0.93,0.156,0.062,16,26.84,26.621,0.0
403,Udondo,21,904,Public Transport,True,10.0,2219.0,10.86043524625,35.083333333333336,0.79330144375,46.73707002333334,868.8348197,63.4641155,10.0,35.08,0,27.32,6.83,0.93,0.456,0.062,19,12.357,11.839,0.0
404,Ugao-Miraballes,4092,901,Public Transport,True,1344.0,1005.0,23.355755528750002,39.46666666666667,1.089115005,63.911537200416674,1868.4604423,87.1292004,35.0,39.47,0,36.77,1.6,1.1,0.106,0.074,32,16.013,15.833,0.0
405,Ugaran,33,901,Public Transport,True,992.0,1078.0,1.2175283587499999,82.31666666666666,0.9184603362500001,84.45265536166667,97.4022687,73.4768269,16.0,82.32,0,80.57,0.82,0.93,0.055,0.062,24,53.068,52.95,0.0
406,Ugarana,463,901,Public Transport,True,1973.0,1078.0,0.4267404525,25.85,0.9184603362500001,27.19520078875,34.1392362,73.4768269,15.0,25.85,0,24.37,0.55,0.93,0.037,0.062,15,14.225,14.126,0.0
407,Ugarte Artea,36,901,Public Transport,True,1525.0,1078.0,1.1174360975000002,23.8,0.9184603362500001,25.83589643375,89.3948878,73.4768269,31.0,23.8,0,21.93,0.93,0.93,0.062,0.062,31,15.938,15.814,0.0
408,Ugarte Muxika,260,901,Public Transport,True,1171.0,1078.0,4.02751352875,62.4,0.9184603362500001,67.345973865,322.2010823,73.4768269,1.0,62.4,1,57.95,3.52,0.93,0.235,0.062,7,28.842,28.545,8.47
409,Ugarte Orduña,12,901,Public Transport,True,1938.0,1005.0,80.55812562874999,124.55,1.089115005,206.19724063374997,6444.6500503,87.1292004,8.0,124.55,0,79.47,43.98,1.1,2.932,0.074,7,43.319,40.313,0.0
410,Ugarte Valle de Trápaga,691,903,Public Transport,True,374.0,284.0,2.2200645725,9.933333333333334,,,177.6051658,,2.0,9.93,0,6.68,0.72,2.53,0.048,0.169,96,4.195,3.979,0.0
411,Ugeraga,5208,904,Public Transport,True,1593.0,2219.0,14.995224615000001,22.316666666666663,0.79330144375,38.105192725416664,1199.6179692,63.4641155,1.0,22.32,0,7.57,13.82,0.93,0.921,0.062,22,3.723,2.74,0.0
412,Unbe-Mendi,403,903,Public Transport,True,1807.0,284.0,10.3598628825,60.75,,,828.7890306,,7.0,62.07,2,53.82,5.75,2.5,0.384,0.166,5,28.881,28.331,1.15
413,Undurraga,36,901,Public Transport,True,33541.0,1078.0,18.039466795000003,44.266666666666666,0.9184603362500001,63.22459379791667,1443.1573436,73.4768269,34.0,44.27,0,29.43,13.9,0.93,0.926,0.062,34,22.792,21.803,0.0
414,Urberuaga,44,901,Public Transport,True,1109.0,1078.0,12.47902083625,50.583333333333336,0.9184603362500001,63.98081450583334,998.3216669,73.4768269,18.0,50.58,1,40.25,9.4,0.93,0.627,0.062,17,24.835,24.146,6.07
415,Urbi,1599,901,Public Transport,True,171.0,1005.0,10.72369424,14.783333333333331,1.089115005,26.596142578333332,857.8955392,87.1292004,133.0,14.78,0,9.35,4.33,1.1,0.289,0.074,127,6.452,6.09,0.0
416,Urduña/Orduña,3591,901,Public Transport,True,1587.0,1005.0,5.32715789875,90.2,1.089115005,96.61627290375,426.1726319,87.1292004,8.0,90.2,0,85.37,3.73,1.1,0.249,0.074,7,44.71,44.388,0.0
417,Urezarantza,300,904,Public Transport,True,2188.0,1648.0,16.70249126125,30.8,6.839990448749999,54.34248171,1336.1993009,547.1992359,1.0,30.8,0,10.12,14.65,6.03,0.977,0.402,6,8.151,6.772,0.0
418,Uria,1513,901,Public Transport,True,966.0,1078.0,3.2503734162500004,9.766666666666667,0.9184603362500001,13.935500419166669,260.0298733,73.4768269,9.0,9.77,0,6.88,1.95,0.93,0.13,0.062,9,5.768,5.575,0.0
419,Uria-Elexalde,13,901,Public Transport,True,1937.0,1005.0,50.678072763749995,110.43333333333334,1.089115005,162.20052110208331,4054.2458211,87.1292004,8.0,110.43,0,80.77,28.57,1.1,1.905,0.074,7,43.018,41.04,0.0
420,Uribarri,112,901,Public Transport,True,1567.0,1005.0,16.5200141425,52.23333333333333,1.089115005,69.84246248083332,1321.6011314,87.1292004,30.0,52.23,0,41.92,9.22,1.1,0.615,0.074,27,19.414,18.725,0.0
421,Uribarri-Zabaleta,29,901,Public Transport,True,1253.0,1078.0,73.2375285075,129.13333333333333,0.9184603362500001,203.28932217708333,5859.0022806,73.4768269,9.0,129.13,0,74.83,53.37,0.93,3.558,0.062,14,52.183,48.562,0.0
422,Uribe,42,901,Public Transport,True,1521.0,1078.0,25.538539172500002,50.41666666666666,0.9184603362500001,76.87366617541667,2043.0831338,73.4768269,35.0,50.42,0,26.27,23.22,0.93,1.547,0.062,35,20.56,18.951,0.0
423,Urigoiti,51,901,Public Transport,True,1554.0,1004.0,26.502140509999997,109.58333333333331,2.95083712375,139.03631096708332,2120.1712408,236.0669699,5.0,115.92,0,90.82,23.3,1.8,1.554,0.12,4,41.255,39.581,0.0
424,Uriondo,28,901,Public Transport,True,1318.0,1078.0,29.024966992499998,80.36666666666666,0.9184603362500001,110.31009399541666,2321.9973594,73.4768269,2.0,80.37,1,56.17,23.27,0.93,1.551,0.062,14,27.547,25.933,10.05
425,Urioste,892,903,Public Transport,True,590.0,284.0,3.89252925,17.933333333333334,,,311.40234,,4.0,17.93,0,11.73,3.67,2.53,0.244,0.169,31,8.198,7.785,0.0
426,Urizar,270,903,Public Transport,True,114254.0,284.0,1.7703349137499997,74.75,,,141.6267931,,21.0,88.53,1,84.08,1.95,2.5,0.131,0.166,18,34.84,34.543,24.53
427,Urkitzaur,453,904,Public Transport,True,1140.0,2220.0,2.2987746112500003,50.41666666666666,0.90773412,53.62317539791666,183.9019689,72.6187296,4.0,50.42,1,46.85,2.87,0.7,0.191,0.047,15,24.555,24.317,1.37
428,Urriola,41,901,Public Transport,True,1258.0,1078.0,18.346474118750002,83.01666666666667,0.9184603362500001,102.28160112166668,1467.7179295,73.4768269,6.0,83.02,0,65.22,16.87,0.93,1.124,0.062,8,44.062,42.875,0.0
429,Urrutia,47,901,Public Transport,True,1246.0,1078.0,28.4017264,90.93333333333334,0.9184603362500001,120.25352006958335,2272.138112,73.4768269,16.0,90.93,0,78.9,11.1,0.93,0.74,0.062,24,52.381,51.58,0.0
430,Usansolo,3322,901,Public Transport,True,1396.0,1078.0,7.623889881249999,8.15,0.9184603362500001,16.6923502175,609.9111905,73.4768269,3.0,8.15,0,1.42,5.8,0.93,0.387,0.062,5,1.496,1.047,0.0
431,Usparitxa,48,901,Public Transport,True,1070.0,1078.0,11.21769823875,32.416666666666664,0.9184603362500001,44.55282524166666,897.4158591,73.4768269,17.0,32.42,0,23.63,7.85,0.93,0.524,0.062,16,18.257,17.671,0.0
432,Valle,110,903,Public Transport,True,754.0,283.0,14.51260633375,42.88333333333333,,,1161.0085067,,31.0,42.88,1,32.78,6.02,4.08,0.401,0.272,27,14.38,13.707,3.65
433,Valle de Trápaga/Trapagaran,10120,903,Public Transport,True,370.0,284.0,2.3443998974999998,13.016666666666667,,,187.5519918,,4.0,13.02,0,8.77,1.72,2.53,0.114,0.169,32,5.917,5.634,0.0
434,Virgen del Puerto,110,903,Public Transport,True,562.0,245.0,0.6764284899999999,43.75,,,54.1142792,,11.0,43.75,1,37.73,1.45,4.57,0.096,0.304,28,14.846,14.446,4.82
435,Zabaloetxe,914,903,Public Transport,True,408.0,278.0,6.577492712500001,52.5,,,526.199417,,9.0,53.67,1,45.63,5.53,2.5,0.369,0.166,10,25.241,24.706,1.38
436,Zaldibar,2832,901,Public Transport,True,1425.0,1078.0,4.9584720437500005,36.38333333333333,0.9184603362500001,42.26026571333333,396.6777635,73.4768269,8.0,36.38,1,30.17,5.28,0.93,0.353,0.062,20,28.698,28.284,0.4
437,Zaldu,148,903,Public Transport,True,877.0,283.0,7.678175738749999,45.06666666666667,,,614.2540591,,1.0,45.07,1,33.03,7.95,4.08,0.53,0.272,1,20.843,20.041,0.55
438,Zangroiz,29,903,Public Transport,True,477.0,2064.0,6.86848694625,24.133333333333333,,,549.4789557,,15.0,24.13,0,15.5,6.13,2.5,0.409,0.166,13,10.385,9.809,0.0
439,Zaramillo,382,902,Public Transport,True,888.0,249.0,1.9434647875,19.616666666666667,,,155.477183,,37.0,19.62,0,16.12,1.98,1.52,0.133,0.101,32,9.978,9.744,0.0
440,Zaratamo,216,901,Public Transport,True,1655.0,1004.0,0.9661937525000001,41.7,2.95083712375,45.61703087625,77.2955002,236.0669699,56.0,45.0,0,26.7,16.5,1.8,1.099,0.12,46,12.405,11.185,0.0
441,Zarrageta,500,904,Public Transport,True,2069.0,2219.0,2.14589953125,24.95,0.79330144375,27.889200974999998,171.6719625,63.4641155,9.0,24.95,0,22.43,1.58,0.93,0.105,0.062,15,9.99,9.823,0.0
442,Zeinka-Zearregi,47,901,Public Transport,True,1493.0,1078.0,43.32740062625,74.63333333333334,0.9184603362500001,118.87919429583334,3466.1920501,73.4768269,15.0,74.63,0,41.45,32.25,0.93,2.15,0.062,15,40.635,38.422,0.0
443,Zelaia Arantzazu,287,901,Public Transport,True,1529.0,1078.0,3.5685691475,21.933333333333334,0.9184603362500001,26.420362817083333,285.4855318,73.4768269,30.0,21.93,0,18.45,2.55,0.93,0.17,0.062,30,12.181,11.949,0.0
444,Zelaia Mendexa,151,901,Public Transport,True,2181.0,1078.0,30.52156219625,104.28333333333332,0.9184603362500001,135.72335586583333,2441.7249757,73.4768269,17.0,104.28,0,81.38,21.97,0.93,1.464,0.062,26,55.005,53.479,0.0
445,Zelaieta,621,901,Public Transport,True,1061.0,1078.0,2.771822405,41.48333333333333,0.9184603362500001,45.17361607458333,221.7457924,73.4768269,9.0,41.48,0,39.32,1.23,0.93,0.082,0.062,8,29.493,29.349,0.0
446,Zollo-Elexalde,47,901,Public Transport,True,1567.0,1005.0,65.3308639375,82.95,1.089115005,149.36997894249998,5226.469115,87.1292004,31.0,82.95,0,41.92,39.93,1.1,2.662,0.074,28,21.461,18.725,0.0
447,Zubero,26,901,Public Transport,True,1257.0,1078.0,19.7656732075,84.9,0.9184603362500001,105.58413354375001,1581.2538566,73.4768269,6.0,84.9,0,67.65,16.32,0.93,1.087,0.062,8,44.987,43.838,0.0
448,Zubialde,387,901,Public Transport,True,1324.0,1078.0,2.9268388025,55.2,0.9184603362500001,59.04529913875,234.1471042,73.4768269,2.0,55.2,1,50.68,3.58,0.93,0.238,0.062,12,23.164,22.863,10.05
449,Zubiaur Bakio,601,904,Public Transport,True,1141.0,2220.0,6.43863562125,49.7,0.90773412,57.046369741250004,515.0908497,72.6187296,4.0,49.7,1,44.78,4.22,0.7,0.282,0.047,15,24.012,23.683,1.37
450,Zubiaur Orozko,1778,901,Public Transport,True,1560.0,1004.0,1.06004024875,79.75,2.95083712375,83.7608773725,84.8032199,236.0669699,20.0,81.37,0,78.62,0.95,1.8,0.063,0.12,23,34.648,34.464,0.0
451,Zubieta,53,901,Public Transport,True,1392.0,1078.0,9.99718818125,10.5,0.9184603362500001,21.4156485175,799.7750545,73.4768269,2.0,10.5,0,7.45,2.12,0.93,0.142,0.062,65,4.609,4.405,0.0
452,Zubiete,425,903,Public Transport,True,937.0,283.0,20.19208181375,45.5,,,1615.3665451,,14.0,45.5,1,34.88,6.53,4.08,0.435,0.272,14,20.231,19.524,6.32
453,Zuloaga,119,901,Public Transport,True,1563.0,1005.0,9.191551188750001,53.61666666666667,1.089115005,63.89733286041667,735.3240951,87.1292004,30.0,53.62,0,46.78,5.73,1.1,0.382,0.074,27,22.535,22.08,0.0
