Origin,Origin_Population,Destination,Uses_Public_Transport,FromStopPointNo,ToStopPointNo,Access_Time_Minutes,Egress_Time_Minutes,Access_Distance_Meters,Egress_Distance_Meters,Total_Time_Minutes,Journey_Type,Mejor_JRT,Mejor_NTR,Mejor_RIT,Mejor_ACT,Mejor_EGT,Mejor_ACD,Mejor_EGD,Mejor_SFQ,Mejor_JRD,Mejor_RID,Mejor_TWT
1,1559.0,718,True,1475,278,1.4780678225000001,,118.2454258,,,Public Transport,56.75,1.0,54.87,0.57,1.32,0.037,0.088,28.0,40.326,40.2,3.42
2,25.0,718,True,610,284,10.381505725,,830.520458,,,Public Transport,34.27,0.0,26.6,5.13,2.53,0.343,0.169,36.0,15.709,15.198,0.0
3,42.0,718,True,1390,278,6.440452806250001,,515.2362245,,,Public Transport,61.22,1.0,45.73,14.17,1.32,0.945,0.088,41.0,24.342,23.309,2.27
4,22.0,718,True,1201,2064,24.197265755,,1935.7812604,,,Public Transport,77.38,1.0,67.2,7.68,2.5,0.512,0.166,12.0,39.071,38.393,5.47
5,2272.0,718,True,162,284,4.2985756424999995,,343.8860514,,,Public Transport,40.57,1.0,35.38,2.65,2.53,0.177,0.169,45.0,15.897,15.552,0.48
6,1258.0,718,True,2130,278,9.106720335,,728.5376268,,,Public Transport,84.22,2.0,74.82,6.9,2.5,0.46,0.166,32.0,28.011,27.385,22.27
7,102.0,718,True,786,278,30.85243540125,,2468.1948321,,,Public Transport,118.43,1.0,98.03,16.32,4.08,1.087,0.272,7.0,52.682,51.323,12.52
8,194.0,718,True,1376,284,8.880122465,,710.4097972,,,Public Transport,45.53,1.0,34.98,8.02,2.53,0.535,0.169,53.0,35.901,35.197,1.05
9,52.0,718,True,1071,284,62.69872717,,5015.8981736,,,Public Transport,96.63,2.0,48.35,45.75,2.53,3.05,0.169,43.0,35.807,32.589,4.57
10,24.0,718,True,8,2064,4.60397649,,368.3181192,,,Public Transport,22.05,0.0,16.68,2.87,2.5,0.191,0.166,15.0,9.579,9.222,0.0
11,34.0,718,True,1294,278,22.08126405125,,1766.5011241,,,Public Transport,123.62,3.0,106.72,15.58,1.32,1.039,0.088,5.0,59.256,58.129,19.6
12,22.0,718,True,1059,278,44.12115105125,,3529.6920841,,,Public Transport,128.03,2.0,85.32,41.4,1.32,2.76,0.088,8.0,55.848,53.0,15.87
13,45.0,718,True,1266,284,51.245595885,,4099.6476708,,,Public Transport,116.45,2.0,77.7,36.22,2.53,2.415,0.169,10.0,56.219,53.635,2.7
14,11.0,718,True,1557,278,11.098961062499999,,887.916885,,,Public Transport,142.55,3.0,127.9,13.33,1.32,0.889,0.088,4.0,52.989,52.012,28.17
15,296.0,718,True,1191,278,2.75881109625,,220.7048877,,,Public Transport,65.02,1.0,59.17,3.35,2.5,0.223,0.166,2.0,29.963,29.574,0.7
16,47.0,718,True,776,278,97.11262355875,,7769.0098847,,,Public Transport,157.18,1.0,105.2,47.9,4.08,3.193,0.272,7.0,62.297,58.832,12.52
17,495.0,718,True,511,2064,5.90538161125,,472.4305289,,,Public Transport,31.2,0.0,24.22,4.48,2.5,0.299,0.166,13.0,15.568,15.103,0.0
18,7.0,718,True,727,278,62.151811695000006,,4972.1449356,,,Public Transport,151.93,2.0,104.72,43.13,4.08,2.876,0.272,5.0,43.412,40.265,31.5
19,37980.0,718,True,2088,2064,11.19846875,,895.8775,,,Public Transport,35.57,0.0,22.4,10.67,2.5,0.711,0.166,29.0,13.044,12.167,0.0
20,33.0,718,True,1200,2064,23.7965468625,,1903.723749,,,Public Transport,90.47,1.0,69.07,18.9,2.5,1.26,0.166,12.0,40.935,39.509,5.47
21,1827.0,718,True,893,284,7.378180111250001,,590.2544089,,,Public Transport,19.77,0.0,12.68,3.0,4.08,0.2,0.272,14.0,9.791,9.319,0.0
22,828.0,718,True,1103,284,37.666453515,,3013.3162812,,,Public Transport,95.68,2.0,67.13,26.02,2.53,1.734,0.169,41.0,48.504,46.601,4.57
23,10645.0,718,True,525,278,3.1872555399999998,,254.9804432,,,Public Transport,56.53,1.0,51.2,2.83,2.5,0.189,0.166,32.0,16.641,16.285,11.87
24,25.0,718,True,33541,278,35.595885894999995,,2847.6708716,,,Public Transport,90.9,1.0,69.78,19.8,1.32,1.32,0.088,25.0,41.463,40.055,6.88
25,125.0,718,True,33541,278,3.51549720625,,281.2397765,,,Public Transport,75.33,1.0,69.78,4.23,1.32,0.283,0.088,24.0,40.426,40.055,6.88
26,440.0,718,True,784,278,3.1005035199999997,,248.0402816,,,Public Transport,105.95,1.0,99.75,2.12,4.08,0.141,0.272,7.0,53.127,52.715,12.52
27,91.0,718,True,1148,2064,11.47727080125,,918.1816641,,,Public Transport,61.58,1.0,49.02,10.07,2.5,0.671,0.166,12.0,27.689,26.852,5.47
28,17603.0,718,True,1073,284,2.8749088825,,229.9927106,,,Public Transport,42.93,2.0,38.25,2.15,2.53,0.143,0.169,59.0,28.936,28.625,2.7
29,23.0,718,True,1836,278,30.595210406249997,,2447.6168325,,,Public Transport,97.97,2.0,79.58,17.07,1.32,1.138,0.088,15.0,48.293,47.067,9.35
30,36.0,718,True,1191,278,9.381552786250001,,750.5242229,,,Public Transport,68.92,1.0,59.17,7.25,2.5,0.483,0.166,2.0,30.223,29.574,0.7
31,13139.0,718,True,30,2064,10.88420359875,,870.7362879,,,Public Transport,34.92,0.0,26.07,6.35,2.5,0.423,0.166,18.0,14.444,13.855,0.0
32,100.0,718,True,1706,278,2.15254951875,,172.2039615,,,Public Transport,91.53,1.0,74.15,14.88,2.5,0.992,0.166,10.0,36.339,35.181,0.7
33,167.0,718,True,2106,284,1.550153175,,124.012254,,,Public Transport,86.73,1.0,82.73,1.5,2.5,0.1,0.166,15.0,33.355,33.089,24.53
34,934.0,718,True,1479,278,5.13797641375,,411.0381131,,,Public Transport,66.88,1.0,60.88,4.68,1.32,0.312,0.088,28.0,43.681,43.281,3.42
35,5.0,718,True,1564,284,20.7173559775,,1657.3884782,,,Public Transport,89.85,3.0,78.32,9.0,2.53,0.601,0.169,21.0,28.332,27.563,7.02
36,1543.0,718,True,1066,284,5.0753008625,,406.024069,,,Public Transport,63.72,2.0,56.28,4.9,2.53,0.327,0.169,61.0,39.859,39.363,4.57
37,1909.0,718,True,637,283,4.11514505625,,329.2116045,,,Public Transport,38.32,0.0,32.08,2.15,4.08,0.143,0.272,14.0,23.459,23.044,0.0
38,81.0,718,True,1392,278,7.4956466187499995,,599.6517295,,,Public Transport,49.77,1.0,44.4,4.05,1.32,0.27,0.088,34.0,23.016,22.658,2.27
39,32.0,718,True,1529,278,4.746733186249999,,379.7386549,,,Public Transport,61.07,1.0,55.73,4.02,1.32,0.267,0.088,24.0,30.556,30.201,6.88
40,20.0,718,True,1340,284,8.75249743375,,700.1997947,,,Public Transport,95.53,3.0,90.02,2.98,2.53,0.199,0.169,9.0,28.227,27.859,13.0
41,247.0,718,True,890,284,2.22072758625,,177.6582069,,,Public Transport,20.87,0.0,14.3,2.48,4.08,0.165,0.272,14.0,11.274,10.837,0.0
42,1245.0,718,True,1523,278,3.34813628,,267.8509024,,,Public Transport,64.9,1.0,61.92,1.67,1.32,0.111,0.088,24.0,35.331,35.131,6.88
43,25409.0,718,True,6,2064,7.27476440375,,581.9811523,,,Public Transport,31.82,0.0,21.77,7.55,2.5,0.503,0.166,21.0,11.434,10.765,0.0
44,76.0,718,True,1322,278,1.56526593375,,125.2212747,,,Public Transport,97.0,3.0,93.9,1.78,1.32,0.119,0.088,9.0,44.383,44.176,24.83
45,35.0,718,True,1422,278,8.7827784675,,702.6222774,,,Public Transport,70.87,2.0,61.73,7.82,1.32,0.521,0.088,27.0,48.469,47.86,4.62
46,7.0,718,True,1744,284,9.96026555625,,796.8212445,,,Public Transport,59.0,0.0,52.08,4.38,2.53,0.292,0.169,21.0,25.028,24.568,0.0
47,487.0,718,True,1567,284,1.6271509600000003,,130.1720768,,,Public Transport,79.82,3.0,75.37,1.92,2.53,0.128,0.169,21.0,25.709,25.413,7.02
48,544.0,718,True,463,278,15.09329468125,,1207.4635745,,,Public Transport,52.97,1.0,48.07,2.4,2.5,0.16,0.166,19.0,21.885,21.558,12.77
49,33744.0,718,True,196,284,4.25314280625,,340.2514245,,,Public Transport,55.68,2.0,49.98,3.17,2.53,0.211,0.169,42.0,15.114,14.735,6.62
50,900.0,718,True,1356,284,4.8836529275,,390.6922342,,,Public Transport,48.6,1.0,37.0,9.07,2.53,0.604,0.169,45.0,17.475,16.703,0.48
51,66.0,718,True,1336,284,2.8883379062500003,,231.0670325,,,Public Transport,97.47,3.0,92.45,2.48,2.53,0.165,0.169,9.0,29.565,29.231,13.0
52,608.0,718,True,2109,2064,0.40829834624999994,,32.6638677,,,Public Transport,92.12,2.0,89.42,0.2,2.5,0.014,0.166,25.0,37.698,37.518,25.43
53,48.0,718,True,1109,284,12.053583858749999,,964.2867087,,,Public Transport,72.72,2.0,62.02,8.17,2.53,0.544,0.169,32.0,42.238,41.525,4.57
54,365.0,718,True,1536,278,0.86095978875,,68.8767831,,,Public Transport,49.4,1.0,47.27,0.82,1.32,0.055,0.088,32.0,24.172,24.029,2.27
55,53.0,718,True,331603,278,35.40212754125,,2832.1702033,,,Public Transport,66.75,1.0,49.55,15.88,1.32,1.058,0.088,30.0,26.621,25.474,6.88
56,58.0,718,True,2232,284,1.21346450125,,97.0771601,,,Public Transport,77.82,2.0,73.73,1.55,2.53,0.103,0.169,14.0,48.507,48.235,8.18
57,512.0,718,True,92,2064,20.58174676875,,1646.5397415,,,Public Transport,34.27,1.0,24.27,7.5,2.5,0.5,0.166,11.0,11.924,11.258,4.43
58,6159.0,718,True,179,284,5.12855934625,,410.2847477,,,Public Transport,69.58,2.0,62.53,4.52,2.53,0.301,0.169,26.0,20.977,20.507,6.57
59,30.0,718,True,999,284,43.771411756250004,,3501.7129405,,,Public Transport,80.48,1.0,61.38,16.57,2.53,1.105,0.169,44.0,50.945,49.672,5.55
60,925.0,718,True,37,2064,5.79821170375,,463.8569363,,,Public Transport,23.22,0.0,16.28,4.43,2.5,0.296,0.166,31.0,9.772,9.31,0.0
61,1185.0,718,True,13,283,1.0002032112500001,,80.0162569,,,Public Transport,25.68,0.0,14.98,8.2,2.5,0.547,0.166,24.0,9.509,8.796,0.0
62,2381.0,718,True,466,2064,2.00973798375,,160.7790387,,,Public Transport,45.03,1.0,40.33,2.2,2.5,0.146,0.166,15.0,16.808,16.495,12.77
63,3761.0,718,True,512,2064,15.53450215,,1242.760172,,,Public Transport,33.55,0.0,21.87,9.18,2.5,0.612,0.166,13.0,15.093,14.314,0.0
64,30.0,718,True,1348,284,53.8101867725,,4304.8149418,,,Public Transport,99.57,3.0,65.13,31.9,2.53,2.126,0.169,27.0,22.86,20.565,7.02
65,45.0,718,True,1394,278,5.4229442325,,433.8355386,,,Public Transport,48.58,1.0,40.9,6.37,1.32,0.424,0.088,34.0,21.297,20.785,2.27
66,50.0,718,True,1388,278,1.8441773824999999,,147.5341906,,,Public Transport,57.9,2.0,55.23,1.35,1.32,0.09,0.088,45.0,27.018,26.839,7.02
67,43.0,718,True,2174,278,30.140410107500003,,2411.2328086,,,Public Transport,78.42,1.0,64.22,12.88,1.32,0.859,0.088,24.0,37.378,36.43,6.88
68,28.0,718,True,1490,284,37.09289674875,,2967.4317399,,,Public Transport,105.63,1.0,93.62,10.7,1.32,0.713,0.088,30.0,74.667,73.866,1.78
69,10312.0,718,True,56,283,11.02825626875,,882.2605015,,,Public Transport,46.03,2.0,34.05,7.9,4.08,0.527,0.272,31.0,13.563,12.764,4.17
70,53.0,718,True,1107,284,3.624252665,,289.9402132,,,Public Transport,68.52,2.0,63.25,2.73,2.53,0.182,0.169,34.0,42.861,42.511,4.57
71,155.0,718,True,1685,2064,12.676800722500001,,1014.1440578,,,Public Transport,60.23,1.0,44.67,13.07,2.5,0.871,0.166,12.0,26.654,25.617,0.97
72,372.0,718,True,1257,284,3.84506127,,307.6049016,,,Public Transport,98.52,2.0,92.95,3.03,2.53,0.202,0.169,13.0,63.746,63.376,2.7
73,787.0,718,True,1101,284,1.0279030275,,82.2322422,,,Public Transport,73.5,2.0,69.63,1.33,2.53,0.089,0.169,42.0,48.539,48.282,4.57
74,33.0,718,True,1391,278,12.36099525,,988.87962,,,Public Transport,56.62,1.0,45.73,9.57,1.32,0.638,0.088,37.0,24.035,23.309,2.27
75,22.0,718,True,1413,278,29.231624,,2338.52992,,,Public Transport,67.45,2.0,50.47,15.67,1.32,1.044,0.088,46.0,40.285,39.152,5.32
76,32.0,718,True,1109,284,38.3176875575,,3065.4150046,,,Public Transport,96.75,2.0,62.02,32.2,2.53,2.147,0.169,32.0,43.841,41.525,4.57
77,7575.0,718,True,679,283,14.315896731250001,,1145.2717385,,,Public Transport,63.83,0.0,51.42,8.33,4.08,0.556,0.272,14.0,37.451,36.624,0.0
78,6.0,718,True,1047,278,19.47149238625,,1557.7193909,,,Public Transport,132.8,2.0,111.13,20.35,1.32,1.357,0.088,12.0,70.39,68.945,15.87
79,89.0,718,True,1200,2064,13.268047963750002,,1061.4438371,,,Public Transport,79.78,1.0,69.07,8.22,2.5,0.548,0.166,28.0,40.223,39.509,5.47
80,56.0,718,True,1975,278,45.26120641875,,3620.8965135,,,Public Transport,79.12,2.0,64.2,13.6,1.32,0.907,0.088,15.0,34.988,33.993,9.35
81,59.0,718,True,1532,278,10.751323935,,860.1059148,,,Public Transport,55.08,1.0,52.13,1.63,1.32,0.109,0.088,28.0,28.242,28.045,6.88
82,2494.0,718,True,2085,2064,3.70103419125,,296.0827353,,,Public Transport,33.92,1.0,28.68,2.73,2.5,0.182,0.166,27.0,14.211,13.862,0.07
83,24.0,718,True,1059,278,16.383018817499998,,1310.6415054,,,Public Transport,103.7,2.0,85.32,17.07,1.32,1.137,0.088,8.0,54.226,53.0,15.87
84,3737.0,718,True,475,2064,1.154984505,,92.3987604,,,Public Transport,21.87,0.0,17.92,1.45,2.5,0.096,0.166,13.0,11.612,11.35,0.0
85,37.0,718,True,1192,278,25.36070007375,,2028.8560059,,,Public Transport,66.65,1.0,54.97,9.18,2.5,0.612,0.166,2.0,28.8,28.022,0.7
86,38.0,718,True,1862,278,0.7940414474999999,,63.5233158,,,Public Transport,110.63,2.0,108.73,0.58,1.32,0.038,0.088,12.0,67.279,67.152,15.87
87,35.0,718,True,7,2064,7.14562119,,571.6496952,,,Public Transport,26.55,0.0,19.03,5.02,2.5,0.334,0.166,31.0,10.618,10.117,0.0
88,71.0,718,True,1006,284,14.1549338375,,1132.394707,,,Public Transport,37.28,2.0,24.15,10.6,2.53,0.707,0.169,37.0,20.18,19.304,2.7
89,45.0,718,True,1561,284,1.2752569037500001,,102.0205523,,,Public Transport,103.98,3.0,100.68,0.77,2.53,0.051,0.169,16.0,39.77,39.55,7.02
90,4544.0,718,True,2082,2064,1.36414918,,109.1319344,,,Public Transport,35.72,1.0,32.17,1.05,2.5,0.07,0.166,27.0,15.12,14.883,0.07
91,16507.0,718,True,1199,2064,4.68046334,,374.4370672,,,Public Transport,76.85,1.0,69.93,4.42,2.5,0.294,0.166,32.0,40.723,40.262,5.47
92,36.0,718,True,1413,278,35.8706173075,,2869.6493846,,,Public Transport,72.78,2.0,50.47,21.0,1.32,1.4,0.088,46.0,40.64,39.152,5.32
93,26.0,718,True,750,278,63.192455582499996,,5055.3964466,,,Public Transport,153.38,1.0,101.12,48.18,4.08,3.213,0.272,7.0,57.757,54.272,12.52
94,2046.0,718,True,1696,2064,3.5956256987499997,,287.6500559,,,Public Transport,50.2,1.0,45.02,2.68,2.5,0.179,0.166,13.0,20.611,20.265,9.22
95,100.0,718,True,1484,278,32.13408319875,,2570.7266559,,,Public Transport,94.27,1.0,69.07,23.88,1.32,1.593,0.088,22.0,48.782,47.102,3.42
96,3804.0,718,True,1684,284,6.3744720125,,509.957761,,,Public Transport,61.08,1.0,50.08,8.47,2.53,0.565,0.169,33.0,41.364,40.631,5.55
97,36.0,718,True,811,278,15.73442221625,,1258.7537773,,,Public Transport,90.57,1.0,72.3,14.18,4.08,0.946,0.272,7.0,32.504,31.287,12.52
98,79.0,718,True,748,278,17.8635540625,,1429.084325,,,Public Transport,115.5,1.0,98.48,12.93,4.08,0.862,0.272,7.0,52.819,51.685,12.52
99,41.0,718,True,1394,278,2.3134517312500003,,185.0761385,,,Public Transport,44.78,1.0,40.9,2.57,1.32,0.171,0.088,32.0,21.044,20.785,2.27
100,94.0,718,True,1973,278,40.08112193875,,3206.4897551,,,Public Transport,87.9,2.0,61.28,25.3,1.32,1.687,0.088,15.0,34.153,32.378,9.35
101,348605.0,718,True,1823,284,3.880949215,,310.4759372,,,Public Transport,21.45,0.0,12.2,6.72,2.53,0.448,0.169,102.0,5.854,5.238,0.0
102,174.0,718,True,1493,284,25.32566284875,,2026.0530279,,,Public Transport,93.62,1.0,63.73,27.35,2.53,1.823,0.169,44.0,54.007,52.015,5.55
103,36.0,718,True,784,278,21.2243718575,,1697.9497486,,,Public Transport,118.83,1.0,99.75,15.0,4.08,1.0,0.272,7.0,53.986,52.715,12.52
104,40.0,718,True,1389,278,3.2052226662499996,,256.4178133,,,Public Transport,59.63,2.0,53.37,4.95,1.32,0.33,0.088,43.0,25.698,25.279,7.02
105,36.0,718,True,1761,2064,25.55555867625,,2044.4446941,,,Public Transport,89.08,1.0,68.08,18.5,2.5,1.233,0.166,4.0,31.27,29.871,12.63
106,27.0,718,True,182,284,24.8330889525,,1986.6471162,,,Public Transport,72.68,2.0,58.18,11.97,2.53,0.798,0.169,30.0,19.617,18.651,6.57
107,6.0,718,True,178,284,31.48797414875,,2519.0379319,,,Public Transport,81.97,2.0,63.35,16.08,2.53,1.072,0.169,28.0,22.078,20.837,6.57
108,27.0,718,True,587,284,27.267207685,,2181.3766148,,,Public Transport,25.18,0.0,12.73,9.92,2.53,0.661,0.169,31.0,9.742,8.913,0.0
109,743.0,718,True,39,2064,4.48793335375,,359.0346683,,,Public Transport,18.9,0.0,13.78,2.62,2.5,0.175,0.166,31.0,8.816,8.475,0.0
110,81.0,718,True,710,284,0.96348907,,77.0791256,,,Public Transport,60.57,1.0,55.85,0.63,4.08,0.042,0.272,8.0,23.705,23.391,0.03
111,452.0,718,True,750,278,1.71496319,,137.1970552,,,Public Transport,107.23,1.0,101.12,2.03,4.08,0.135,0.272,7.0,54.679,54.272,12.52
112,25.0,718,True,580,284,31.34191632125,,2507.3533057,,,Public Transport,48.7,0.0,32.57,13.6,2.53,0.907,0.169,38.0,18.348,17.273,0.0
113,36.0,718,True,2185,278,21.82204902625,,1745.7639221,,,Public Transport,128.93,2.0,111.05,13.8,4.08,0.92,0.272,2.0,44.754,43.562,47.38
114,22.0,718,True,1096,2064,20.80055230125,,1664.0441841,,,Public Transport,89.25,1.0,70.82,15.93,2.5,1.063,0.166,32.0,42.021,40.792,5.47
115,5752.0,718,True,164,284,4.61814314625,,369.4514517,,,Public Transport,38.58,1.0,31.68,4.37,2.53,0.291,0.169,44.0,14.192,13.732,0.48
116,25.0,718,True,1411,278,13.742893087499999,,1099.431447,,,Public Transport,66.53,2.0,53.3,11.92,1.32,0.794,0.088,45.0,43.086,42.204,5.32
117,7.0,718,True,1393,278,17.567223103750003,,1405.3778483,,,Public Transport,49.47,1.0,43.3,4.85,1.32,0.323,0.088,34.0,22.22,21.808,2.27
118,29816.0,718,True,1375,284,7.9867151737499995,,638.9372139,,,Public Transport,48.3,1.0,38.05,7.72,2.53,0.515,0.169,44.0,36.493,35.81,1.05
119,448.0,718,True,1048,278,1.83149356375,,146.5194851,,,Public Transport,106.12,2.0,103.45,1.35,1.32,0.09,0.088,12.0,64.899,64.721,15.87
120,78.0,718,True,1419,278,36.539156758749996,,2923.1325407,,,Public Transport,80.77,1.0,54.6,24.85,1.32,1.656,0.088,33.0,50.022,48.278,0.02
121,72.0,718,True,786,278,0.3399924,,27.199392,,,Public Transport,102.9,1.0,98.03,0.78,4.08,0.052,0.272,7.0,51.647,51.323,12.52
122,31.0,718,True,620,284,1.921460905,,153.7168724,,,Public Transport,38.48,0.0,22.57,13.38,2.53,0.892,0.169,41.0,14.743,13.682,0.0
123,482.0,718,True,624,284,2.2804269475,,182.4341558,,,Public Transport,23.78,0.0,19.43,1.82,2.53,0.121,0.169,31.0,12.796,12.506,0.0
124,251.0,718,True,662,284,0.31281822375,,25.0254579,,,Public Transport,61.38,1.0,58.22,0.63,2.53,0.042,0.169,14.0,27.789,27.578,7.52
125,159.0,718,True,561,245,3.2140743487500005,,257.1259479,,,Public Transport,45.38,1.0,38.03,2.78,4.57,0.185,0.304,28.0,15.199,14.71,4.82
126,30.0,718,True,1744,284,1.75861780625,,140.6894245,,,Public Transport,56.53,0.0,52.08,1.92,2.53,0.128,0.169,21.0,24.864,24.568,0.0
127,26.0,718,True,417,284,10.6187403575,,849.4992286,,,Public Transport,31.85,1.0,24.1,5.22,2.53,0.348,0.169,108.0,13.656,13.14,2.85
128,337.0,718,True,1032,278,0.794466335,,63.5573068,,,Public Transport,94.82,2.0,92.83,0.67,1.32,0.044,0.088,10.0,58.583,58.451,15.87
129,113.0,718,True,1252,284,0.7308817237499999,,58.4705379,,,Public Transport,104.12,2.0,101.12,0.47,2.53,0.031,0.169,10.0,68.823,68.624,2.7
130,31.0,718,True,1328,278,9.5321865675,,762.5749254,,,Public Transport,68.68,1.0,58.37,9.0,1.32,0.6,0.088,24.0,34.096,33.409,6.88
131,171.0,718,True,993,284,29.807205501250003,,2384.5764401,,,Public Transport,111.33,1.0,84.98,23.82,2.53,1.588,0.169,19.0,69.807,68.05,5.55
132,368.0,718,True,1142,2064,5.66922335,,453.537868,,,Public Transport,74.5,1.0,66.72,5.28,2.5,0.352,0.166,12.0,34.125,33.607,9.0
133,3445.0,718,True,182,284,3.97670309875,,318.1362479,,,Public Transport,64.58,2.0,58.18,3.87,2.53,0.258,0.169,30.0,19.077,18.651,6.57
134,335.0,718,True,1394,278,1.9822940137500002,,158.5835211,,,Public Transport,44.47,1.0,40.9,2.25,1.32,0.149,0.088,32.0,21.022,20.785,2.27
135,753.0,718,True,1126,2064,11.90212889625,,952.1703117,,,Public Transport,32.53,0.0,25.27,4.77,2.5,0.318,0.166,13.0,16.072,15.588,0.0
136,474.0,718,True,1107,284,3.1823045037499997,,254.5843603,,,Public Transport,67.08,2.0,63.25,1.3,2.53,0.086,0.169,32.0,42.765,42.511,4.57
137,300.0,718,True,957,284,13.24061896375,,1059.2495171,,,Public Transport,51.03,1.0,40.87,7.63,2.53,0.509,0.169,53.0,20.04,19.363,0.48
138,183.0,718,True,1761,2064,2.12009847875,,169.6078783,,,Public Transport,73.03,1.0,68.08,2.45,2.5,0.164,0.166,4.0,30.201,29.871,12.63
139,3851.0,718,True,2101,284,3.6375353337500003,,291.0028267,,,Public Transport,84.07,2.0,77.4,4.17,2.5,0.277,0.166,32.0,29.299,28.856,22.27
140,431.0,718,True,1055,278,9.233441205,,738.6752964,,,Public Transport,96.93,2.0,89.47,6.15,1.32,0.41,0.088,10.0,57.227,56.729,15.87
141,1765.0,718,True,1660,278,2.26345908875,,181.0767271,,,Public Transport,56.03,1.0,53.12,1.6,1.32,0.106,0.088,29.0,29.083,28.889,6.88
142,93.0,718,True,455,284,1.57128476625,,125.7027813,,,Public Transport,44.38,3.0,40.3,1.55,2.53,0.103,0.169,14.0,26.978,26.706,5.47
143,165.0,718,True,1802,2064,2.671775835,,213.7420668,,,Public Transport,63.52,1.0,59.37,1.65,2.5,0.111,0.166,16.0,27.316,27.04,0.07
144,9378.0,718,True,57,2064,3.17373022,,253.8984176,,,Public Transport,15.7,0.0,12.32,0.88,2.5,0.059,0.166,31.0,8.335,8.11,0.0
145,78.0,718,True,1268,284,23.5408681925,,1883.2694554,,,Public Transport,94.25,2.0,75.33,16.38,2.53,1.092,0.169,8.0,53.358,52.097,2.7
146,91.0,718,True,1723,284,52.81648708,,4225.3189664,,,Public Transport,141.43,2.0,90.17,48.73,2.53,3.249,0.169,13.0,65.439,62.021,2.7
147,13.0,718,True,1939,284,48.338551977499996,,3867.0841582,,,Public Transport,176.42,2.0,147.05,26.83,2.53,1.789,0.169,6.0,55.948,53.99,14.98
148,722.0,718,True,2161,278,4.14315231625,,331.4521853,,,Public Transport,85.62,2.0,80.48,2.63,2.5,0.176,0.166,21.0,21.928,21.586,32.53
149,26.0,718,True,1185,278,40.81191494875,,3264.9531959,,,Public Transport,98.52,1.0,72.38,23.63,2.5,1.576,0.166,5.0,36.27,34.528,0.7
150,93.0,718,True,1059,278,21.047212135000002,,1683.7769708,,,Public Transport,106.63,2.0,85.32,20.0,1.32,1.333,0.088,8.0,54.422,53.0,15.87
151,115.0,718,True,832,284,7.4525528925,,596.2042314,,,Public Transport,15.28,0.0,9.27,3.48,2.53,0.232,0.169,36.0,5.527,5.126,0.0
152,138.0,718,True,1392,278,6.464095777500001,,517.1276622,,,Public Transport,50.62,1.0,44.4,4.9,1.32,0.326,0.088,34.0,23.072,22.658,2.27
153,20.0,718,True,1537,278,21.35596018375,,1708.4768147,,,Public Transport,70.55,2.0,51.52,17.72,1.32,1.181,0.088,36.0,27.987,26.718,7.37
154,6578.0,718,True,1485,278,5.22370247625,,417.8961981,,,Public Transport,73.47,1.0,66.73,5.42,1.32,0.361,0.088,21.0,46.964,46.514,3.42
155,1589.0,718,True,1647,2064,3.451545445,,276.1236356,,,Public Transport,57.33,1.0,52.5,2.33,2.5,0.156,0.166,19.0,22.383,22.061,0.07
156,418.0,718,True,473,2064,1.7098828950000002,,136.7906316,,,Public Transport,22.72,0.0,18.98,1.23,2.5,0.082,0.166,13.0,12.457,12.209,0.0
157,988.0,718,True,1809,2064,6.31785039875,,505.4280319,,,Public Transport,16.8,0.0,11.77,2.53,2.5,0.169,0.166,13.0,8.098,7.762,0.0
158,441.0,718,True,978,284,33.59047823625,,2687.2382589,,,Public Transport,107.07,1.0,68.47,36.07,2.53,2.405,0.169,44.0,57.751,55.178,5.55
159,89.0,718,True,1765,2064,1.66877621,,133.5020968,,,Public Transport,68.77,1.0,64.47,1.8,2.5,0.121,0.166,4.0,27.986,27.699,12.63
160,311.0,718,True,1627,284,4.724303485,,377.9442788,,,Public Transport,84.17,1.0,77.35,4.32,2.5,0.288,0.166,14.0,28.755,28.301,24.53
161,37.0,718,True,1327,278,2.0104280012499998,,160.8342401,,,Public Transport,91.45,3.0,88.6,1.53,1.32,0.102,0.088,8.0,40.933,40.743,24.83
162,15615.0,718,True,1446,278,3.0965848075,,247.7267846,,,Public Transport,60.87,1.0,56.0,3.55,1.32,0.237,0.088,32.0,49.494,49.169,0.02
163,33.0,718,True,1395,278,17.18499881625,,1374.7999053,,,Public Transport,52.85,1.0,38.98,12.55,1.32,0.837,0.088,35.0,20.78,19.855,2.27
164,64.0,718,True,331603,278,20.43127811875,,1634.5022495,,,Public Transport,57.72,1.0,49.55,6.85,1.32,0.456,0.088,30.0,26.019,25.474,6.88
165,324.0,718,True,320,284,49.26151353,,3940.9210824,,,Public Transport,47.33,0.0,3.43,41.37,2.53,2.758,0.169,154.0,4.84,1.914,0.0
166,2512.0,718,True,1690,284,1.8464870812499998,,147.7189665,,,Public Transport,66.98,2.0,62.68,1.77,2.53,0.118,0.169,60.0,44.631,44.344,2.7
167,905.0,718,True,1491,284,1.19569509125,,95.6556073,,,Public Transport,92.13,1.0,90.07,0.75,1.32,0.05,0.088,31.0,62.866,62.728,6.13
168,73.0,718,True,1186,278,42.47000563625,,3397.6004509,,,Public Transport,97.0,1.0,70.22,24.28,2.5,1.618,0.166,5.0,35.516,33.731,0.7
169,21.0,718,True,1328,278,5.3891337,,431.130696,,,Public Transport,65.42,1.0,58.37,5.73,1.32,0.383,0.088,24.0,33.88,33.409,6.88
170,956.0,718,True,39,2064,3.00713165875,,240.5705327,,,Public Transport,19.43,0.0,13.78,3.15,2.5,0.21,0.166,31.0,8.851,8.475,0.0
171,76.0,718,True,1391,278,2.0090536749999997,,160.724294,,,Public Transport,49.3,1.0,45.73,2.25,1.32,0.15,0.088,34.0,23.547,23.309,2.27
172,74.0,718,True,1072,284,32.71463937,,2617.1711496,,,Public Transport,66.02,2.0,45.33,18.15,2.53,1.21,0.169,19.0,32.998,31.619,2.7
173,244.0,718,True,326934,278,8.23088518875,,658.4708151,,,Public Transport,62.25,2.0,52.55,8.38,1.32,0.558,0.088,45.0,41.908,41.261,5.32
174,66.0,718,True,1059,278,55.903456543749996,,4472.2765235,,,Public Transport,142.8,2.0,85.32,56.17,1.32,3.744,0.088,9.0,56.833,53.0,15.87
175,25.0,718,True,1107,284,8.79544210625,,703.6353685,,,Public Transport,74.57,2.0,63.25,8.78,2.53,0.586,0.169,35.0,43.265,42.511,4.57
176,183.0,718,True,373,284,14.003841327500002,,1120.3073062,,,Public Transport,22.0,1.0,10.83,8.63,2.53,0.575,0.169,44.0,5.645,4.901,1.95
177,4142.0,718,True,623,284,2.0096592099999997,,160.7727368,,,Public Transport,24.93,0.0,20.98,1.42,2.53,0.095,0.169,31.0,13.35,13.087,0.0
178,20.0,718,True,1554,278,33.52774266875,,2682.2194135,,,Public Transport,165.28,3.0,131.4,32.57,1.32,2.172,0.088,4.0,56.924,54.665,28.17
179,268.0,718,True,2131,278,4.99730637875,,399.7845103,,,Public Transport,80.9,2.0,74.28,4.12,2.5,0.275,0.166,25.0,27.522,27.081,22.27
180,135.0,718,True,1002,284,41.877109669999996,,3350.1687736,,,Public Transport,88.95,1.0,46.72,39.7,2.53,2.646,0.169,41.0,40.554,37.74,5.55
181,798.0,718,True,462,278,2.31731555125,,185.3852441,,,Public Transport,53.9,1.0,49.17,2.23,2.5,0.149,0.166,20.0,22.608,22.292,12.77
182,467.0,718,True,1530,278,1.1986116175,,95.8889294,,,Public Transport,57.35,1.0,54.95,1.08,1.32,0.072,0.088,26.0,29.78,29.62,6.88
183,37.0,718,True,220863,284,22.09181038625,,1767.3448309,,,Public Transport,107.4,1.0,88.78,16.08,2.53,1.072,0.169,23.0,72.91,71.67,5.55
184,32.0,718,True,1425,278,22.417921569999997,,1793.4337256,,,Public Transport,80.85,2.0,60.57,18.97,1.32,1.265,0.088,26.0,45.993,44.64,4.62
185,33.0,718,True,1484,278,19.31415830375,,1545.1326643,,,Public Transport,90.17,1.0,69.07,19.78,1.32,1.319,0.088,22.0,48.508,47.102,3.42
186,27.0,718,True,1511,278,25.65431426125,,2052.3451409,,,Public Transport,85.93,1.0,66.9,17.72,1.32,1.181,0.088,24.0,57.172,55.903,0.02
187,12756.0,718,True,1065,284,3.45027370125,,276.0218961,,,Public Transport,63.43,2.0,57.97,2.93,2.53,0.196,0.169,61.0,40.339,39.974,4.57
188,25.0,718,True,1262,284,5.876431462499999,,470.114517,,,Public Transport,93.75,2.0,85.12,6.1,2.53,0.407,0.169,13.0,58.346,57.77,2.7
189,953.0,718,True,1139,2064,4.40607531625,,352.4860253,,,Public Transport,78.88,1.0,72.83,3.55,2.5,0.237,0.166,12.0,35.784,35.381,9.0
190,387.0,718,True,2171,2064,21.8708788525,,1749.6703082,,,Public Transport,99.67,1.0,77.5,19.67,2.5,1.311,0.166,16.0,41.347,39.869,0.02
191,230.0,718,True,1142,2064,2.26494488875,,181.1955911,,,Public Transport,71.63,1.0,66.72,2.42,2.5,0.161,0.166,12.0,33.934,33.607,9.0
192,27.0,718,True,21786,278,41.72898679,,3338.3189432,,,Public Transport,69.27,2.0,48.03,19.92,1.32,1.328,0.088,44.0,37.95,36.534,5.32
193,22.0,718,True,2182,278,42.45288533375,,3396.2308267,,,Public Transport,131.78,2.0,112.3,15.4,4.08,1.027,0.272,2.0,45.814,44.515,47.38
194,23.0,718,True,733,278,37.8177963525,,3025.4237082,,,Public Transport,115.17,1.0,81.87,29.22,4.08,1.948,0.272,7.0,40.96,38.74,12.52
195,50.0,718,True,1071,284,20.34778080875,,1627.8224647,,,Public Transport,65.1,2.0,48.35,14.22,2.53,0.948,0.169,43.0,33.705,32.589,4.57
196,1819.0,718,True,642,283,0.9359457474999999,,74.8756598,,,Public Transport,31.2,0.0,26.27,0.85,4.08,0.057,0.272,14.0,20.283,19.954,0.0
197,53.0,718,True,114254,284,8.82486123125,,705.9888985,,,Public Transport,93.32,1.0,84.08,6.73,2.5,0.448,0.166,18.0,35.158,34.543,24.53
198,140.0,718,True,179,284,11.315618041250001,,905.2494433,,,Public Transport,74.75,2.0,62.53,9.68,2.53,0.646,0.169,26.0,21.321,20.507,6.57
199,23.0,718,True,178,284,38.87941376625,,3110.3531013,,,Public Transport,90.67,2.0,63.35,24.78,2.53,1.653,0.169,30.0,22.659,20.837,6.57
200,10.0,718,True,789,278,13.29774508125,,1063.8196065,,,Public Transport,112.83,1.0,94.68,14.07,4.08,0.937,0.272,7.0,49.918,48.709,12.52
201,129.0,718,True,681,283,0.7162177075,,57.2974166,,,Public Transport,58.37,1.0,53.05,1.23,4.08,0.083,0.272,32.0,28.331,27.977,10.62
202,465.0,718,True,1328,278,1.16629125375,,93.3033003,,,Public Transport,60.92,1.0,58.37,1.23,1.32,0.083,0.088,24.0,33.579,33.409,6.88
203,41.0,718,True,1935,278,7.10084609,,568.0676872,,,Public Transport,71.63,1.0,66.0,4.32,1.32,0.288,0.088,24.0,38.235,37.858,6.88
204,183.0,718,True,1394,278,7.2359334,,578.874672,,,Public Transport,50.52,1.0,40.9,8.3,1.32,0.553,0.088,34.0,21.426,20.785,2.27
205,107.0,718,True,1554,278,5.08054823375,,406.4438587,,,Public Transport,135.87,3.0,131.4,3.15,1.32,0.21,0.088,4.0,54.963,54.665,28.17
206,30.0,718,True,1071,284,40.11864376375,,3209.4915011,,,Public Transport,81.35,2.0,48.35,30.47,2.53,2.031,0.169,43.0,34.789,32.589,4.57
207,18.0,718,True,1253,284,80.73535735,,6458.828588,,,Public Transport,169.17,2.0,100.13,66.5,2.53,4.433,0.169,10.0,72.703,68.101,2.7
208,29.0,718,True,2192,278,6.9716527825,,557.7322226,,,Public Transport,70.68,2.0,67.25,2.12,1.32,0.141,0.088,15.0,36.76,36.531,9.35
209,11.0,718,True,1658,278,39.3197359725,,3145.5788778,,,Public Transport,84.15,2.0,59.58,23.25,1.32,1.55,0.088,15.0,33.195,31.557,9.35
210,1752.0,718,True,1391,278,4.44348512875,,355.4788103,,,Public Transport,50.72,1.0,45.73,3.67,1.32,0.244,0.088,34.0,23.641,23.309,2.27
211,92.0,718,True,33541,278,40.26613425,,3221.29074,,,Public Transport,103.85,1.0,69.78,32.75,1.32,2.183,0.088,25.0,42.327,40.055,6.88
212,116.0,718,True,929,283,8.35434202375,,668.3473619,,,Public Transport,63.55,1.0,55.05,4.42,4.08,0.294,0.272,17.0,24.584,24.018,19.87
213,798.0,718,True,894,284,7.99489916875,,639.5919335,,,Public Transport,21.07,0.0,11.68,5.3,4.08,0.353,0.272,14.0,9.478,8.853,0.0
214,26.0,718,True,1299,278,2.936338025,,234.907042,,,Public Transport,96.83,3.0,93.25,2.27,1.32,0.151,0.088,5.0,49.882,49.642,19.6
215,338.0,718,True,1046,278,1.9769858262500002,,158.1588661,,,Public Transport,115.4,2.0,112.65,1.43,1.32,0.096,0.088,14.0,70.79,70.606,15.87
216,972.0,718,True,2106,284,95.3679366425,,7629.4349314,,,Public Transport,107.73,1.0,82.73,22.5,2.5,1.5,0.166,16.0,34.755,33.089,24.53
217,31.0,718,True,993,284,19.86610739375,,1589.2885915,,,Public Transport,104.2,1.0,84.98,16.68,2.53,1.112,0.169,19.0,69.331,68.05,5.55
218,769.0,718,True,57,2064,3.76840254875,,301.4722039,,,Public Transport,16.93,0.0,12.32,2.12,2.5,0.142,0.166,31.0,8.418,8.11,0.0
219,38.0,718,True,1536,278,18.098883325,,1447.910666,,,Public Transport,58.27,1.0,47.27,9.68,1.32,0.645,0.088,37.0,24.762,24.029,2.27
220,2874.0,718,True,1376,284,2.97634227125,,238.1073817,,,Public Transport,40.27,1.0,34.98,2.75,2.53,0.183,0.169,53.0,35.549,35.197,1.05
221,101.0,718,True,1432,284,1.19522312625,,95.6178501,,,Public Transport,56.38,1.0,52.42,1.43,2.53,0.096,0.169,3.0,39.442,39.177,1.05
222,143.0,718,True,1394,278,8.94999037125,,715.9992297,,,Public Transport,49.23,1.0,40.9,7.02,1.32,0.468,0.088,34.0,21.341,20.785,2.27
223,61.0,718,True,1066,284,15.9962692125,,1279.701537,,,Public Transport,74.45,2.0,56.28,15.63,2.53,1.042,0.169,61.0,40.573,39.363,4.57
224,78.0,718,True,754,283,15.484956593749999,,1238.7965275,,,Public Transport,42.72,1.0,32.78,5.85,4.08,0.39,0.272,22.0,14.369,13.707,3.65
225,206.0,718,True,1062,278,5.0359956675,,402.8796534,,,Public Transport,84.7,2.0,77.93,5.45,1.32,0.363,0.088,10.0,48.761,48.31,15.87
226,945.0,718,True,177,284,15.229274792499998,,1218.3419834,,,Public Transport,71.33,2.0,64.97,3.83,2.53,0.256,0.169,30.0,21.902,21.477,6.57
227,5717.0,718,True,164,284,8.654421723750001,,692.3537379,,,Public Transport,42.58,1.0,31.68,8.37,2.53,0.558,0.169,45.0,14.458,13.732,0.48
228,21062.0,718,True,173,284,1.7991393875,,143.931151,,,Public Transport,41.6,1.0,38.08,0.98,2.53,0.066,0.169,60.0,17.69,17.456,0.48
229,43.0,718,True,2181,284,21.49026895375,,1719.2215163,,,Public Transport,105.45,1.0,87.15,15.77,2.53,1.051,0.169,23.0,70.993,69.774,5.55
230,49.0,718,True,1742,284,0.8313167512499999,,66.5053401,,,Public Transport,59.95,1.0,54.68,1.18,4.08,0.079,0.272,9.0,24.51,24.159,0.3
231,445.0,718,True,60417,283,1.9791002,,158.328016,,,Public Transport,51.1,1.0,45.33,1.68,4.08,0.112,0.272,15.0,17.716,17.332,8.6
232,340.0,718,True,556,283,4.550065765,,364.0052612,,,Public Transport,47.13,1.0,39.47,3.58,4.08,0.238,0.272,45.0,16.99,16.48,3.65
233,76.0,718,True,598,284,14.87300048875,,1189.8400391,,,Public Transport,44.3,0.0,26.6,15.17,2.53,1.011,0.169,44.0,16.377,15.198,0.0
234,878.0,718,True,696,284,4.3541858,,348.334864,,,Public Transport,61.12,0.0,57.43,1.15,2.53,0.076,0.169,14.0,26.825,26.58,0.0
235,14.0,718,True,758,278,60.49891498875,,4839.9131991,,,Public Transport,142.37,1.0,103.22,35.07,4.08,2.338,0.272,7.0,59.217,56.608,12.52
236,14.0,718,True,772,278,96.88568806375,,7750.8550451,,,Public Transport,200.27,1.0,109.75,86.43,4.08,5.762,0.272,7.0,69.909,63.876,12.52
237,2186.0,718,True,7,2064,3.384494645,,270.7595716,,,Public Transport,23.73,0.0,19.03,2.2,2.5,0.147,0.166,15.0,10.43,10.117,0.0
238,305.0,718,True,559,283,2.13322408125,,170.6579265,,,Public Transport,39.27,1.0,33.37,1.82,4.08,0.121,0.272,27.0,14.619,14.226,3.65
239,16.0,718,True,610,284,11.847963685,,947.8370948,,,Public Transport,35.98,0.0,26.6,6.85,2.53,0.456,0.169,38.0,15.823,15.198,0.0
240,317.0,718,True,2305,278,0.75251485875,,60.2011887,,,Public Transport,115.33,2.0,110.3,0.95,4.08,0.063,0.272,2.0,43.34,43.005,47.38
241,28.0,718,True,588,284,34.7862154475,,2782.8972358,,,Public Transport,26.78,0.0,12.28,11.97,2.53,0.798,0.169,52.0,9.372,8.406,0.0
242,255.0,718,True,886,283,3.58456956625,,286.7655653,,,Public Transport,23.87,0.0,17.6,2.18,4.08,0.145,0.272,14.0,13.765,13.348,0.0
243,55.0,718,True,750,278,11.27452581875,,901.9620655,,,Public Transport,116.53,1.0,101.12,11.33,4.08,0.756,0.272,7.0,55.3,54.272,12.52
244,43.0,718,True,726,278,51.0823898325,,4086.5911866,,,Public Transport,146.68,2.0,106.02,36.58,4.08,2.439,0.272,5.0,43.657,40.946,31.5
245,2905.0,718,True,7,2064,5.40562294125,,432.4498353,,,Public Transport,25.08,0.0,19.03,3.55,2.5,0.237,0.166,15.0,10.521,10.117,0.0
246,76.0,718,True,2256,278,34.98947022625,,2799.1576181,,,Public Transport,75.93,1.0,60.87,13.75,1.32,0.916,0.088,24.0,35.739,34.734,6.88
247,1025.0,718,True,180,284,2.7707400975,,221.6592078,,,Public Transport,66.43,2.0,61.15,2.75,2.53,0.183,0.169,30.0,20.303,19.952,6.57
248,3543.0,718,True,1648,2064,3.7462030825,,299.6962466,,,Public Transport,51.87,1.0,47.07,2.3,2.5,0.153,0.166,19.0,20.48,20.161,0.07
249,935.0,718,True,37,2064,6.2143742062500005,,497.1499365,,,Public Transport,23.8,0.0,16.28,5.02,2.5,0.335,0.166,18.0,9.811,9.31,0.0
250,119.0,718,True,1109,284,1.1631296575,,93.0503726,,,Public Transport,65.62,2.0,62.02,1.07,2.53,0.071,0.169,34.0,41.765,41.525,4.57
251,223.0,718,True,770,278,1.9381820225,,155.0545618,,,Public Transport,117.8,1.0,112.15,1.57,4.08,0.105,0.272,7.0,66.775,66.399,12.52
252,66.0,718,True,780,278,81.61797723,,6529.4381784,,,Public Transport,173.92,1.0,102.08,67.75,4.08,4.517,0.272,7.0,60.141,55.352,12.52
253,17.0,718,True,1250,284,1.6885911475,,135.0872918,,,Public Transport,106.63,2.0,102.75,1.35,2.53,0.09,0.169,10.0,70.047,69.788,2.7
254,35.0,718,True,1536,278,11.2300444925,,898.4035594,,,Public Transport,52.05,1.0,47.27,3.47,1.32,0.231,0.088,33.0,24.348,24.029,2.27
255,162.0,718,True,1148,2064,1.164973315,,93.1978652,,,Public Transport,52.47,1.0,49.02,0.95,2.5,0.064,0.166,12.0,27.082,26.852,5.47
256,210.0,718,True,366,284,35.3605262675,,2828.8421014,,,Public Transport,39.05,1.0,18.15,18.37,2.53,1.225,0.169,44.0,8.574,7.181,1.28
257,42.0,718,True,750,278,18.00254150875,,1440.2033207,,,Public Transport,124.93,1.0,101.12,19.73,4.08,1.316,0.272,7.0,55.86,54.272,12.52
258,21.0,718,True,621,284,26.7348290125,,2138.786321,,,Public Transport,44.7,0.0,22.57,19.6,2.53,1.307,0.169,39.0,15.158,13.682,0.0
259,1978.0,718,True,580,284,2.2758675137499997,,182.0694011,,,Public Transport,36.9,0.0,32.57,1.8,2.53,0.12,0.169,38.0,17.561,17.273,0.0
260,43.0,718,True,662,284,30.598410174999998,,2447.872814,,,Public Transport,90.07,0.0,57.43,30.1,2.53,2.007,0.169,16.0,28.755,26.58,0.0
261,95.0,718,True,697,284,8.937578621250001,,715.0062897,,,Public Transport,64.75,0.0,55.52,6.7,2.53,0.447,0.169,14.0,26.467,25.851,0.0
262,35.0,718,True,2181,284,20.5403214725,,1643.2257178,,,Public Transport,102.3,1.0,87.15,12.62,2.53,0.841,0.169,19.0,70.783,69.774,5.55
263,455.0,718,True,975,284,25.12728121125,,2010.1824969,,,Public Transport,39.37,1.0,29.55,7.28,2.53,0.486,0.169,46.0,12.353,11.699,0.48
264,7180.0,718,True,220863,284,12.0961294175,,967.6903534,,,Public Transport,101.28,1.0,88.78,9.97,2.53,0.665,0.169,23.0,72.503,71.67,5.55
265,29.0,718,True,1258,284,38.08224581125,,3046.5796649,,,Public Transport,122.28,2.0,90.52,29.23,2.53,1.949,0.169,13.0,64.531,62.413,2.7
266,90.0,718,True,1391,278,10.318298166249999,,825.4638533,,,Public Transport,56.85,1.0,45.73,9.8,1.32,0.653,0.088,36.0,24.05,23.309,2.27
267,5.0,718,True,1937,284,76.1159091625,,6089.272733,,,Public Transport,208.88,2.0,150.2,56.15,2.53,3.743,0.169,6.0,59.659,55.747,14.98
268,124.0,718,True,113359,284,2.86827223875,,229.4617791,,,Public Transport,113.42,1.0,108.08,2.83,2.5,0.188,0.166,4.0,36.546,36.192,44.28
269,91.0,718,True,1785,284,19.92350202875,,1593.8801623,,,Public Transport,67.5,1.0,52.32,11.1,4.08,0.74,0.272,9.0,23.944,22.932,0.3
270,101.0,718,True,1271,284,1.4552926362499998,,116.4234109,,,Public Transport,74.08,2.0,70.05,1.5,2.53,0.1,0.169,8.0,48.879,48.611,2.7
271,50.0,718,True,620,284,29.004948000000002,,2320.39584,,,Public Transport,47.47,1.0,31.52,13.42,2.53,0.894,0.169,41.0,16.022,14.96,5.9
272,615.0,718,True,1652,278,3.89054942875,,311.2439543,,,Public Transport,60.27,1.0,53.53,4.23,2.5,0.283,0.166,18.0,27.837,27.389,0.02
273,56.0,718,True,1066,284,16.23184580625,,1298.5476645,,,Public Transport,73.0,2.0,56.28,14.18,2.53,0.945,0.169,61.0,40.477,39.363,4.57
274,646.0,718,True,91,2064,20.12695935875,,1610.1567487,,,Public Transport,34.05,1.0,24.7,6.85,2.5,0.457,0.166,14.0,12.232,11.609,4.43
275,110.0,718,True,79384,278,2.18977416,,175.1819328,,,Public Transport,99.48,2.0,95.78,2.38,1.32,0.159,0.088,8.0,58.812,58.566,9.35
276,19.0,718,True,1257,284,34.51744101875,,2761.3952815,,,Public Transport,125.47,2.0,92.95,29.98,2.53,1.998,0.169,13.0,65.543,63.376,2.7
277,625.0,718,True,1421,278,3.57888955375,,286.3111643,,,Public Transport,74.52,1.0,60.25,12.95,1.32,0.864,0.088,26.0,52.828,51.876,0.02
278,17.0,718,True,787,278,9.09673599,,727.7388792,,,Public Transport,106.22,1.0,96.22,5.92,4.08,0.394,0.272,7.0,50.571,49.906,12.52
279,376.0,718,True,1435,284,19.59185878625,,1567.3487029,,,Public Transport,65.85,1.0,56.57,6.75,2.53,0.45,0.169,3.0,42.396,41.777,1.05
280,243.0,718,True,1149,2064,5.96072077,,476.8576616,,,Public Transport,54.45,1.0,46.58,5.37,2.5,0.358,0.166,12.0,25.944,25.42,5.47
281,4324.0,718,True,978,284,2.81237456875,,224.9899655,,,Public Transport,73.0,1.0,68.47,2.0,2.53,0.133,0.169,44.0,55.48,55.178,5.55
282,28.0,718,True,1348,284,30.16639876375,,2413.3119011,,,Public Transport,83.97,3.0,65.13,16.3,2.53,1.087,0.169,27.0,21.821,20.565,7.02
283,15.0,718,True,1470,284,3.23317062125,,258.6536497,,,Public Transport,77.53,1.0,60.88,15.33,1.32,1.023,0.088,32.0,44.391,43.281,3.42
284,52.0,718,True,758,278,18.045234215,,1443.6187372,,,Public Transport,121.98,1.0,103.22,14.68,4.08,0.978,0.272,7.0,57.858,56.608,12.52
285,20.0,718,True,1184,278,27.267051626249998,,2181.3641301,,,Public Transport,94.82,1.0,73.22,19.1,2.5,1.273,0.166,5.0,36.274,34.835,0.7
286,20.0,718,True,1185,278,13.727422798750002,,1098.1938239,,,Public Transport,77.47,1.0,72.38,2.58,2.5,0.173,0.166,3.0,34.867,34.528,0.7
287,17.0,718,True,1940,284,70.6914548275,,5655.3163862,,,Public Transport,202.85,2.0,145.7,54.62,2.53,3.641,0.169,6.0,57.049,53.239,14.98
288,15.0,718,True,2006,278,15.0113392,,1200.907136,,,Public Transport,104.7,2.0,86.22,17.17,1.32,1.144,0.088,8.0,52.791,51.559,9.35
289,1255.0,718,True,57,2064,7.982646579999999,,638.6117264,,,Public Transport,19.28,0.0,12.32,4.47,2.5,0.298,0.166,31.0,8.574,8.11,0.0
290,132.0,718,True,2145,284,40.571150345,,3245.6920276,,,Public Transport,87.08,2.0,67.92,16.63,2.53,1.109,0.169,8.0,48.416,47.138,2.7
291,36.0,718,True,1393,278,3.8806248862499997,,310.4499909,,,Public Transport,46.03,1.0,43.3,1.42,1.32,0.094,0.088,33.0,21.99,21.808,2.27
292,48.0,718,True,1485,278,25.062558608750003,,2005.0046887,,,Public Transport,94.3,1.0,66.73,26.25,1.32,1.75,0.088,22.0,48.353,46.514,3.42
293,885.0,718,True,693,284,1.3182520825,,105.4601666,,,Public Transport,70.55,0.0,66.8,1.22,2.53,0.082,0.169,18.0,28.451,28.2,0.0
294,37.0,718,True,1258,284,47.4519560025,,3796.1564802,,,Public Transport,132.67,2.0,90.52,39.62,2.53,2.641,0.169,13.0,65.223,62.413,2.7
295,147.0,718,True,1148,2064,16.57583952,,1326.0671616,,,Public Transport,64.28,1.0,49.02,12.77,2.5,0.851,0.166,12.0,27.869,26.852,5.47
296,56.0,718,True,1107,284,58.044558743749995,,4643.5646995,,,Public Transport,117.0,1.0,70.22,44.28,2.5,2.952,0.166,37.0,36.85,33.731,0.7
297,5142.0,718,True,2311,283,3.7325069912499997,,298.6005593,,,Public Transport,42.08,0.0,33.9,4.1,4.08,0.273,0.272,14.0,25.213,24.668,0.0
298,109.0,718,True,179,284,5.1378323987500005,,411.0265919,,,Public Transport,69.05,2.0,62.53,3.98,2.53,0.266,0.169,26.0,20.941,20.507,6.57
299,20.0,718,True,784,278,12.57429656375,,1005.9437251,,,Public Transport,113.93,1.0,99.75,10.1,4.08,0.674,0.272,7.0,53.66,52.715,12.52
300,1359.0,718,True,57,2064,7.178837746249999,,574.3070197,,,Public Transport,19.38,0.0,12.32,4.57,2.5,0.304,0.166,31.0,8.58,8.11,0.0
301,22.0,718,True,699,284,28.307245762500003,,2264.579661,,,Public Transport,63.63,0.0,47.92,13.18,2.53,0.879,0.169,21.0,24.058,23.01,0.0
302,31.0,718,True,1744,284,25.417912426250002,,2033.4329941,,,Public Transport,70.07,0.0,52.08,15.45,2.53,1.03,0.169,21.0,25.766,24.568,0.0
303,9737.0,718,True,1649,2064,5.115328005,,409.2262404,,,Public Transport,48.92,1.0,41.4,5.02,2.5,0.334,0.166,19.0,18.763,18.263,0.07
304,1649.0,718,True,1097,284,1.53315276,,122.6522208,,,Public Transport,79.68,2.0,75.78,1.37,2.53,0.091,0.169,42.0,51.978,51.718,4.57
305,12276.0,718,True,1719,2064,3.69885369,,295.9082952,,,Public Transport,42.22,0.0,36.35,3.37,2.5,0.224,0.166,13.0,23.361,22.971,0.0
306,239.0,718,True,1262,284,0.5887109775,,47.0968782,,,Public Transport,88.0,2.0,85.12,0.35,2.53,0.023,0.169,12.0,57.962,57.77,2.7
307,1743.0,718,True,1474,278,2.26883874625,,181.5070997,,,Public Transport,66.15,1.0,54.87,9.97,1.32,0.664,0.088,29.0,40.953,40.2,3.42
308,52.0,718,True,598,284,9.07036109,,725.6288872,,,Public Transport,41.75,0.0,31.02,8.2,2.53,0.547,0.169,38.0,17.413,16.697,0.0
309,242.0,718,True,1395,278,10.206692887500001,,816.535431,,,Public Transport,46.93,1.0,38.98,6.63,1.32,0.442,0.088,33.0,20.385,19.855,2.27
310,115.0,718,True,1105,284,3.228435875,,258.27487,,,Public Transport,70.57,2.0,65.17,2.87,2.53,0.191,0.169,35.0,44.887,44.527,4.57
311,36.0,718,True,1562,284,7.31653812625,,585.3230501,,,Public Transport,110.98,3.0,99.55,8.9,2.53,0.593,0.169,16.0,39.171,38.409,7.02
312,45.0,718,True,1257,284,18.123524431249997,,1449.8819545,,,Public Transport,107.25,2.0,92.95,11.77,2.53,0.784,0.169,13.0,64.329,63.376,2.7
313,199.0,718,True,2179,278,3.3380104412500002,,267.0408353,,,Public Transport,105.87,2.0,100.77,3.78,1.32,0.252,0.088,10.0,63.201,62.86,15.87
314,1529.0,718,True,37,2064,8.939987235,,715.1989788,,,Public Transport,25.5,0.0,16.28,6.72,2.5,0.448,0.166,19.0,9.925,9.31,0.0
315,185.0,718,True,585,284,5.5632412875,,445.059303,,,Public Transport,19.72,0.0,16.42,0.77,2.53,0.051,0.169,31.0,11.591,11.371,0.0
316,43.0,718,True,1975,278,59.145752077500006,,4731.6601662,,,Public Transport,99.55,2.0,64.2,34.03,1.32,2.269,0.088,15.0,36.35,33.993,9.35
317,68.0,718,True,672,278,1.4111312062499999,,112.8904965,,,Public Transport,73.67,1.0,67.8,1.78,4.08,0.119,0.272,17.0,28.11,27.72,12.52
318,559.0,718,True,1660,278,6.550196314999999,,524.0157052,,,Public Transport,60.02,1.0,53.12,5.58,1.32,0.372,0.088,30.0,29.349,28.889,6.88
319,36.0,718,True,75582,278,2.31100109,,184.8800872,,,Public Transport,59.2,1.0,56.78,1.1,1.32,0.074,0.088,24.0,31.33,31.169,6.88
320,69.0,718,True,1973,278,12.42236861625,,993.7894893,,,Public Transport,71.83,2.0,61.28,9.23,1.32,0.615,0.088,15.0,33.081,32.378,9.35
321,537.0,718,True,190,284,16.83819779125,,1347.0558233,,,Public Transport,60.15,2.0,44.38,13.23,2.53,0.883,0.169,36.0,13.833,12.782,6.62
322,8139.0,718,True,1487,284,8.23874250125,,659.0994001,,,Public Transport,105.87,1.0,99.83,4.72,1.32,0.315,0.088,31.0,78.285,77.882,1.78
323,2005.0,718,True,39,2064,9.03981004375,,723.1848035,,,Public Transport,23.53,0.0,13.78,7.25,2.5,0.484,0.166,31.0,9.125,8.475,0.0
324,35.0,718,True,1707,278,16.79826021125,,1343.8608169,,,Public Transport,102.87,2.0,92.42,7.92,2.53,0.528,0.169,6.0,33.398,32.702,25.47
325,42.0,718,True,1415,278,51.402512128750004,,4112.2009703,,,Public Transport,72.6,2.0,48.03,23.25,1.32,1.55,0.088,46.0,39.146,37.507,5.32
326,7457.0,718,True,817,284,3.3068263350000002,,264.5461068,,,Public Transport,18.63,0.0,13.43,2.67,2.53,0.178,0.169,31.0,9.722,9.376,0.0
327,1265.0,718,True,2004,278,2.2109725837500003,,176.8778067,,,Public Transport,84.0,2.0,80.63,2.05,1.32,0.136,0.088,15.0,48.329,48.104,9.35
328,22.0,718,True,1520,278,16.06527524,,1285.2220192,,,Public Transport,77.07,1.0,66.8,8.95,1.32,0.596,0.088,24.0,39.042,38.358,6.88
329,44.0,718,True,786,278,75.11803577875,,6009.4428623,,,Public Transport,158.02,1.0,98.03,55.9,4.08,3.727,0.272,7.0,55.321,51.323,12.52
330,120.0,718,True,2185,278,5.62056440875,,449.6451527,,,Public Transport,119.8,2.0,111.05,4.67,4.08,0.312,0.272,2.0,44.146,43.562,47.38
331,34.0,718,True,1781,283,27.66585853625,,2213.2686829,,,Public Transport,78.23,0.0,50.37,23.78,4.08,1.586,0.272,15.0,38.029,36.172,0.0
332,44.0,718,True,363,284,36.529365765,,2922.3492612,,,Public Transport,42.73,1.0,18.15,22.05,2.53,1.47,0.169,60.0,8.819,7.181,1.28
333,28.0,718,True,789,278,39.604691904999996,,3168.3753524,,,Public Transport,123.2,1.0,94.68,24.43,4.08,1.629,0.272,7.0,50.609,48.709,12.52
334,110.0,718,True,15,283,14.1969438325,,1135.7555066,,,Public Transport,36.98,0.0,19.38,15.1,2.5,1.006,0.166,33.0,12.064,10.892,0.0
335,1955.0,718,True,37,2064,6.01781787875,,481.4254303,,,Public Transport,22.53,0.0,16.28,3.75,2.5,0.25,0.166,18.0,9.727,9.31,0.0
336,523.0,718,True,1520,278,2.70096226375,,216.0769811,,,Public Transport,69.2,1.0,66.8,1.08,1.32,0.073,0.088,24.0,38.519,38.358,6.88
337,2684.0,718,True,2131,278,8.0921940925,,647.3755274,,,Public Transport,83.8,2.0,74.28,7.02,2.5,0.467,0.166,32.0,27.715,27.081,22.27
338,184.0,718,True,711,283,0.95776267875,,76.6210143,,,Public Transport,53.05,1.0,48.2,0.77,4.08,0.052,0.272,42.0,20.022,19.699,3.65
339,444.0,718,True,475,2064,13.662669382499999,,1093.0135506,,,Public Transport,33.17,0.0,17.92,12.75,2.5,0.85,0.166,13.0,12.366,11.35,0.0
340,44885.0,718,True,232,245,3.7976397349999997,,303.8111788,,,Public Transport,22.02,0.0,14.27,3.18,4.57,0.213,0.304,83.0,7.385,6.868,0.0
341,18.0,718,True,1937,284,58.1682019,,4653.456152,,,Public Transport,188.58,2.0,150.2,35.85,2.53,2.39,0.169,6.0,58.305,55.747,14.98
342,396.0,718,True,1392,278,4.4314362425,,354.5148994,,,Public Transport,50.58,1.0,44.4,4.87,1.32,0.324,0.088,34.0,23.07,22.658,2.27
343,46.0,718,True,773,278,31.12013108625,,2489.6104869,,,Public Transport,140.53,1.0,107.52,28.93,4.08,1.929,0.272,7.0,63.594,61.394,12.52
344,195.0,718,True,598,284,6.804665875,,544.37327,,,Public Transport,37.55,0.0,31.02,4.0,2.53,0.267,0.169,38.0,17.133,16.697,0.0
345,24.0,718,True,784,278,61.15906875375,,4892.7255003,,,Public Transport,146.23,1.0,99.75,42.4,4.08,2.827,0.272,7.0,55.813,52.715,12.52
346,478.0,718,True,1660,278,2.8947518175,,231.5801454,,,Public Transport,56.62,1.0,53.12,2.18,1.32,0.145,0.088,30.0,29.122,28.889,6.88
347,254.0,718,True,2029,278,2.94811710125,,235.8493681,,,Public Transport,19.7,0.0,14.6,2.6,2.5,0.173,0.166,31.0,8.81,8.471,0.0
348,55.0,718,True,1346,284,35.56636385375,,2845.3091083,,,Public Transport,83.72,3.0,66.82,14.37,2.53,0.958,0.169,29.0,22.877,21.751,7.02
349,72.0,718,True,180,284,3.34861802,,267.8894416,,,Public Transport,65.33,2.0,61.15,1.65,2.53,0.11,0.169,30.0,20.231,19.952,6.57
350,41.0,718,True,1486,278,1.87799833,,150.2398664,,,Public Transport,67.13,1.0,64.03,1.78,1.32,0.118,0.088,21.0,45.615,45.409,3.42
351,242.0,718,True,37,2064,13.233403765,,1058.6723012,,,Public Transport,29.43,0.0,16.28,10.65,2.5,0.71,0.166,28.0,10.187,9.31,0.0
352,7.0,718,True,766,278,1.1091658125000001,,88.733265,,,Public Transport,111.38,1.0,106.82,0.48,4.08,0.032,0.272,7.0,60.917,60.613,12.52
353,131.0,718,True,780,278,31.96520363875,,2557.2162911,,,Public Transport,122.02,1.0,102.08,15.85,4.08,1.057,0.272,7.0,56.68,55.352,12.52
354,1850.0,718,True,511,2064,5.31971247375,,425.5769979,,,Public Transport,30.85,0.0,24.22,4.13,2.5,0.276,0.166,13.0,15.545,15.103,0.0
355,36.0,718,True,1785,284,19.12040294125,,1529.6322353,,,Public Transport,66.1,1.0,52.32,9.7,4.08,0.646,0.272,9.0,23.849,22.932,0.3
356,43.0,718,True,1391,278,5.910851435,,472.8681148,,,Public Transport,52.95,1.0,45.73,5.9,1.32,0.393,0.088,35.0,23.79,23.309,2.27
357,54.0,718,True,1468,284,0.45552948125,,36.4423585,,,Public Transport,70.77,2.0,67.48,0.75,2.53,0.05,0.169,14.0,45.766,45.547,8.18
358,6038.0,718,True,554,284,6.6920953025,,535.3676242,,,Public Transport,42.22,0.0,39.55,0.13,2.53,0.009,0.169,28.0,19.78,19.603,0.0
359,299.0,718,True,1660,278,10.912502790000001,,873.0002232,,,Public Transport,63.97,1.0,53.12,9.53,1.32,0.635,0.088,30.0,29.612,28.889,6.88
360,399.0,718,True,57,2064,5.5186679575,,441.4934366,,,Public Transport,16.9,0.0,12.32,2.08,2.5,0.139,0.166,31.0,8.415,8.11,0.0
361,44.0,718,True,79384,278,4.7783706725,,382.2696538,,,Public Transport,99.98,2.0,95.78,2.88,1.32,0.192,0.088,8.0,58.846,58.566,9.35
362,241.0,718,True,2141,283,5.7328114775,,458.6249182,,,Public Transport,54.63,1.0,47.73,2.82,4.08,0.188,0.272,47.0,20.06,19.601,1.53
363,118.0,718,True,557,283,0.29096167375,,23.2769339,,,Public Transport,40.07,1.0,35.58,0.4,4.08,0.026,0.272,28.0,15.346,15.047,3.65
364,145.0,718,True,691,284,2.83821704625,,227.0573637,,,Public Transport,76.07,0.0,70.52,3.02,2.53,0.201,0.169,18.0,29.999,29.63,0.0
365,117.0,718,True,726,278,0.22816601374999998,,18.2532811,,,Public Transport,110.38,2.0,106.02,0.28,4.08,0.019,0.272,1.0,41.236,40.946,31.5
366,44.0,718,True,624,284,15.689832527499998,,1255.1866022,,,Public Transport,35.8,0.0,19.43,13.83,2.53,0.923,0.169,38.0,13.597,12.506,0.0
367,242.0,718,True,1739,284,1.58907319625,,127.1258557,,,Public Transport,63.07,1.0,57.5,1.48,4.08,0.099,0.272,9.0,25.99,25.619,0.3
368,84.0,718,True,1069,284,2.88357422625,,230.6859381,,,Public Transport,58.03,2.0,52.07,3.43,2.53,0.228,0.169,59.0,36.533,36.136,4.57
369,28.0,718,True,559,283,1.8901184,,151.209472,,,Public Transport,39.35,1.0,33.37,1.9,4.08,0.126,0.272,27.0,14.624,14.226,3.65
370,101375.0,718,True,282,284,1.6603562075,,132.8284966,,,Public Transport,5.63,0.0,1.13,1.97,2.53,0.131,0.169,195.0,0.955,0.656,0.0
371,968.0,718,True,935,283,10.9928899875,,879.431199,,,Public Transport,52.93,1.0,36.35,12.5,4.08,0.833,0.272,17.0,21.51,20.405,6.32
372,1830.0,718,True,583,284,6.23761515,,499.009212,,,Public Transport,26.57,0.0,18.97,5.07,2.53,0.338,0.169,31.0,12.837,12.33,0.0
373,44.0,718,True,772,278,3.20862866,,256.6902928,,,Public Transport,117.08,1.0,109.75,3.25,4.08,0.217,0.272,7.0,64.364,63.876,12.52
374,54.0,718,True,728,278,20.1647162275,,1613.1772982,,,Public Transport,125.52,2.0,103.57,17.87,4.08,1.191,0.272,5.0,40.981,39.518,31.5
375,2939.0,718,True,190,284,15.5307477925,,1242.4598234,,,Public Transport,63.65,2.0,44.38,16.73,2.53,1.115,0.169,31.0,14.066,12.782,6.62
376,68.0,718,True,2212,284,1.19663592875,,95.7308743,,,Public Transport,29.32,0.0,26.6,0.18,2.53,0.012,0.169,32.0,15.378,15.198,0.0
377,40.0,718,True,1968,278,27.575404811250003,,2206.0323849,,,Public Transport,81.28,2.0,57.05,22.92,1.32,1.528,0.088,15.0,31.313,29.698,9.35
378,32.0,718,True,784,278,64.62966080125,,5170.3728641,,,Public Transport,138.92,1.0,99.75,35.08,4.08,2.338,0.272,7.0,55.325,52.715,12.52
379,156.0,718,True,554,284,7.82100989625,,625.6807917,,,Public Transport,43.57,0.0,38.73,2.3,2.53,0.153,0.169,38.0,19.904,19.582,0.0
380,28.0,718,True,1465,284,1.59993306375,,127.9946451,,,Public Transport,74.82,2.0,70.88,1.4,2.53,0.093,0.169,14.0,47.272,47.01,8.18
381,171.0,718,True,58,2064,9.81521488125,,785.2171905,,,Public Transport,21.83,0.0,10.9,8.43,2.5,0.562,0.166,40.0,7.767,7.039,0.0
382,53.0,718,True,2030,2064,2.8491611675,,227.9328934,,,Public Transport,15.85,0.0,10.82,2.53,2.5,0.169,0.166,12.0,9.727,9.391,0.0
383,46088.0,718,True,227,245,6.264304532500001,,501.1443626,,,Public Transport,30.53,0.0,19.85,6.12,4.57,0.408,0.304,60.0,9.196,8.484,0.0
384,1558.0,718,True,15,283,6.9903467500000005,,559.22774,,,Public Transport,27.8,0.0,10.82,14.48,2.5,0.966,0.166,15.0,10.524,9.391,0.0
385,28255.0,718,True,269,245,1.22738964875,,98.1911719,,,Public Transport,15.07,0.0,9.32,1.18,4.57,0.079,0.304,108.0,5.124,4.741,0.0
386,31.0,718,True,780,278,31.760831009999997,,2540.8664808,,,Public Transport,126.35,1.0,102.08,20.18,4.08,1.345,0.272,7.0,56.969,55.352,12.52
387,4165.0,718,True,645,283,5.2248395425,,417.9871634,,,Public Transport,30.85,0.0,22.12,4.65,4.08,0.31,0.272,14.0,17.221,16.64,0.0
388,582.0,718,True,2195,283,7.919967712499999,,633.597417,,,Public Transport,46.62,0.0,35.52,7.02,4.08,0.468,0.272,14.0,26.329,25.589,0.0
389,242.0,718,True,756,278,3.967834225,,317.426738,,,Public Transport,110.27,1.0,102.18,4.0,4.08,0.267,0.272,7.0,55.993,55.455,12.52
390,290.0,718,True,1098,284,2.13190105125,,170.5520841,,,Public Transport,77.78,2.0,72.73,2.52,2.53,0.167,0.169,42.0,50.433,50.098,4.57
391,56.0,718,True,1390,278,0.9377842825,,75.0227426,,,Public Transport,55.2,1.0,47.27,6.62,1.32,0.441,0.088,35.0,24.558,24.029,2.27
392,231.0,718,True,2264,2064,2.102702495,,168.2161996,,,Public Transport,28.57,0.0,19.38,6.68,2.5,0.446,0.166,27.0,11.504,10.892,0.0
393,6.0,718,True,1262,284,20.624374951249997,,1649.9499961,,,Public Transport,99.8,2.0,85.12,12.15,2.53,0.81,0.169,13.0,58.749,57.77,2.7
394,3725.0,718,True,1427,278,1.9064100087500002,,152.5128007,,,Public Transport,53.85,1.0,46.72,4.6,2.53,0.306,0.169,47.0,38.214,37.74,5.55
395,126.0,718,True,806,278,2.7856323,,222.850584,,,Public Transport,83.37,1.0,76.17,3.12,4.08,0.207,0.272,7.0,34.781,34.302,12.52
396,55.0,718,True,796,278,3.47452264125,,277.9618113,,,Public Transport,87.57,1.0,79.8,3.68,4.08,0.245,0.272,7.0,37.658,37.141,12.52
397,58.0,718,True,617,283,7.433972011250001,,594.7177609,,,Public Transport,55.77,1.0,43.0,8.68,4.08,0.579,0.272,15.0,16.206,15.355,8.6
398,169.0,718,True,1149,2064,6.842711250000001,,547.4169,,,Public Transport,53.45,1.0,46.58,4.37,2.5,0.291,0.166,12.0,25.877,25.42,5.47
399,611.0,718,True,2089,278,4.55193355125,,364.1546841,,,Public Transport,84.12,2.0,74.28,7.33,2.5,0.489,0.166,29.0,27.736,27.081,22.27
400,129.0,718,True,1536,278,6.4017496575,,512.1399726,,,Public Transport,55.95,1.0,47.27,7.37,1.32,0.491,0.088,36.0,24.608,24.029,2.27
401,1002.0,718,True,7,2064,5.14335739375,,411.4685915,,,Public Transport,25.58,0.0,19.03,4.05,2.5,0.27,0.166,31.0,10.554,10.117,0.0
402,31.0,718,True,1273,284,1.6603770812499998,,132.8301665,,,Public Transport,71.05,2.0,66.17,2.35,2.53,0.156,0.169,16.0,46.484,46.159,2.7
403,21.0,718,True,9,2064,1.5579174999999998,,124.6334,,,Public Transport,19.75,0.0,15.63,1.62,2.5,0.108,0.166,31.0,9.09,8.816,0.0
404,4092.0,718,True,1344,284,23.355755528750002,,1868.4604423,,,Public Transport,79.67,2.0,70.98,6.15,2.53,0.41,0.169,22.0,25.958,25.379,6.57
405,33.0,718,True,992,284,1.2175283587499999,,97.4022687,,,Public Transport,89.75,1.0,86.4,0.82,2.53,0.055,0.169,19.0,69.469,69.245,5.55
406,463.0,718,True,1973,278,0.4267404525,,34.1392362,,,Public Transport,63.15,2.0,61.28,0.55,1.32,0.037,0.088,15.0,32.503,32.378,9.35
407,36.0,718,True,1525,278,1.1174360975000002,,89.3948878,,,Public Transport,61.87,1.0,59.62,0.93,1.32,0.062,0.088,24.0,34.216,34.066,6.88
408,260.0,718,True,1178,278,4.17764338,,334.2114704,,,Public Transport,92.9,1.0,86.88,3.52,2.5,0.235,0.166,4.0,40.276,39.875,0.7
409,12.0,718,True,1938,284,80.55812562874999,,6444.6500503,,,Public Transport,195.42,2.0,148.9,43.98,2.53,2.932,0.169,6.0,58.121,55.02,14.98
410,691.0,718,True,374,284,2.2200645725,,177.6051658,,,Public Transport,9.93,0.0,6.68,0.72,2.53,0.048,0.169,96.0,4.195,3.979,0.0
411,5208.0,718,True,2173,2064,14.198773922500001,,1135.9019138,,,Public Transport,55.03,1.0,37.92,14.62,2.5,0.975,0.166,19.0,18.148,17.007,0.07
412,403.0,718,True,1807,284,10.3598628825,,828.7890306,,,Public Transport,62.07,2.0,53.82,5.75,2.5,0.384,0.166,5.0,28.881,28.331,1.15
413,36.0,718,True,33541,278,18.039466795000003,,1443.1573436,,,Public Transport,85.0,1.0,69.78,13.9,1.32,0.926,0.088,25.0,41.07,40.055,6.88
414,44.0,718,True,1109,284,12.47902083625,,998.3216669,,,Public Transport,73.95,2.0,62.02,9.4,2.53,0.627,0.169,32.0,42.32,41.525,4.57
415,1599.0,718,True,163,284,7.4548374925,,596.3869994,,,Public Transport,42.23,1.0,33.88,5.82,2.53,0.387,0.169,45.0,15.685,15.129,0.48
416,3591.0,718,True,1587,284,5.32715789875,,426.1726319,,,Public Transport,160.6,2.0,154.33,3.73,2.53,0.249,0.169,6.0,59.512,59.095,11.38
417,300.0,718,True,2188,278,16.70249126125,,1336.1993009,,,Public Transport,94.55,2.0,77.4,14.65,2.5,0.977,0.166,32.0,29.999,28.856,22.27
418,1513.0,718,True,966,284,3.2503734162500004,,260.0298733,,,Public Transport,40.83,3.0,36.35,1.95,2.53,0.13,0.169,22.0,25.413,25.113,5.47
419,13.0,718,True,1937,284,50.678072763749995,,4054.2458211,,,Public Transport,181.3,2.0,150.2,28.57,2.53,1.905,0.169,6.0,57.82,55.747,14.98
420,112.0,718,True,1567,284,16.5200141425,,1321.6011314,,,Public Transport,87.12,3.0,75.37,9.22,2.53,0.615,0.169,21.0,26.196,25.413,7.02
421,29.0,718,True,1253,284,73.2375285075,,5859.0022806,,,Public Transport,156.03,2.0,100.13,53.37,2.53,3.558,0.169,10.0,71.827,68.101,2.7
422,42.0,718,True,1521,278,25.538539172500002,,2043.0831338,,,Public Transport,89.53,1.0,65.0,23.22,1.32,1.547,0.088,25.0,38.838,37.203,6.88
423,51.0,718,True,1554,278,26.502140509999997,,2120.1712408,,,Public Transport,156.02,3.0,131.4,23.3,1.32,1.554,0.088,4.0,56.306,54.665,28.17
424,28.0,718,True,1339,284,26.424315836250003,,2113.9452669,,,Public Transport,115.8,3.0,90.52,22.75,2.53,1.516,0.169,9.0,29.795,28.11,13.0
425,892.0,718,True,590,284,3.89252925,,311.40234,,,Public Transport,17.93,0.0,11.73,3.67,2.53,0.244,0.169,31.0,8.198,7.785,0.0
426,270.0,718,True,114254,284,1.7703349137499997,,141.6267931,,,Public Transport,88.53,1.0,84.08,1.95,2.5,0.131,0.166,18.0,34.84,34.543,24.53
427,453.0,718,True,1140,2064,2.2987746112500003,,183.9019689,,,Public Transport,75.75,1.0,70.38,2.87,2.5,0.191,0.166,12.0,35.158,34.8,9.0
428,41.0,718,True,1258,284,18.346474118750002,,1467.7179295,,,Public Transport,109.92,2.0,90.52,16.87,2.53,1.124,0.169,13.0,63.707,62.413,2.7
429,47.0,718,True,993,284,22.75310990375,,1820.2487923,,,Public Transport,97.15,1.0,84.98,9.63,2.53,0.642,0.169,19.0,68.86,68.05,5.55
430,3322.0,718,True,1078,284,9.28337197125,,742.6697577,,,Public Transport,44.75,1.0,37.63,5.8,1.32,0.387,0.088,35.0,19.774,19.299,2.27
431,48.0,718,True,1070,284,11.21769823875,,897.4158591,,,Public Transport,61.37,2.0,50.98,7.85,2.53,0.524,0.169,43.0,35.742,35.05,4.57
432,110.0,718,True,754,283,14.51260633375,,1161.0085067,,,Public Transport,42.88,1.0,32.78,6.02,4.08,0.401,0.272,27.0,14.38,13.707,3.65
433,10120.0,718,True,370,284,2.3443998974999998,,187.5519918,,,Public Transport,13.02,0.0,8.77,1.72,2.53,0.114,0.169,32.0,5.917,5.634,0.0
434,110.0,718,True,562,245,0.6764284899999999,,54.1142792,,,Public Transport,43.75,1.0,37.73,1.45,4.57,0.096,0.304,28.0,14.846,14.446,4.82
435,914.0,718,True,408,278,6.577492712500001,,526.199417,,,Public Transport,53.67,1.0,45.63,5.53,2.5,0.369,0.166,10.0,25.241,24.706,1.38
436,2832.0,718,True,1424,278,4.4812923075,,358.5033846,,,Public Transport,66.47,2.0,60.57,4.58,1.32,0.306,0.088,25.0,45.605,45.211,4.62
437,148.0,718,True,877,283,7.678175738749999,,614.2540591,,,Public Transport,45.07,1.0,33.03,7.95,4.08,0.53,0.272,1.0,20.843,20.041,0.55
438,29.0,718,True,477,2064,6.86848694625,,549.4789557,,,Public Transport,24.13,0.0,15.5,6.13,2.5,0.409,0.166,13.0,10.385,9.809,0.0
439,382.0,718,True,888,284,1.9434647875,,155.477183,,,Public Transport,21.78,0.0,15.72,1.98,4.08,0.133,0.272,14.0,12.135,11.73,0.0
440,216.0,718,True,1655,284,0.9661937525000001,,77.2955002,,,Public Transport,81.57,2.0,62.53,16.5,2.53,1.099,0.169,28.0,21.775,20.507,6.57
441,500.0,718,True,2072,2064,2.2566843362499998,,180.5347469,,,Public Transport,26.78,0.0,17.38,6.9,2.5,0.46,0.166,25.0,10.674,10.048,0.0
442,47.0,718,True,1493,284,43.32740062625,,3466.1920501,,,Public Transport,98.52,1.0,63.73,32.25,2.53,2.15,0.169,44.0,54.333,52.015,5.55
443,287.0,718,True,1529,278,3.5685691475,,285.4855318,,,Public Transport,59.6,1.0,55.73,2.55,1.32,0.17,0.088,24.0,30.459,30.201,6.88
444,151.0,718,True,993,284,27.826538054999997,,2226.1230444,,,Public Transport,109.9,1.0,84.98,22.38,2.53,1.492,0.169,19.0,69.711,68.05,5.55
445,621.0,718,True,1061,278,2.771822405,,221.7457924,,,Public Transport,82.15,2.0,79.6,1.23,1.32,0.082,0.088,10.0,49.657,49.487,15.87
446,47.0,718,True,1568,284,67.03604090249999,,5362.8832722,,,Public Transport,113.83,3.0,74.35,36.95,2.53,2.464,0.169,21.0,27.035,24.403,7.02
447,26.0,718,True,1257,284,19.7656732075,,1581.2538566,,,Public Transport,111.8,2.0,92.95,16.32,2.53,1.087,0.169,13.0,64.632,63.376,2.7
448,387.0,718,True,97126,278,3.39413664875,,271.5309319,,,Public Transport,95.42,3.0,90.88,3.22,1.32,0.214,0.088,9.0,42.473,42.171,24.83
449,601.0,718,True,1141,2064,6.43863562125,,515.0908497,,,Public Transport,75.28,1.0,68.57,4.22,2.5,0.282,0.166,12.0,34.614,34.167,9.0
450,1778.0,718,True,1560,284,1.06004024875,,84.8032199,,,Public Transport,107.55,3.0,104.07,0.95,2.53,0.063,0.169,16.0,41.596,41.364,7.02
451,53.0,718,True,1392,278,9.99718818125,,799.7750545,,,Public Transport,47.83,1.0,44.4,2.12,1.32,0.142,0.088,33.0,22.887,22.658,2.27
452,425.0,718,True,937,283,20.19208181375,,1615.3665451,,,Public Transport,45.5,1.0,34.88,6.53,4.08,0.435,0.272,14.0,20.231,19.524,6.32
453,119.0,718,True,1563,284,9.191551188750001,,735.3240951,,,Public Transport,88.25,3.0,79.98,5.73,2.53,0.382,0.169,21.0,29.301,28.751,7.02
