Zona_Origen,Poblacion_Origen,Zona_Destino,Usa_Transporte_Publico,Parada_Origen,Parada_Destino,Tiempo_Acceso_Minutos,Tiempo_Salida_Minutos,Distancia_Acceso_Metros,Distancia_Salida_Metros,Fuente_Datos_Acceso,Fuente_Datos_Salida,Tiempo_Viaje_Total_Minutos,Tiempo_Trayecto_Minutos,Numero_Transbordos,Distancia_Viaje_Total_Km,Distancia_Trayecto_Km,Tiempo_Espera_Transbordo_Minutos,Frecuencia_Servicio,Tiempo_Acceso_Original,Tiempo_Salida_Original,Distancia_Acceso_Original_Km,Distancia_Salida_Original_Km,Tiempo_Viaje_Original_Minutos,Tiempo_Total_Puerta_a_Puerta_Minutos,Verificacion_Tiempo_Total
1,1559.0,727,True,1475.0,1375.0,1.4780678225,1.63998025625,118.2454258,131.1984205,Calculado,Calculado,8.03804807875,4.92,0.0,3.913,3.79,0.0,48.0,0.57,1.28,0.037,0.086,6.77,8.03804807875,8.03804807875
2,25.0,517,True,582.0,587.0,10.80373937125,0.92716684375,864.2991497,74.1733475,Calculado,Calculado,21.760906215,10.03,0.0,5.807,5.425,0.0,102.0,5.13,0.58,0.343,0.039,15.75,21.760906215,21.760906215
3,42.0,716,True,1390.0,1078.0,6.440452806250001,0.91846033625,515.2362245,73.4768269,Calculado,Calculado,17.3089131425,9.95,0.0,6.307,5.775,0.0,63.0,7.05,0.93,0.47,0.062,17.93,17.3089131425,17.3089131425
4,22.0,719,True,1218.0,1096.0,24.44108348625,6.3014092375,1955.2866789,504.112739,Calculado,Calculado,34.29249272375,3.55,0.0,3.376,2.514,0.0,38.0,7.68,5.27,0.512,0.351,16.5,34.29249272375,34.29249272375
5,2272.0,511,True,171.0,1993.0,4.30644740875,0.91754787125,344.5157927,73.4038297,Calculado,Calculado,10.04399528,4.82,0.0,2.793,2.569,0.0,104.0,2.75,0.62,0.184,0.041,8.18,10.04399528,10.04399528
6,1258.0,737,True,2095.0,2096.0,6.802702340000001,19.8202749175,544.2161872,1585.6219934,Calculado,Calculado,28.0029772575,1.38,0.0,1.389,0.456,0.0,80.0,5.02,8.98,0.335,0.598,15.38,28.0029772575,28.0029772575
7,102.0,505,True,786.0,251.0,30.85243540125,3.48591390375,2468.1948321,278.8731123,Calculado,Calculado,104.05834930500001,69.72,2.0,51.214,49.893,0.53,7.0,16.32,3.5,1.087,0.233,89.53,104.05834930500001,104.58834930500001
8,194.0,727,True,1417.0,2280.0,8.948042265,1.67989424,715.8433812,134.3915392,Calculado,Calculado,11.377936505,0.75,0.0,1.257,0.636,0.0,15.0,8.02,1.28,0.535,0.086,10.05,11.377936505,11.377936505
9,52.0,731,True,1013.0,977.0,62.68729208250001,6.267915390000001,5014.9833666,501.4332312,Calculado,Calculado,78.68520747250001,9.73,0.0,11.014,7.629,0.0,54.0,45.75,5.03,3.05,0.335,60.52,78.68520747250001,78.68520747250001
10,24.0,515,True,23.0,26.0,3.46760101625,0.28810997125,277.4080813,23.0487977,Calculado,Calculado,8.0557109875,4.3,0.0,1.767,1.608,0.0,40.0,1.98,0.42,0.132,0.027,6.7,8.0557109875,8.0557109875
11,34.0,713,True,1294.0,1274.0,22.08126405125,2.98574116875,1766.5011241,238.8592935,Calculado,Calculado,48.787005220000005,23.72,0.0,16.068,14.786,0.0,5.0,15.58,3.63,1.039,0.243,42.93,48.787005220000005,48.787005220000005
12,22.0,713,True,1059.0,1274.0,44.12115105125,2.98574116875,3529.6920841,238.8592935,Calculado,Calculado,58.356892220000006,11.25,0.0,10.68,7.678,0.0,8.0,41.4,3.63,2.76,0.243,56.28,58.356892220000006,58.356892220000006
13,45.0,713,True,1266.0,1274.0,51.245595885,2.98574116875,4099.6476708,238.8592935,Calculado,Calculado,67.45133705375,13.22,0.0,11.455,8.797,0.0,8.0,36.22,3.63,2.415,0.243,53.07,67.45133705375,67.45133705375
14,11.0,726,True,1557.0,184.0,11.0989610625,1.93204646625,887.916885,154.5637173,Calculado,Calculado,72.30100752875,59.27,0.0,30.908,29.914,0.0,4.0,13.33,1.58,0.889,0.105,74.18,72.30100752875,72.30100752875
15,296.0,713,True,1158.0,1689.0,2.594992795,0.7462701862500001,207.5994236,59.7016149,Calculado,Calculado,28.31126298125,24.97,0.0,15.85,15.616,0.0,5.0,3.03,0.48,0.202,0.032,28.48,28.31126298125,28.31126298125
16,47.0,505,True,776.0,251.0,97.11262355875,3.48591390375,7769.0098847,278.8731123,Calculado,Calculado,177.4785374625,76.88,2.0,60.829,57.403,0.53,7.0,47.9,3.5,3.193,0.233,128.28,177.4785374625,178.0085374625
17,495.0,740,True,496.0,502.0,6.00061525875,1.58106478375,480.0492207,126.4851827,Calculado,Calculado,16.5316800425,8.95,0.0,5.09,4.674,0.0,16.0,4.58,1.65,0.305,0.11,15.18,16.5316800425,16.5316800425
18,7.0,509,True,727.0,354.0,62.151811695000006,2.98,4972.1449356,199.0,Calculado,Mapeado,144.95181169499998,79.82,3.0,42.127,39.053,22.83,5.0,43.13,2.98,2.876,0.199,125.93,144.95181169499998,167.781811695
19,37980.0,736,True,46.0,47.0,2.9550068275,8.6997604025,236.4005462,695.9808322,Calculado,Calculado,12.274767230000002,0.62,0.0,1.007,0.307,0.0,65.0,3.35,7.15,0.223,0.477,11.12,12.274767230000002,12.274767230000002
20,33.0,719,True,1200.0,1096.0,23.7965468625,6.3014092375,1903.723749,504.112739,Calculado,Calculado,32.097956100000005,2.0,0.0,3.066,1.455,0.0,39.0,18.9,5.27,1.26,0.351,26.17,32.097956100000005,32.097956100000005
21,1827.0,717,True,893.0,249.0,7.378180111250001,1.52,590.2544089,101.0,Calculado,Mapeado,21.46818011125,12.57,0.0,7.634,7.333,0.0,32.0,3.0,1.52,0.2,0.101,17.08,21.46818011125,21.46818011125
22,828.0,731,True,1103.0,1108.0,37.666453515,5.1048154875,3013.3162812,408.385239,Calculado,Calculado,49.0212690025,6.25,0.0,7.94,5.851,0.0,32.0,26.02,5.33,1.734,0.355,37.6,49.0212690025,49.0212690025
23,10645.0,728,True,63.0,128.0,0.2819079325,3.70650770625,22.5526346,296.5206165,Calculado,Calculado,6.50841563875,2.52,0.0,1.285,0.995,0.0,18.0,0.73,3.62,0.049,0.241,6.87,6.50841563875,6.50841563875
24,25.0,716,True,33541.0,1078.0,35.595885894999995,0.91846033625,2847.6708716,73.4768269,Calculado,Calculado,65.94434623125,29.43,0.0,23.185,21.803,0.0,35.0,19.8,0.93,1.32,0.062,50.17,65.94434623125,65.94434623125
25,125.0,716,True,33541.0,1078.0,3.51549720625,0.91846033625,281.2397765,73.4768269,Calculado,Calculado,33.863957542499996,29.43,0.0,22.148,21.803,0.0,30.0,4.23,0.93,0.283,0.062,34.6,33.863957542499996,33.863957542499996
26,440.0,505,True,784.0,251.0,3.10050352,3.48591390375,248.0402816,278.8731123,Calculado,Calculado,78.01641742375001,71.43,2.0,51.659,51.285,0.53,7.0,2.12,3.5,0.141,0.233,77.05,78.01641742375001,78.54641742375001
27,91.0,719,True,1129.0,1096.0,10.74854860875,6.3014092375,859.8838887,504.112739,Calculado,Calculado,34.82995784625,17.78,0.0,15.016,13.976,0.0,31.0,10.35,5.27,0.69,0.351,33.4,34.82995784625,34.82995784625
28,17603.0,716,True,1073.0,1078.0,2.8749088825,0.91846033625,229.9927106,73.4768269,Calculado,Calculado,15.12336921875,11.33,0.0,9.176,8.971,0.0,35.0,2.15,0.93,0.143,0.062,14.42,15.12336921875,15.12336921875
29,23.0,716,True,1836.0,1078.0,30.59521040625,0.91846033625,2447.6168325,73.4768269,Calculado,Calculado,75.6336707425,44.12,0.0,30.015,28.815,0.0,15.0,17.07,0.93,1.138,0.062,62.12,75.6336707425,75.6336707425
30,36.0,713,True,1158.0,1689.0,9.217734485,0.7462701862500001,737.4187588,59.7016149,Calculado,Calculado,34.93400467125,24.97,0.0,16.125,15.616,0.0,5.0,7.15,0.48,0.476,0.032,32.6,34.93400467125,34.93400467125
31,13139.0,736,True,30.0,2048.0,10.88420359875,4.78947215625,870.7362879,383.1577725,Calculado,Calculado,17.703675755,2.03,0.0,1.975,1.256,0.0,59.0,6.35,4.43,0.423,0.296,12.82,17.703675755,17.703675755
32,100.0,713,True,1706.0,1689.0,2.15254951875,0.7462701862500001,172.2039615,59.7016149,Calculado,Calculado,22.318819705000003,19.42,0.0,11.753,11.601,0.0,5.0,1.8,0.48,0.12,0.032,21.7,22.318819705000003,22.318819705000003
33,167.0,737,True,2106.0,40.0,1.550153175,19.18167633875,124.012254,1534.5341071,Calculado,Calculado,30.701829513750003,9.97,0.0,7.551,6.893,0.0,30.0,1.5,8.37,0.1,0.558,19.83,30.701829513750003,30.701829513750003
34,934.0,727,True,1479.0,1375.0,5.13797641375,1.63998025625,411.0381131,131.1984205,Calculado,Calculado,16.85795667,10.08,0.0,7.268,6.871,0.0,48.0,4.68,1.28,0.312,0.086,16.05,16.85795667,16.85795667
35,5.0,726,True,1564.0,197.0,20.7173559775,1.76225622625,1657.3884782,140.9804981,Calculado,Calculado,49.62961220375,27.15,0.0,14.338,13.632,0.0,27.0,9.0,1.58,0.601,0.105,37.73,49.62961220375,49.62961220375
36,1543.0,713,True,1018.0,1689.0,6.0871684075,0.7462701862500001,486.9734726,59.7016149,Calculado,Calculado,8.93343859375,2.1,0.0,2.049,1.622,0.0,50.0,5.93,0.48,0.396,0.032,8.52,8.93343859375,8.93343859375
37,1909.0,505,True,637.0,251.0,4.11514505625,3.48591390375,329.2116045,278.8731123,Calculado,Calculado,35.53105896,27.93,1.0,21.996,21.62,0.02,41.0,2.15,3.5,0.143,0.233,33.58,35.53105896,35.551058960000006
38,81.0,716,True,1392.0,1078.0,7.495646618749999,0.91846033625,599.6517295,73.4768269,Calculado,Calculado,15.864106954999999,7.45,0.0,4.738,4.405,0.0,65.0,4.05,0.93,0.27,0.062,12.43,15.864106954999999,15.864106954999999
39,32.0,716,True,1529.0,1078.0,4.746733186249999,0.91846033625,379.7386549,73.4768269,Calculado,Calculado,24.1151935225,18.45,0.0,12.278,11.949,0.0,31.0,4.02,0.93,0.267,0.062,23.4,24.1151935225,24.1151935225
40,20.0,726,True,1340.0,197.0,8.75249743375,1.76225622625,700.1997947,140.9804981,Calculado,Calculado,43.334753660000004,32.82,0.0,11.659,11.355,0.0,5.0,2.98,1.58,0.199,0.105,37.38,43.334753660000004,43.334753660000004
41,247.0,717,True,890.0,249.0,2.22072758625,1.52,177.6582069,101.0,Calculado,Mapeado,18.620727586250002,14.88,0.0,9.118,8.852,0.0,32.0,2.48,1.52,0.165,0.101,18.88,18.620727586250002,18.620727586250002
42,1245.0,716,True,1523.0,1078.0,3.34813628,0.91846033625,267.8509024,73.4768269,Calculado,Calculado,27.896596616249997,23.63,0.0,17.053,16.879,0.0,31.0,1.67,0.93,0.111,0.062,26.23,27.896596616249997,27.896596616249997
43,25409.0,732,True,827.0,2049.0,0.4815452999999999,1.4382949875,38.523624,115.063599,Calculado,Calculado,4.1998402875,2.28,0.0,0.99,0.824,0.0,43.0,0.87,1.63,0.058,0.108,4.78,4.1998402875,4.1998402875
44,76.0,726,True,1334.0,197.0,1.6109668549999998,1.76225622625,128.8773484,140.9804981,Calculado,Calculado,40.223223081250005,36.85,0.0,13.732,13.509,0.0,5.0,1.78,1.58,0.119,0.105,40.22,40.223223081250005,40.223223081250005
45,35.0,739,True,1422.0,1425.0,8.7827784675,7.551894625,702.6222774,604.15157,Calculado,Calculado,17.5046730925,1.17,0.0,3.886,3.22,0.0,23.0,7.82,2.17,0.521,0.144,11.15,17.5046730925,17.5046730925
46,7.0,512,True,698.0,339.0,10.02550770625,0.07783910375,802.0406165,6.2271283,Calculado,Calculado,31.62334681,21.52,0.0,13.922,13.597,0.0,16.0,4.38,0.5,0.292,0.034,26.4,31.62334681,31.62334681
47,487.0,726,True,1567.0,197.0,1.6271509600000005,1.76225622625,130.1720768,140.9804981,Calculado,Calculado,27.309407186250002,23.92,0.0,11.716,11.483,0.0,27.0,1.92,1.58,0.128,0.105,27.42,27.309407186250002,27.309407186250002
48,544.0,740,True,337788.0,505.0,27.7247168225,2.124353215,2217.9773458,169.9482572,Calculado,Calculado,32.1990700375,2.35,0.0,2.981,2.018,0.0,18.0,12.48,1.95,0.833,0.13,16.78,32.1990700375,32.1990700375
49,33744.0,726,True,196.0,197.0,4.25314280625,1.76225622625,340.2514245,140.9804981,Calculado,Calculado,7.0353990325,1.02,0.0,0.861,0.596,0.0,121.0,2.38,1.58,0.159,0.105,4.98,7.0353990325,7.0353990325
50,900.0,726,True,1361.0,184.0,4.864256125,1.93204646625,389.14049,154.5637173,Calculado,Calculado,10.61630259125,3.82,0.0,2.356,1.999,0.0,75.0,3.5,1.83,0.233,0.123,9.15,10.61630259125,10.61630259125
51,66.0,726,True,1336.0,197.0,2.8883379062500003,1.76225622625,231.0670325,140.9804981,Calculado,Calculado,39.900594132500004,35.25,0.0,12.997,12.727,0.0,5.0,2.48,1.58,0.165,0.105,39.32,39.900594132500004,39.900594132500004
52,608.0,737,True,2109.0,40.0,0.4082983462499999,19.18167633875,32.6638677,1534.5341071,Calculado,Calculado,32.419974685,12.83,0.0,8.598,8.027,0.0,30.0,0.2,8.37,0.014,0.558,21.4,32.419974685,32.419974685
53,48.0,731,True,1109.0,1108.0,12.05358385875,5.1048154875,964.2867087,408.385239,Calculado,Calculado,18.23839934625,1.08,0.0,1.674,0.775,0.0,32.0,8.17,5.33,0.544,0.355,14.58,18.23839934625,18.23839934625
54,365.0,716,True,1536.0,1078.0,0.86095978875,0.91846033625,68.8767831,73.4768269,Calculado,Calculado,11.109420125,9.33,0.0,5.893,5.777,0.0,60.0,0.82,0.93,0.055,0.062,11.08,11.109420125,11.109420125
55,53.0,716,True,331603.0,1078.0,35.40212754125,0.91846033625,2832.1702033,73.4768269,Calculado,Calculado,48.420587877500004,12.1,0.0,8.343,7.222,0.0,43.0,15.88,0.93,1.058,0.062,28.92,48.420587877500004,48.420587877500004
56,58.0,727,True,2232.0,1997.0,1.21346450125,2.2235530875,97.0771601,177.884247,Calculado,Calculado,26.33701758875,22.9,0.0,12.634,12.375,0.0,15.0,1.55,2.35,0.103,0.157,26.8,26.33701758875,26.33701758875
57,512.0,728,True,149.0,151.0,1.08883795875,1.6741110225,87.1070367,133.9288818,Calculado,Calculado,4.49294898125,1.73,0.0,1.206,1.07,0.0,17.0,0.9,1.15,0.06,0.077,3.78,4.49294898125,4.49294898125
58,6159.0,726,True,179.0,197.0,5.12855934625,1.76225622625,410.2847477,140.9804981,Calculado,Calculado,14.1708155725,7.28,0.0,4.578,4.171,0.0,53.0,4.52,1.58,0.301,0.105,13.38,14.1708155725,14.1708155725
59,30.0,729,True,999.0,1446.0,43.77141175625,5.18588491375,3501.7129405,414.8707931,Calculado,Calculado,64.00729667,15.05,0.0,11.115,9.71,0.0,15.0,16.57,4.5,1.105,0.3,36.12,64.00729667,64.00729667
60,925.0,515,True,25.0,26.0,14.63580756375,0.28810997125,1170.8646051,23.0487977,Calculado,Calculado,16.943917535,2.02,0.0,1.51,0.755,0.0,70.0,10.92,0.42,0.728,0.027,13.35,16.943917535,16.943917535
61,1185.0,515,True,2150.0,26.0,1.05851567875,0.28810997125,84.6812543,23.0487977,Calculado,Calculado,14.21662565,12.87,0.0,3.858,3.773,0.0,28.0,0.87,0.42,0.058,0.027,14.15,14.21662565,14.21662565
62,2381.0,740,True,1676.0,502.0,12.14552100375,1.58106478375,971.6416803,126.4851827,Calculado,Calculado,15.676585787499999,1.95,0.0,1.746,0.941,0.0,17.0,10.42,1.65,0.695,0.11,14.02,15.676585787499999,15.676585787499999
63,3761.0,740,True,1677.0,502.0,14.280468250000002,1.58106478375,1142.43746,126.4851827,Calculado,Calculado,23.28153303375,7.42,0.0,3.46,3.237,0.0,22.0,1.68,1.65,0.113,0.11,10.75,23.28153303375,23.28153303375
64,30.0,726,True,1348.0,197.0,53.8101867725,1.76225622625,4304.8149418,140.9804981,Calculado,Calculado,70.82244299875,15.25,0.0,8.866,6.635,0.0,42.0,31.9,1.58,2.126,0.105,48.73,70.82244299875,70.82244299875
65,45.0,716,True,1394.0,1078.0,5.4229442325,0.91846033625,433.8355386,73.4768269,Calculado,Calculado,10.46140456875,4.12,0.0,3.019,2.532,0.0,65.0,6.37,0.93,0.424,0.062,11.42,10.46140456875,10.46140456875
66,50.0,716,True,1388.0,1078.0,1.8441773825,0.91846033625,147.5341906,73.4768269,Calculado,Calculado,15.59263771875,12.83,0.0,8.74,8.587,0.0,30.0,1.35,0.93,0.09,0.062,15.12,15.59263771875,15.59263771875
67,43.0,716,True,2174.0,1078.0,30.140410107500003,0.91846033625,2411.2328086,73.4768269,Calculado,Calculado,56.588870443750004,25.53,0.0,19.1,18.178,0.0,34.0,12.88,0.93,0.859,0.062,39.35,56.588870443750004,56.588870443750004
68,28.0,729,True,1490.0,1446.0,37.09289674875,5.18588491375,2967.4317399,414.8707931,Calculado,Calculado,78.32878166249999,36.05,0.0,25.71,24.697,0.0,15.0,10.7,4.5,0.713,0.3,51.25,78.32878166249999,78.32878166249999
69,10312.0,728,True,61.0,128.0,0.8653357937499999,3.70650770625,69.2268635,296.5206165,Calculado,Calculado,11.3018435,6.73,0.0,3.751,3.455,0.0,18.0,0.82,3.62,0.055,0.241,11.17,11.3018435,11.3018435
70,53.0,731,True,1107.0,1108.0,3.624252665,5.1048154875,289.9402132,408.385239,Calculado,Calculado,11.0990681525,2.37,0.0,2.297,1.76,0.0,32.0,2.73,5.33,0.182,0.355,10.43,11.0990681525,11.0990681525
71,155.0,738,True,1631.0,2220.0,9.44478875,0.90773412,755.5831,72.6187296,Calculado,Calculado,28.832522870000002,18.48,0.0,12.144,11.378,0.0,15.0,10.8,0.7,0.719,0.047,29.98,28.832522870000002,28.832522870000002
72,372.0,713,True,1257.0,1274.0,3.84506127,2.98574116875,307.6049016,238.8592935,Calculado,Calculado,35.300802438750004,28.47,0.0,18.982,18.538,0.0,8.0,3.03,3.63,0.202,0.243,35.13,35.300802438750004,35.300802438750004
73,787.0,719,True,1091.0,1096.0,1.97987401625,6.3014092375,158.3899213,504.112739,Calculado,Calculado,15.06128325375,6.78,0.0,6.608,6.147,0.0,32.0,1.65,5.27,0.11,0.351,13.7,15.06128325375,15.06128325375
74,33.0,716,True,1536.0,1078.0,9.93493330375,0.91846033625,794.7946643,73.4768269,Calculado,Calculado,20.18339364,9.33,0.0,6.402,5.777,0.0,64.0,8.45,0.93,0.563,0.062,18.72,20.18339364,20.18339364
75,22.0,727,True,1413.0,2280.0,29.231624,1.67989424,2338.52992,134.3915392,Calculado,Calculado,35.73151824000001,4.82,0.0,5.122,3.992,0.0,33.0,15.67,1.28,1.044,0.086,21.77,35.73151824000001,35.73151824000001
76,32.0,731,True,1109.0,1108.0,38.3176875575,5.1048154875,3065.4150046,408.385239,Calculado,Calculado,44.502503045,1.08,0.0,3.277,0.775,0.0,32.0,32.2,5.33,2.147,0.355,38.62,44.502503045,44.502503045
77,7575.0,505,True,679.0,251.0,14.31589673125,3.48591390375,1145.2717385,278.8731123,Calculado,Calculado,65.631810635,47.83,1.0,33.092,32.303,0.6,39.0,8.33,3.5,0.556,0.233,59.67,65.631810635,66.23181063499999
78,6.0,713,True,1047.0,1274.0,19.47149238625,2.98574116875,1557.7193909,238.8592935,Calculado,Calculado,59.527233555,37.07,0.0,25.222,23.622,0.0,8.0,20.35,3.63,1.357,0.243,61.05,59.527233555,59.527233555
79,89.0,719,True,1219.0,1096.0,9.524628675,6.3014092375,761.970294,504.112739,Calculado,Calculado,16.7460379125,0.92,0.0,1.595,0.683,0.0,39.0,8.42,5.27,0.561,0.351,14.6,16.7460379125,16.7460379125
80,56.0,716,True,1975.0,1078.0,45.26120641875,0.91846033625,3620.8965135,73.4768269,Calculado,Calculado,73.649666755,27.47,0.0,16.71,15.741,0.0,15.0,13.6,0.93,0.907,0.062,42.0,73.649666755,73.649666755
81,59.0,716,True,1532.0,1078.0,10.751323935,0.91846033625,860.1059148,73.4768269,Calculado,Calculado,26.34978427125,14.68,0.0,9.964,9.793,0.0,37.0,1.63,0.93,0.109,0.062,17.25,26.34978427125,26.34978427125
82,2494.0,738,True,2077.0,2219.0,4.91335080375,0.79330144375,393.0680643,63.4641155,Calculado,Calculado,22.856652247499998,17.15,0.0,7.056,6.736,0.0,15.0,3.88,0.93,0.258,0.062,21.97,22.856652247499998,22.856652247499998
83,24.0,713,True,1059.0,1274.0,16.383018817499998,2.98574116875,1310.6415054,238.8592935,Calculado,Calculado,30.618759986249998,11.25,0.0,9.058,7.678,0.0,8.0,17.07,3.63,1.137,0.243,31.95,30.618759986249998,30.618759986249998
84,3737.0,507,True,475.0,111.0,1.154984505,5.23873227375,92.3987604,419.0985819,Calculado,Calculado,17.14371677875,10.75,0.0,7.633,7.227,0.0,34.0,1.45,4.65,0.096,0.31,16.85,17.14371677875,17.14371677875
85,37.0,713,True,1157.0,1689.0,25.35636248875,0.7462701862500001,2028.5089991,59.7016149,Calculado,Calculado,53.482632675000005,27.38,0.0,17.798,17.154,0.0,5.0,9.18,0.48,0.612,0.032,37.05,53.482632675000005,53.482632675000005
86,38.0,713,True,1862.0,1274.0,0.7940414474999999,2.98574116875,63.5233158,238.8592935,Calculado,Calculado,38.449782616250005,34.67,0.0,22.111,21.83,0.0,8.0,0.58,3.63,0.038,0.243,38.88,38.449782616250005,38.449782616250005
87,35.0,515,True,25.0,26.0,7.18145477,0.28810997125,574.5163816,23.0487977,Calculado,Calculado,9.48956474125,2.02,0.0,1.116,0.755,0.0,42.0,5.02,0.42,0.334,0.027,7.45,9.48956474125,9.48956474125
88,71.0,716,True,957.0,1005.0,7.066631940000001,1.089115005,565.3305552,87.1292004,Calculado,Calculado,10.625746945000001,2.47,0.0,2.575,2.062,0.0,136.0,6.6,1.1,0.44,0.074,10.17,10.625746945000001,10.625746945000001
89,45.0,726,True,1561.0,197.0,1.27525690375,1.76225622625,102.0205523,140.9804981,Calculado,Calculado,55.91751313,52.88,0.0,25.793,25.636,0.0,25.0,0.77,1.58,0.051,0.105,55.23,55.91751313,55.91751313
90,4544.0,736,True,2132.0,2047.0,2.40197232125,2.63131643,192.1577857,210.5053144,Calculado,Calculado,8.803288751250001,3.77,0.0,2.248,1.952,0.0,16.0,1.75,2.7,0.116,0.18,8.22,8.803288751250001,8.803288751250001
91,16507.0,719,False,,,3.55,5.27,237.0,351.0,Mapeado,Mapeado,8.82,0.0,0.0,0.587,0.0,0.0,0.0,3.55,5.27,0.237,0.351,8.82,8.82,8.82
92,36.0,727,True,1413.0,2280.0,35.8706173075,1.67989424,2869.6493846,134.3915392,Calculado,Calculado,42.3705115475,4.82,0.0,5.477,3.992,0.0,33.0,21.0,1.28,1.4,0.086,27.1,42.3705115475,42.3705115475
93,26.0,505,True,750.0,251.0,63.1924555825,3.48591390375,5055.3964466,278.8731123,Calculado,Calculado,139.47836948625,72.8,2.0,56.288,52.842,0.53,7.0,48.18,3.5,3.213,0.233,124.48,139.47836948625,140.00836948625
94,2046.0,503,True,1696.0,522.0,3.59562569875,4.595315995,287.6500559,367.6252796,Calculado,Calculado,33.66094169375,25.47,1.0,14.82,14.416,1.83,4.0,2.68,3.38,0.179,0.225,31.53,33.66094169375,35.490941693749996
95,100.0,727,True,1484.0,1375.0,32.13408319875,1.63998025625,2570.7266559,131.1984205,Calculado,Calculado,50.674063454999995,16.9,0.0,12.37,10.692,0.0,33.0,23.88,1.28,1.593,0.086,42.07,50.674063454999995,50.674063454999995
96,3804.0,727,True,1714.0,1375.0,2.1402040225,1.63998025625,171.2163218,131.1984205,Calculado,Calculado,11.850184278750001,8.07,0.0,7.456,7.12,0.0,50.0,3.75,1.28,0.25,0.086,13.1,11.850184278750001,11.850184278750001
97,36.0,505,True,811.0,251.0,15.73442221625,3.48591390375,1258.7537773,278.8731123,Calculado,Calculado,63.20033612,43.98,2.0,31.036,29.857,0.53,7.0,14.18,3.5,0.946,0.233,61.67,63.20033612,63.730336120000004
98,79.0,505,True,748.0,251.0,17.8635540625,3.48591390375,1429.084325,278.8731123,Calculado,Calculado,91.51946796625,70.17,2.0,51.35,50.255,0.53,7.0,12.93,3.5,0.862,0.233,86.6,91.51946796625,92.04946796625
99,41.0,716,True,1394.0,1078.0,2.3134517312500003,0.91846033625,185.0761385,73.4768269,Calculado,Calculado,7.351912067500001,4.12,0.0,2.766,2.532,0.0,65.0,2.57,0.93,0.171,0.062,7.62,7.351912067500001,7.351912067500001
100,94.0,716,True,1973.0,1078.0,40.08112193875,0.91846033625,3206.4897551,73.4768269,Calculado,Calculado,65.36958227500001,24.37,0.0,15.875,14.126,0.0,15.0,25.3,0.93,1.687,0.062,50.6,65.36958227500001,65.36958227500001
101,348605.0,505,True,1823.0,206.0,3.880949215,2.84879313125,310.4759372,227.9034505,Calculado,Calculado,6.729742346249999,0.0,0.0,0.641,0.0,0.0,2.0,6.72,2.9,0.448,0.193,9.62,6.729742346249999,6.729742346249999
102,174.0,729,True,1493.0,1446.0,25.32566284875,5.18588491375,2026.0530279,414.8707931,Calculado,Calculado,49.2315477625,18.72,0.0,14.177,12.053,0.0,15.0,27.35,4.5,1.823,0.3,50.57,49.2315477625,49.2315477625
103,36.0,505,True,784.0,251.0,21.2243718575,3.48591390375,1697.9497486,278.8731123,Calculado,Calculado,96.14028576125001,71.43,2.0,52.518,51.285,0.53,7.0,15.0,3.5,1.0,0.233,89.93,96.14028576125001,96.67028576125001
104,40.0,716,True,1389.0,1078.0,3.20522266625,0.91846033625,256.4178133,73.4768269,Calculado,Calculado,15.4536830025,11.33,0.0,7.42,7.027,0.0,30.0,4.95,0.93,0.33,0.062,17.22,15.4536830025,15.4536830025
105,36.0,507,True,1761.0,81.0,25.55555867625,7.47155022875,2044.4446941,597.7240183,Calculado,Calculado,64.827108905,31.8,1.0,25.135,23.429,0.28,4.0,18.5,7.08,1.233,0.473,57.38,64.827108905,65.107108905
106,27.0,726,True,182.0,197.0,24.8330889525,1.76225622625,1986.6471162,140.9804981,Calculado,Calculado,30.865345178749998,4.27,0.0,3.218,2.315,0.0,75.0,11.97,1.58,0.798,0.105,17.82,30.865345178749998,30.865345178749998
107,6.0,726,True,178.0,197.0,31.48797414875,1.76225622625,2519.0379319,140.9804981,Calculado,Calculado,41.100230375,7.85,0.0,5.679,4.501,0.0,52.0,16.08,1.58,1.072,0.105,25.52,41.100230375,41.100230375
108,27.0,517,False,,,9.92,0.58,661.0,39.0,Mapeado,Mapeado,10.5,0.0,0.0,0.699,0.0,0.0,0.0,9.92,0.58,0.661,0.039,10.5,10.5,10.5
109,743.0,515,True,11.0,26.0,2.5115688425,0.28810997125,200.9255074,23.0487977,Calculado,Calculado,12.49967881375,9.7,0.0,3.525,3.379,0.0,42.0,1.78,0.42,0.119,0.027,11.9,12.49967881375,12.49967881375
110,81.0,517,True,710.0,587.0,0.96348907,0.92716684375,77.0791256,74.1733475,Calculado,Calculado,33.54065591375,31.65,1.0,14.988,14.907,0.03,7.0,0.63,0.58,0.042,0.039,32.87,33.54065591375,33.57065591375
111,452.0,505,True,750.0,251.0,1.71496319,3.48591390375,137.1970552,278.8731123,Calculado,Calculado,78.00087709375,72.8,2.0,53.211,52.842,0.53,7.0,2.03,3.5,0.135,0.233,78.33,78.00087709375,78.53087709375001
112,25.0,517,True,580.0,587.0,31.34191632125,0.92716684375,2507.3533057,74.1733475,Calculado,Calculado,41.419083165,9.15,0.0,6.616,5.67,0.0,66.0,13.6,0.58,0.907,0.039,23.33,41.419083165,41.419083165
113,36.0,509,True,2185.0,354.0,21.82204902625,2.98,1745.7639221,199.0,Calculado,Mapeado,93.25204902625,68.45,3.0,43.464,42.345,7.78,2.0,13.8,2.98,0.92,0.199,85.23,93.25204902625,101.03204902625001
114,22.0,719,False,,,15.93,5.27,1063.0,351.0,Mapeado,Mapeado,21.2,0.0,0.0,1.413,0.0,0.0,0.0,15.93,5.27,1.063,0.351,21.2,21.2,21.2
115,5752.0,735,True,164.0,975.0,4.61814314625,1.53,369.4514517,102.0,Calculado,Mapeado,7.978143146250001,1.83,0.0,2.427,2.033,0.0,127.0,4.37,1.53,0.291,0.102,7.73,7.978143146250001,7.978143146250001
116,25.0,727,True,1411.0,2280.0,13.7428930875,1.67989424,1099.431447,134.3915392,Calculado,Calculado,22.7927873275,7.37,0.0,7.923,7.043,0.0,33.0,11.92,1.28,0.794,0.086,20.57,22.7927873275,22.7927873275
117,7.0,716,True,1393.0,1078.0,17.567223103750003,0.91846033625,1405.3778483,73.4768269,Calculado,Calculado,24.915683440000002,6.43,0.0,3.942,3.556,0.0,65.0,4.85,0.93,0.323,0.062,12.22,24.915683440000002,24.915683440000002
118,29816.0,727,False,,,7.72,1.28,515.0,86.0,Mapeado,Mapeado,9.0,0.0,0.0,0.6,0.0,0.0,0.0,7.72,1.28,0.515,0.086,9.0,9.0,9.0
119,448.0,713,True,1048.0,1274.0,1.83149356375,2.98574116875,146.5194851,238.8592935,Calculado,Calculado,34.1972347325,29.38,0.0,19.731,19.399,0.0,8.0,1.35,3.63,0.09,0.243,34.37,34.1972347325,34.1972347325
120,78.0,729,True,1419.0,1886.0,36.53915675875,4.82713958375,2923.1325407,386.1711667,Calculado,Calculado,41.946296342500005,0.58,0.0,2.567,0.632,0.0,54.0,24.85,4.18,1.656,0.279,29.62,41.946296342500005,41.946296342500005
121,72.0,505,True,786.0,251.0,0.3399924,3.48591390375,27.199392,278.8731123,Calculado,Calculado,73.54590630375,69.72,2.0,50.179,49.893,0.53,7.0,0.78,3.5,0.052,0.233,74.0,73.54590630375,74.07590630375
122,31.0,517,True,620.0,587.0,1.921460905,0.92716684375,153.7168724,74.1733475,Calculado,Calculado,13.778627748749999,10.93,0.0,5.353,5.187,0.0,88.0,1.92,0.58,0.127,0.039,13.43,13.778627748749999,13.778627748749999
123,482.0,517,True,624.0,587.0,2.2804269475,0.92716684375,182.4341558,74.1733475,Calculado,Calculado,7.437593791250001,4.23,0.0,2.894,2.734,0.0,105.0,1.82,0.58,0.121,0.039,6.63,7.437593791250001,7.437593791250001
124,251.0,512,True,662.0,339.0,0.31281822375,0.07783910375,25.0254579,6.2271283,Calculado,Calculado,26.4706573275,26.08,0.0,16.676,16.601,0.0,7.0,0.63,0.5,0.042,0.034,27.22,26.4706573275,26.4706573275
125,159.0,512,True,561.0,306.0,3.2140743487500005,0.9711756575,257.1259479,77.6940526,Calculado,Calculado,14.96525000625,10.78,1.0,5.916,5.639,1.73,34.0,2.78,1.37,0.185,0.092,14.93,14.96525000625,16.69525000625
126,30.0,512,True,698.0,339.0,2.46654258125,0.07783910375,197.3234065,6.2271283,Calculado,Calculado,24.064381685,21.52,0.0,13.758,13.597,0.0,16.0,1.92,0.5,0.128,0.034,23.93,24.064381685,24.064381685
127,26.0,512,True,415.0,339.0,10.7472249,0.07783910375,859.777992,6.2271283,Calculado,Calculado,12.49506400375,1.67,0.0,1.46,1.078,0.0,171.0,5.22,0.5,0.348,0.034,7.38,12.49506400375,12.49506400375
128,337.0,713,True,1032.0,1274.0,0.794466335,2.98574116875,63.5573068,238.8592935,Calculado,Calculado,22.55020750375,18.77,0.0,13.415,13.129,0.0,10.0,0.67,3.63,0.044,0.243,23.07,22.55020750375,22.55020750375
129,113.0,713,True,1252.0,1274.0,0.7308817237499999,2.98574116875,58.4705379,238.8592935,Calculado,Calculado,40.34662289250001,36.63,0.0,24.059,23.786,0.0,8.0,0.47,3.63,0.031,0.243,40.73,40.34662289250001,40.34662289250001
130,31.0,716,True,1328.0,1078.0,9.5321865675,0.91846033625,762.5749254,73.4768269,Calculado,Calculado,31.500646903750003,21.05,0.0,15.818,15.156,0.0,32.0,9.0,0.93,0.6,0.062,30.98,31.500646903750003,31.500646903750003
131,171.0,713,True,1246.0,1274.0,21.58872579125,2.98574116875,1727.0980633,238.8592935,Calculado,Calculado,64.29446696,39.72,0.0,27.643,26.28,0.0,8.0,16.82,3.63,1.121,0.243,60.17,64.29446696,64.29446696
132,368.0,719,True,1142.0,1096.0,5.66922335,6.3014092375,453.537868,504.112739,Calculado,Calculado,40.8206325875,28.85,1.0,19.523,18.82,0.33,16.0,5.28,5.27,0.352,0.351,39.4,40.8206325875,41.1506325875
133,3445.0,726,True,182.0,197.0,3.97670309875,1.76225622625,318.1362479,140.9804981,Calculado,Calculado,10.008959325,4.27,0.0,2.678,2.315,0.0,75.0,3.87,1.58,0.258,0.105,9.72,10.008959325,10.008959325
134,335.0,716,True,1394.0,1078.0,1.98229401375,0.91846033625,158.5835211,73.4768269,Calculado,Calculado,7.02075435,4.12,0.0,2.744,2.532,0.0,65.0,2.25,0.93,0.149,0.062,7.3,7.02075435,7.02075435
135,753.0,740,True,497.0,502.0,3.4508027462500004,1.58106478375,276.0642197,126.4851827,Calculado,Calculado,12.66186753,7.63,0.0,4.413,4.088,0.0,23.0,3.22,1.65,0.214,0.11,12.5,12.66186753,12.66186753
136,474.0,731,True,1107.0,1108.0,3.18230450375,5.1048154875,254.5843603,408.385239,Calculado,Calculado,10.65711999125,2.37,0.0,2.202,1.76,0.0,32.0,1.3,5.33,0.086,0.355,9.0,10.65711999125,10.65711999125
137,300.0,511,True,1994.0,1992.0,13.424527094999998,1.03955254375,1073.9621676,83.1642035,Calculado,Calculado,14.894079638749998,0.43,0.0,1.054,0.418,0.0,82.0,8.78,0.75,0.586,0.05,9.97,14.894079638749998,14.894079638749998
138,183.0,507,True,1761.0,81.0,2.12009847875,7.47155022875,169.6078783,597.7240183,Calculado,Calculado,41.391648707499996,31.8,1.0,24.065,23.429,0.28,4.0,2.45,7.08,0.164,0.473,41.33,41.391648707499996,41.6716487075
139,3851.0,737,True,2244.0,2097.0,4.80897384625,6.648139412499999,384.7179077,531.851153,Calculado,Calculado,15.137113258749999,3.68,0.0,2.396,1.928,0.0,104.0,4.55,2.47,0.303,0.164,10.7,15.137113258749999,15.137113258749999
140,431.0,713,True,1055.0,1274.0,9.233441205,2.98574116875,738.6752964,238.8592935,Calculado,Calculado,27.61918237375,15.4,0.0,12.059,11.406,0.0,11.0,6.15,3.63,0.41,0.243,25.18,27.61918237375,27.61918237375
141,1765.0,716,True,1660.0,1078.0,2.26345908875,0.91846033625,181.0767271,73.4768269,Calculado,Calculado,19.061919425,15.88,0.0,10.805,10.636,0.0,40.0,1.6,0.93,0.106,0.062,18.42,19.061919425,19.061919425
142,93.0,716,True,455.0,1078.0,1.57128476625,0.91846033625,125.7027813,73.4768269,Calculado,Calculado,12.959745102500001,10.47,0.0,7.334,7.168,0.0,10.0,1.55,0.93,0.103,0.062,12.95,12.959745102500001,12.959745102500001
143,165.0,738,True,1802.0,2220.0,2.671775835,0.90773412,213.7420668,72.6187296,Calculado,Calculado,13.379509955000001,9.8,0.0,6.248,6.091,0.0,15.0,1.65,0.7,0.111,0.047,12.15,13.379509955000001,13.379509955000001
144,9378.0,515,True,2028.0,26.0,3.93610533625,0.28810997125,314.8884269,23.0487977,Calculado,Calculado,10.6542153075,6.43,0.0,2.517,2.347,0.0,41.0,2.15,0.42,0.143,0.027,9.0,10.6542153075,10.6542153075
145,78.0,713,True,1268.0,1274.0,23.5408681925,2.98574116875,1883.2694554,238.8592935,Calculado,Calculado,37.376609361250004,10.85,0.0,8.594,7.259,0.0,8.0,16.38,3.63,1.092,0.243,30.87,37.376609361250004,37.376609361250004
146,91.0,713,True,1723.0,1274.0,52.81648708,2.98574116875,4225.3189664,238.8592935,Calculado,Calculado,81.48222824875,25.68,0.0,20.675,17.183,0.0,8.0,48.73,3.63,3.249,0.243,78.05,81.48222824875,81.48222824875
147,13.0,726,True,1939.0,197.0,48.3385519775,1.76225622625,3867.0841582,140.9804981,Calculado,Calculado,109.72080820375001,59.62,0.0,33.935,32.041,0.0,7.0,26.83,1.58,1.789,0.105,88.03,109.72080820375001,109.72080820375001
148,722.0,738,True,2161.0,1648.0,4.14315231625,6.839990448749999,331.4521853,547.1992359,Calculado,Calculado,24.303142764999997,13.32,1.0,9.572,8.994,0.12,5.0,2.63,6.03,0.176,0.402,21.98,24.303142764999997,24.423142764999998
149,26.0,713,True,1166.0,1689.0,41.35772534125,0.7462701862500001,3308.6180273,59.7016149,Calculado,Calculado,58.30399552750001,16.2,0.0,11.718,10.057,0.0,6.0,24.43,0.48,1.629,0.032,41.12,58.30399552750001,58.30399552750001
150,93.0,713,True,1059.0,1274.0,21.047212135,2.98574116875,1683.7769708,238.8592935,Calculado,Calculado,35.28295330375,11.25,0.0,9.254,7.678,0.0,8.0,20.0,3.63,1.333,0.243,34.88,35.28295330375,35.28295330375
151,115.0,714,True,832.0,329.0,7.4525528925,2.0380568287500003,596.2042314,163.0445463,Calculado,Calculado,12.940609721250002,3.45,0.0,2.333,1.96,0.0,64.0,3.48,2.12,0.232,0.141,9.05,12.940609721250002,12.940609721250002
152,138.0,716,True,1392.0,1078.0,6.464095777500001,0.91846033625,517.1276622,73.4768269,Calculado,Calculado,14.832556113750002,7.45,0.0,4.794,4.405,0.0,65.0,4.9,0.93,0.326,0.062,13.28,14.832556113750002,14.832556113750002
153,20.0,716,True,1537.0,1078.0,21.35596018375,0.91846033625,1708.4768147,73.4768269,Calculado,Calculado,37.60442052,15.33,1.0,9.708,8.465,0.1,45.0,17.72,0.93,1.181,0.062,33.98,37.60442052,37.70442052
154,6578.0,727,True,1485.0,1375.0,5.22370247625,1.63998025625,417.8961981,131.1984205,Calculado,Calculado,22.233682732499997,15.37,0.0,10.551,10.104,0.0,33.0,5.42,1.28,0.361,0.086,22.07,22.233682732499997,22.233682732499997
155,1589.0,738,True,1647.0,2220.0,3.451545445,0.90773412,276.1236356,72.6187296,Calculado,Calculado,7.729279565,3.37,0.0,1.315,1.112,0.0,21.0,2.33,0.7,0.156,0.047,6.4,7.729279565,7.729279565
156,418.0,507,True,473.0,111.0,1.7098828950000002,5.23873227375,136.7906316,419.0985819,Calculado,Calculado,18.92861516875,11.98,0.0,8.479,8.086,0.0,34.0,1.23,4.65,0.082,0.31,17.87,18.92861516875,18.92861516875
157,988.0,728,True,145.0,151.0,12.3174941475,1.6741110225,985.3995318,133.9288818,Calculado,Calculado,18.321605169999998,4.33,0.0,3.284,2.749,0.0,17.0,6.87,1.15,0.458,0.077,12.35,18.321605169999998,18.321605169999998
158,441.0,729,True,978.0,1446.0,33.59047823625,5.18588491375,2687.2382589,414.8707931,Calculado,Calculado,61.99636315,23.22,0.0,17.921,15.216,0.0,15.0,36.07,4.5,2.405,0.3,63.78,61.99636315,61.99636315
159,89.0,507,True,1765.0,81.0,1.66877621,7.47155022875,133.5020968,597.7240183,Calculado,Calculado,37.24032643875,28.1,1.0,21.85,21.257,0.28,4.0,1.8,7.08,0.121,0.473,36.98,37.24032643875,37.520326438750004
160,311.0,737,True,1613.0,40.0,4.695260245,19.18167633875,375.6208196,1534.5341071,Calculado,Calculado,38.45693658375,14.58,0.0,12.205,11.366,0.0,14.0,4.23,8.37,0.282,0.558,27.18,38.45693658375,38.45693658375
161,37.0,726,True,1329.0,197.0,2.1405708275,1.76225622625,171.2456662,140.9804981,Calculado,Calculado,47.87282705375,43.97,0.0,17.139,16.935,0.0,5.0,1.48,1.58,0.099,0.105,47.03,47.87282705375,47.87282705375
162,15615.0,729,True,1420.0,1446.0,2.4948969175,5.18588491375,199.5917534,414.8707931,Calculado,Calculado,7.73078183125,0.05,0.0,0.534,0.048,0.0,16.0,2.78,4.5,0.185,0.3,7.33,7.73078183125,7.73078183125
163,33.0,716,True,1395.0,1078.0,17.18499881625,0.91846033625,1374.7999053,73.4768269,Calculado,Calculado,20.2334591525,2.13,0.0,2.502,1.603,0.0,65.0,12.55,0.93,0.837,0.062,15.62,20.2334591525,20.2334591525
164,64.0,716,True,331603.0,1078.0,20.43127811875,0.91846033625,1634.5022495,73.4768269,Calculado,Calculado,33.449738455,12.1,0.0,7.741,7.222,0.0,41.0,6.85,0.93,0.456,0.062,19.88,33.449738455,33.449738455
165,324.0,718,True,320.0,284.0,49.26151353,2.53,3940.9210824,169.0,Calculado,Mapeado,55.22151353,3.43,0.0,4.84,1.914,0.0,154.0,41.37,2.53,2.758,0.169,47.33,55.22151353,55.22151353
166,2512.0,713,False,,,1.23,0.48,83.0,32.0,Mapeado,Mapeado,1.72,0.0,0.0,0.115,0.0,0.0,0.0,1.23,0.48,0.083,0.032,1.72,1.72,1.71
167,905.0,729,True,1491.0,1446.0,1.19569509125,5.18588491375,95.6556073,414.8707931,Calculado,Calculado,39.461580005,33.08,0.0,23.146,22.796,0.0,15.0,0.75,4.5,0.05,0.3,38.33,39.461580005,39.461580005
168,73.0,713,True,1163.0,1689.0,41.86090208,0.7462701862500001,3348.8721664,59.7016149,Calculado,Calculado,61.18717226625,18.58,0.0,13.216,11.565,0.0,6.0,24.28,0.48,1.618,0.032,43.35,61.18717226625,61.18717226625
169,21.0,716,True,1328.0,1078.0,5.3891337,0.91846033625,431.130696,73.4768269,Calculado,Calculado,27.35759403625,21.05,0.0,15.601,15.156,0.0,32.0,5.73,0.93,0.383,0.062,27.72,27.35759403625,27.35759403625
170,956.0,732,True,12.0,2049.0,2.7072832775,1.4382949875,216.5826622,115.063599,Calculado,Calculado,11.415578265,7.27,0.0,3.82,3.574,0.0,57.0,2.07,1.63,0.138,0.108,10.97,11.415578265,11.415578265
171,76.0,716,True,1391.0,1078.0,2.009053675,0.91846033625,160.724294,73.4768269,Calculado,Calculado,11.69751401125,8.77,0.0,5.269,5.057,0.0,64.0,2.25,0.93,0.15,0.062,11.95,11.69751401125,11.69751401125
172,74.0,731,True,1012.0,977.0,31.20209857,6.267915390000001,2496.1678856,501.4332312,Calculado,Calculado,50.59001396,13.12,0.0,12.19,10.737,0.0,16.0,16.77,5.03,1.118,0.335,34.92,50.59001396,50.59001396
173,244.0,727,True,326934.0,2280.0,8.23088518875,1.67989424,658.4708151,134.3915392,Calculado,Calculado,16.530779428749998,6.62,0.0,6.744,6.1,0.0,33.0,8.38,1.28,0.558,0.086,16.28,16.530779428749998,16.530779428749998
174,66.0,713,True,1059.0,1274.0,55.90345654375,2.98574116875,4472.2765235,238.8592935,Calculado,Calculado,70.13919771249999,11.25,0.0,11.665,7.678,0.0,8.0,56.17,3.63,3.744,0.243,71.05,70.13919771249999,70.13919771249999
175,25.0,731,True,1107.0,1108.0,8.79544210625,5.1048154875,703.6353685,408.385239,Calculado,Calculado,16.270257593750003,2.37,0.0,2.701,1.76,0.0,32.0,8.78,5.33,0.586,0.355,16.48,16.270257593750003,16.270257593750003
176,183.0,516,True,603.0,420.0,1.50297734875,2.73,120.2381879,183.0,Calculado,Mapeado,6.88297734875,2.65,0.0,1.976,1.631,0.0,15.0,2.43,2.73,0.162,0.183,7.82,6.88297734875,6.88297734875
177,4142.0,517,True,623.0,587.0,2.00965921,0.92716684375,160.7727368,74.1733475,Calculado,Calculado,8.55682605375,5.62,0.0,3.448,3.314,0.0,103.0,1.42,0.58,0.095,0.039,7.62,8.55682605375,8.55682605375
178,20.0,726,True,1554.0,184.0,33.52774266875,1.93204646625,2682.2194135,154.5637173,Calculado,Calculado,98.229789135,62.77,0.0,34.844,32.567,0.0,4.0,32.57,1.58,2.172,0.105,96.92,98.229789135,98.229789135
179,268.0,737,True,2091.0,2097.0,4.595080433750001,6.648139412499999,367.6064347,531.851153,Calculado,Calculado,19.42321984625,8.18,0.0,4.669,4.228,0.0,64.0,4.17,2.47,0.278,0.164,14.82,19.42321984625,19.42321984625
180,135.0,727,True,1427.0,1375.0,44.99496990125,1.63998025625,3599.5975921,131.1984205,Calculado,Calculado,50.0549501575,3.42,0.0,4.849,2.011,0.0,85.0,41.28,1.28,2.752,0.086,45.98,50.0549501575,50.0549501575
181,798.0,716,True,448.0,1078.0,2.66024584,0.91846033625,212.8196672,73.4768269,Calculado,Calculado,23.148706176250002,19.57,1.0,11.985,11.774,0.52,3.0,2.23,0.93,0.149,0.062,22.73,23.148706176250002,23.66870617625
182,467.0,716,True,1530.0,1078.0,1.1986116175,0.91846033625,95.8889294,73.4768269,Calculado,Calculado,19.73707195375,17.62,0.0,11.502,11.368,0.0,40.0,1.08,0.93,0.072,0.062,19.63,19.73707195375,19.73707195375
183,37.0,713,True,1043.0,1274.0,1.25764210625,2.98574116875,100.6113685,238.8592935,Calculado,Calculado,47.613383275000004,43.37,0.0,28.672,28.384,0.0,16.0,0.68,3.63,0.045,0.243,47.68,47.613383275000004,47.613383275000004
184,32.0,739,False,,,18.97,2.17,1265.0,144.0,Mapeado,Mapeado,21.13,0.0,0.0,1.409,0.0,0.0,0.0,18.97,2.17,1.265,0.144,21.13,21.13,21.14
185,33.0,727,True,1484.0,1375.0,19.31415830375,1.63998025625,1545.1326643,131.1984205,Calculado,Calculado,37.854138559999996,16.9,0.0,12.096,10.692,0.0,33.0,19.78,1.28,1.319,0.086,37.97,37.854138559999996,37.854138559999996
186,27.0,729,True,1511.0,1446.0,25.65431426125,5.18588491375,2052.3451409,414.8707931,Calculado,Calculado,41.090199175,10.25,0.0,8.107,6.626,0.0,15.0,17.72,4.5,1.181,0.3,32.47,41.090199175,41.090199175
187,12756.0,713,True,97207.0,1689.0,4.9578120275,0.7462701862500001,396.6249622,59.7016149,Calculado,Calculado,6.68408221375,0.98,0.0,1.0,0.786,0.0,23.0,2.73,0.48,0.182,0.032,4.2,6.68408221375,6.68408221375
188,25.0,713,True,1262.0,1274.0,5.876431462499999,2.98574116875,470.114517,238.8592935,Calculado,Calculado,29.36217263125,20.5,0.0,13.582,12.932,0.0,8.0,6.1,3.63,0.407,0.243,30.23,29.36217263125,29.36217263125
189,953.0,719,True,1139.0,1096.0,4.40607531625,6.3014092375,352.4860253,504.112739,Calculado,Calculado,42.987484553749994,32.28,1.0,21.182,20.594,0.33,16.0,3.55,5.27,0.237,0.351,41.1,42.987484553749994,43.31748455374999
190,387.0,738,True,1593.0,2219.0,19.62031106625,0.79330144375,1569.6248853,63.4641155,Calculado,Calculado,27.98361251,7.57,0.0,4.114,2.74,0.0,26.0,19.67,0.93,1.311,0.062,28.17,27.98361251,27.98361251
191,230.0,719,True,1142.0,1096.0,2.26494488875,6.3014092375,181.1955911,504.112739,Calculado,Calculado,37.41635412625,28.85,1.0,19.332,18.82,0.33,16.0,2.42,5.27,0.161,0.351,36.53,37.41635412625,37.74635412625
192,27.0,727,True,21786.0,2280.0,41.72898679,1.67989424,3338.3189432,134.3915392,Calculado,Calculado,45.788881030000006,2.38,0.0,2.787,1.373,0.0,33.0,19.92,1.28,1.328,0.086,23.58,45.788881030000006,45.788881030000006
193,22.0,509,True,2182.0,354.0,42.45288533375,2.98,3396.2308267,199.0,Calculado,Mapeado,115.13288533375,69.7,3.0,44.523,43.297,7.78,2.0,15.4,2.98,1.027,0.199,88.08,115.13288533375,122.91288533375
194,23.0,505,True,733.0,251.0,37.8177963525,3.48591390375,3025.4237082,278.8731123,Calculado,Calculado,94.85371025625,53.55,2.0,39.491,37.31,0.53,7.0,29.22,3.5,1.948,0.233,86.27,94.85371025625,95.38371025625
195,50.0,731,True,1013.0,977.0,20.35921589625,6.267915390000001,1628.7372717,501.4332312,Calculado,Calculado,36.35713128625,9.73,0.0,8.912,7.629,0.0,54.0,14.22,5.03,0.948,0.335,28.98,36.35713128625,36.35713128625
196,1819.0,505,True,642.0,251.0,0.9359457475,3.48591390375,74.8756598,278.8731123,Calculado,Calculado,26.47185965125,22.05,1.0,18.82,18.53,0.02,38.0,0.85,3.5,0.057,0.233,26.4,26.47185965125,26.49185965125
197,53.0,737,True,114254.0,40.0,8.82486123125,19.18167633875,705.9888985,1534.5341071,Calculado,Calculado,35.92653757,7.92,0.0,6.059,5.053,0.0,30.0,6.73,8.37,0.448,0.558,23.02,35.92653757,35.92653757
198,140.0,726,True,179.0,197.0,11.31561804125,1.76225622625,905.2494433,140.9804981,Calculado,Calculado,20.357874267499998,7.28,0.0,4.922,4.171,0.0,57.0,9.68,1.58,0.646,0.105,18.55,20.357874267499998,20.357874267499998
199,23.0,726,True,178.0,197.0,38.87941376625,1.76225622625,3110.3531013,140.9804981,Calculado,Calculado,48.49166999250001,7.85,0.0,6.259,4.501,0.0,58.0,24.78,1.58,1.653,0.105,34.22,48.49166999250001,48.49166999250001
200,10.0,505,True,789.0,251.0,13.29774508125,3.48591390375,1063.8196065,278.8731123,Calculado,Calculado,83.153658985,66.37,2.0,48.45,47.279,0.53,7.0,14.07,3.5,0.937,0.233,83.93,83.153658985,83.68365898500001
201,129.0,505,True,681.0,251.0,0.7162177075,3.48591390375,57.2974166,278.8731123,Calculado,Calculado,43.53213161125,39.33,1.0,26.863,26.547,0.6,31.0,1.23,3.5,0.083,0.233,44.07,43.53213161125,44.13213161125
202,465.0,716,True,1328.0,1078.0,1.16629125375,0.91846033625,93.3033003,73.4768269,Calculado,Calculado,23.13475159,21.05,0.0,15.301,15.156,0.0,31.0,1.23,0.93,0.083,0.062,23.22,23.13475159,23.13475159
203,41.0,716,True,1935.0,1078.0,7.10084609,0.91846033625,568.0676872,73.4768269,Calculado,Calculado,35.19930642625,27.18,0.0,19.957,19.606,0.0,31.0,4.32,0.93,0.288,0.062,32.43,35.19930642625,35.19930642625
204,183.0,716,True,1394.0,1078.0,7.2359334,0.91846033625,578.874672,73.4768269,Calculado,Calculado,12.274393736250001,4.12,0.0,3.148,2.532,0.0,65.0,8.3,0.93,0.553,0.062,13.35,12.274393736250001,12.274393736250001
205,107.0,726,True,1554.0,184.0,5.08054823375,1.93204646625,406.4438587,154.5637173,Calculado,Calculado,69.7825947,62.77,0.0,32.882,32.567,0.0,4.0,3.15,1.58,0.21,0.105,67.5,69.7825947,69.7825947
206,30.0,731,True,1013.0,977.0,40.10720867625,6.267915390000001,3208.5766941,501.4332312,Calculado,Calculado,56.10512406625,9.73,0.0,9.995,7.629,0.0,54.0,30.47,5.03,2.031,0.335,45.23,56.10512406625,56.10512406625
207,18.0,713,True,1253.0,1274.0,80.73535735,2.98574116875,6458.828588,238.8592935,Calculado,Calculado,119.37109851874999,35.65,0.0,27.939,23.263,0.0,8.0,66.5,3.63,4.433,0.243,105.78,119.37109851874999,119.37109851874999
208,29.0,716,True,2192.0,1078.0,6.9716527825,0.91846033625,557.7322226,73.4768269,Calculado,Calculado,38.19011311875,30.3,0.0,18.482,18.279,0.0,15.0,2.12,0.93,0.141,0.062,33.35,38.19011311875,38.19011311875
209,11.0,716,True,1658.0,1078.0,39.3197359725,0.91846033625,3145.5788778,73.4768269,Calculado,Calculado,62.93819630875,22.7,0.0,14.917,13.305,0.0,15.0,23.25,0.93,1.55,0.062,46.88,62.93819630875,62.93819630875
210,1752.0,716,True,1391.0,1078.0,4.44348512875,0.91846033625,355.4788103,73.4768269,Calculado,Calculado,14.131945465,8.77,0.0,5.363,5.057,0.0,64.0,3.67,0.93,0.244,0.062,13.37,14.131945465,14.131945465
211,92.0,716,True,33541.0,1078.0,40.26613425,0.91846033625,3221.29074,73.4768269,Calculado,Calculado,70.61459458625,29.43,0.0,24.049,21.803,0.0,35.0,32.75,0.93,2.183,0.062,63.12,70.61459458625,70.61459458625
212,116.0,717,True,929.0,249.0,8.35434202375,1.52,668.3473619,101.0,Calculado,Mapeado,42.544342023750005,32.67,0.0,22.427,22.032,0.0,17.0,4.42,1.52,0.294,0.101,38.6,42.544342023750005,42.544342023750005
213,798.0,717,True,894.0,249.0,7.99489916875,1.52,639.5919335,101.0,Calculado,Mapeado,21.36489916875,11.85,0.0,7.322,6.867,0.0,32.0,5.3,1.52,0.353,0.101,18.67,21.36489916875,21.36489916875
214,26.0,713,True,1299.0,1274.0,2.936338025,2.98574116875,234.907042,238.8592935,Calculado,Calculado,16.17207919375,10.25,0.0,6.693,6.3,0.0,5.0,2.27,3.63,0.151,0.243,16.15,16.17207919375,16.17207919375
215,338.0,713,True,1046.0,1274.0,1.97698582625,2.98574116875,158.1588661,238.8592935,Calculado,Calculado,43.542726995,38.58,0.0,25.622,25.284,0.0,8.0,1.43,3.63,0.096,0.243,43.65,43.542726995,43.542726995
216,972.0,737,True,2092.0,2097.0,64.33634643375,6.648139412499999,5146.9077147,531.851153,Calculado,Calculado,78.23448584625,7.25,0.0,5.588,3.704,0.0,22.0,25.8,2.47,1.72,0.164,35.52,78.23448584625,78.23448584625
217,31.0,729,True,993.0,1446.0,19.86610739375,5.18588491375,1589.2885915,414.8707931,Calculado,Calculado,65.70199230749999,40.65,1.0,29.688,28.276,0.55,14.0,16.68,4.5,1.112,0.3,61.83,65.70199230749999,66.25199230749999
218,769.0,515,True,2028.0,26.0,4.64523105125,0.28810997125,371.6184841,23.0487977,Calculado,Calculado,11.3633410225,6.43,0.0,2.683,2.347,0.0,41.0,4.63,0.42,0.309,0.027,11.48,11.3633410225,11.3633410225
219,38.0,716,True,1390.0,1078.0,13.005274505,0.91846033625,1040.4219604,73.4768269,Calculado,Calculado,23.87373484125,9.95,0.0,6.361,5.775,0.0,63.0,7.85,0.93,0.524,0.062,18.73,23.87373484125,23.87373484125
220,2874.0,727,True,1417.0,2280.0,3.04426207125,1.67989424,243.5409657,134.3915392,Calculado,Calculado,5.47415631125,0.75,0.0,0.905,0.636,0.0,101.0,2.75,1.28,0.183,0.086,4.78,5.47415631125,5.47415631125
221,101.0,727,True,1432.0,1375.0,1.19522312625,1.63998025625,95.6178501,131.1984205,Calculado,Calculado,9.7552033825,6.92,0.0,3.549,3.367,0.0,3.0,1.43,1.28,0.096,0.086,9.63,9.7552033825,9.7552033825
222,143.0,716,True,1394.0,1078.0,8.94999037125,0.91846033625,715.9992297,73.4768269,Calculado,Calculado,13.9884507075,4.12,0.0,3.063,2.532,0.0,65.0,7.02,0.93,0.468,0.062,12.07,13.9884507075,13.9884507075
223,61.0,713,True,1018.0,1689.0,16.1113813975,0.7462701862500001,1288.9105118,59.7016149,Calculado,Calculado,18.957651583750003,2.1,0.0,2.678,1.622,0.0,50.0,15.37,0.48,1.025,0.032,17.95,18.957651583750003,18.957651583750003
224,78.0,517,True,754.0,587.0,15.48495659375,0.92716684375,1238.7965275,74.1733475,Calculado,Calculado,24.792123437500003,8.38,1.0,5.653,5.224,1.05,17.0,5.85,0.58,0.39,0.039,14.82,24.792123437500003,25.842123437500003
225,206.0,713,True,1062.0,1274.0,5.0359956675,2.98574116875,402.8796534,238.8592935,Calculado,Calculado,11.89173683625,3.87,0.0,3.593,2.987,0.0,13.0,5.45,3.63,0.363,0.243,12.95,11.89173683625,11.89173683625
226,945.0,726,True,177.0,197.0,15.229274792499998,1.76225622625,1218.3419834,140.9804981,Calculado,Calculado,25.961531018749998,8.97,0.0,5.502,5.141,0.0,66.0,3.83,1.58,0.256,0.105,14.38,25.961531018749998,25.961531018749998
227,5717.0,735,True,164.0,975.0,8.654421723750001,1.53,692.3537379,102.0,Calculado,Mapeado,12.01442172375,1.83,0.0,2.693,2.033,0.0,127.0,8.37,1.53,0.558,0.102,11.73,12.01442172375,12.01442172375
228,21062.0,511,True,1991.0,1993.0,5.70738783125,0.91754787125,456.5910265,73.4038297,Calculado,Calculado,7.3049357025,0.68,0.0,0.684,0.374,0.0,157.0,4.03,0.62,0.269,0.041,5.33,7.3049357025,7.3049357025
229,43.0,713,True,2181.0,1274.0,21.49026895375,2.98574116875,1719.2215163,238.8592935,Calculado,Calculado,66.6760101225,42.2,0.0,29.473,28.179,0.0,16.0,15.77,3.63,1.051,0.243,61.6,66.6760101225,66.6760101225
230,49.0,512,True,1742.0,339.0,0.8313167512499999,0.07783910375,66.5053401,6.2271283,Calculado,Calculado,28.929155855,28.02,0.0,17.203,17.091,0.0,9.0,1.18,0.5,0.079,0.034,29.7,28.929155855,28.929155855
231,445.0,517,True,60417.0,587.0,1.9791002,0.92716684375,158.328016,74.1733475,Calculado,Calculado,20.526267043750003,17.62,1.0,8.999,8.848,0.58,15.0,1.68,0.58,0.112,0.039,19.88,20.526267043750003,21.10626704375
232,340.0,517,True,556.0,587.0,4.550065765,0.92716684375,364.0052612,74.1733475,Calculado,Calculado,20.54723260875,15.07,1.0,8.273,7.996,1.05,40.0,3.58,0.58,0.238,0.039,19.23,20.54723260875,21.59723260875
233,76.0,512,True,581.0,339.0,15.1489483775,0.07783910375,1211.9158702,6.2271283,Calculado,Calculado,24.22678748125,9.0,0.0,6.501,5.726,0.0,17.0,11.12,0.5,0.741,0.034,20.62,24.22678748125,24.22678748125
234,878.0,512,True,696.0,339.0,4.3541858,0.07783910375,348.334864,6.2271283,Calculado,Calculado,29.11202490375,24.68,0.0,15.719,15.609,0.0,7.0,1.15,0.5,0.076,0.034,26.33,29.11202490375,29.11202490375
235,14.0,505,True,758.0,251.0,60.49891498875,3.48591390375,4839.9131991,278.8731123,Calculado,Calculado,138.8848288925,74.9,2.0,57.749,55.178,0.53,7.0,35.07,3.5,2.338,0.233,113.47,138.8848288925,139.4148288925
236,14.0,505,True,772.0,251.0,96.88568806375,3.48591390375,7750.8550451,278.8731123,Calculado,Calculado,181.8016019675,81.43,2.0,68.441,62.446,0.53,7.0,86.43,3.5,5.762,0.233,171.37,181.8016019675,182.3316019675
237,2186.0,515,True,25.0,26.0,3.42032822375,0.28810997125,273.6262579,23.0487977,Calculado,Calculado,5.728438195,2.02,0.0,0.929,0.755,0.0,42.0,2.2,0.42,0.147,0.027,4.63,5.728438195,5.728438195
238,305.0,517,True,559.0,587.0,2.13322408125,0.92716684375,170.6579265,74.1733475,Calculado,Calculado,12.030390925,8.97,1.0,5.902,5.743,1.05,16.0,1.82,0.58,0.121,0.039,11.37,12.030390925,13.080390925000001
239,16.0,512,True,581.0,339.0,14.644981114999998,0.07783910375,1171.5984892,6.2271283,Calculado,Calculado,23.72282021875,9.0,0.0,6.283,5.726,0.0,16.0,7.83,0.5,0.523,0.034,17.33,23.72282021875,23.72282021875
240,317.0,509,True,2305.0,354.0,0.75251485875,2.98,60.2011887,199.0,Calculado,Mapeado,71.43251485875001,67.7,3.0,42.05,41.788,7.78,2.0,0.95,2.98,0.063,0.199,71.63,71.43251485875001,79.21251485875001
241,28.0,517,False,,,14.28,0.58,952.0,39.0,Mapeado,Mapeado,14.87,0.0,0.0,0.991,0.0,0.0,0.0,14.28,0.58,0.952,0.039,14.87,14.87,14.86
242,255.0,717,True,886.0,249.0,3.58456956625,1.52,286.7655653,101.0,Calculado,Mapeado,23.08456956625,17.98,0.0,11.608,11.362,0.0,32.0,2.18,1.52,0.145,0.101,21.68,23.08456956625,23.08456956625
243,55.0,505,True,750.0,251.0,11.27452581875,3.48591390375,901.9620655,278.8731123,Calculado,Calculado,87.5604397225,72.8,2.0,53.831,52.842,0.53,7.0,11.33,3.5,0.756,0.233,87.63,87.5604397225,88.09043972250001
244,43.0,509,True,726.0,354.0,51.0823898325,2.98,4086.5911866,199.0,Calculado,Mapeado,135.18238983249998,81.12,3.0,42.372,39.734,22.83,5.0,36.58,2.98,2.439,0.199,120.68,135.18238983249998,158.0123898325
245,2905.0,515,True,25.0,26.0,5.3697893625,0.28810997125,429.583149,23.0487977,Calculado,Calculado,7.67789933375,2.02,0.0,1.019,0.755,0.0,42.0,3.55,0.42,0.237,0.027,5.98,7.67789933375,7.67789933375
246,76.0,716,True,2256.0,1078.0,34.98947022625,0.91846033625,2799.1576181,73.4768269,Calculado,Calculado,58.8079305625,22.9,0.0,17.461,16.482,0.0,34.0,13.75,0.93,0.916,0.062,37.58,58.8079305625,58.8079305625
247,1025.0,726,True,180.0,197.0,2.7707400975,1.76225622625,221.6592078,140.9804981,Calculado,Calculado,10.852996323749998,6.32,0.0,3.903,3.616,0.0,73.0,2.75,1.58,0.183,0.105,10.65,10.852996323749998,10.852996323749998
248,3543.0,738,False,,,2.83,0.93,189.0,62.0,Mapeado,Mapeado,3.77,0.0,0.0,0.251,0.0,0.0,0.0,2.83,0.93,0.189,0.062,3.77,3.77,3.7600000000000002
249,935.0,732,True,825.0,2049.0,6.07095258625,1.4382949875,485.6762069,115.063599,Calculado,Calculado,12.979247573750001,5.47,0.0,2.364,1.866,0.0,63.0,5.85,1.63,0.39,0.108,12.95,12.979247573750001,12.979247573750001
250,119.0,731,True,1109.0,1108.0,1.1631296575,5.1048154875,93.0503726,408.385239,Calculado,Calculado,7.347945145,1.08,0.0,1.201,0.775,0.0,32.0,1.07,5.33,0.071,0.355,7.48,7.347945145,7.347945145
251,223.0,505,True,770.0,251.0,1.9381820225,3.48591390375,155.0545618,278.8731123,Calculado,Calculado,89.25409592625,83.83,2.0,65.307,64.969,0.53,7.0,1.57,3.5,0.105,0.233,88.9,89.25409592625,89.78409592625
252,66.0,505,True,780.0,251.0,81.61797723,3.48591390375,6529.4381784,278.8731123,Calculado,Calculado,158.87389113375,73.77,2.0,58.672,53.922,0.53,7.0,67.75,3.5,4.517,0.233,145.02,158.87389113375,159.40389113375
253,17.0,713,True,1250.0,1274.0,1.6885911475,2.98574116875,135.0872918,238.8592935,Calculado,Calculado,42.944332316250005,38.27,0.0,25.283,24.95,0.0,8.0,1.35,3.63,0.09,0.243,43.25,42.944332316250005,42.944332316250005
254,35.0,716,True,1536.0,1078.0,11.2300444925,0.91846033625,898.4035594,73.4768269,Calculado,Calculado,21.478504828749998,9.33,0.0,6.069,5.777,0.0,58.0,3.47,0.93,0.231,0.062,13.73,21.478504828749998,21.478504828749998
255,162.0,719,True,1129.0,1096.0,1.23985071375,6.3014092375,99.1880571,504.112739,Calculado,Calculado,25.321259951250003,17.78,0.0,14.378,13.976,0.0,31.0,0.78,5.27,0.052,0.351,23.83,25.321259951250003,25.321259951250003
256,210.0,517,True,366.0,592.0,35.3605262675,2.213723325,2828.8421014,177.097866,Calculado,Calculado,47.6442495925,10.07,1.0,4.618,3.241,2.22,57.0,18.37,2.28,1.225,0.152,30.72,47.6442495925,49.8642495925
257,42.0,505,True,750.0,251.0,18.00254150875,3.48591390375,1440.2033207,278.8731123,Calculado,Calculado,94.2884554125,72.8,2.0,54.391,52.842,0.53,7.0,19.73,3.5,1.316,0.233,96.03,94.2884554125,94.8184554125
258,21.0,517,True,614.0,587.0,6.496983475,0.92716684375,519.758678,74.1733475,Calculado,Calculado,16.79415031875,9.37,0.0,5.55,4.603,0.0,95.0,13.63,0.58,0.909,0.039,23.58,16.79415031875,16.79415031875
259,1978.0,517,True,580.0,587.0,2.27586751375,0.92716684375,182.0694011,74.1733475,Calculado,Calculado,12.3530343575,9.15,0.0,5.829,5.67,0.0,61.0,1.8,0.58,0.12,0.039,11.53,12.3530343575,12.3530343575
260,43.0,512,True,662.0,339.0,30.598410175,0.07783910375,2447.872814,6.2271283,Calculado,Calculado,56.75624927875,26.08,0.0,18.049,16.601,0.0,8.0,21.22,0.5,1.415,0.034,47.8,56.75624927875,56.75624927875
261,95.0,512,True,697.0,339.0,8.937578621250001,0.07783910375,715.0062897,6.2271283,Calculado,Calculado,32.565417725,23.55,0.0,15.361,14.88,0.0,8.0,6.7,0.5,0.447,0.034,30.75,32.565417725,32.565417725
262,35.0,713,True,2181.0,1274.0,20.5403214725,2.98574116875,1643.2257178,238.8592935,Calculado,Calculado,65.72606264125,42.2,0.0,29.262,28.179,0.0,8.0,12.62,3.63,0.841,0.243,58.45,65.72606264125,65.72606264125
263,455.0,735,False,,,7.28,1.53,486.0,102.0,Mapeado,Mapeado,8.82,0.0,0.0,0.588,0.0,0.0,0.0,7.28,1.53,0.486,0.102,8.82,8.82,8.81
264,7180.0,713,True,220863.0,1274.0,12.0961294175,2.98574116875,967.6903534,238.8592935,Calculado,Calculado,58.901870586250006,43.82,0.0,30.982,30.075,0.0,16.0,9.97,3.63,0.665,0.243,57.42,58.901870586250006,58.901870586250006
265,29.0,713,True,1258.0,1274.0,38.08224581125,2.98574116875,3046.5796649,238.8592935,Calculado,Calculado,67.09798698,26.03,0.0,19.767,17.576,0.0,8.0,29.23,3.63,1.949,0.243,58.9,67.09798698,67.09798698
266,90.0,716,True,1390.0,1078.0,5.643403185,0.91846033625,451.4722548,73.4768269,Calculado,Calculado,16.51186352125,9.95,0.0,6.146,5.775,0.0,63.0,4.63,0.93,0.309,0.062,15.52,16.51186352125,16.51186352125
267,5.0,726,True,1937.0,197.0,76.1159091625,1.76225622625,6089.272733,140.9804981,Calculado,Calculado,140.64816538875002,62.77,0.0,37.646,33.797,0.0,7.0,56.15,1.58,3.743,0.105,120.5,140.64816538875002,140.64816538875002
268,124.0,507,True,113359.0,81.0,2.86827223875,7.47155022875,229.4617791,597.7240183,Calculado,Calculado,46.4598224675,36.12,1.0,30.411,29.75,0.73,4.0,2.83,7.08,0.188,0.473,46.03,46.4598224675,47.189822467499994
269,91.0,512,True,1785.0,339.0,19.92350202875,0.07783910375,1593.8801623,6.2271283,Calculado,Calculado,46.3313411325,26.33,0.0,16.637,15.863,0.0,9.0,11.1,0.5,0.74,0.034,37.93,46.3313411325,46.3313411325
270,101.0,713,True,1271.0,1274.0,1.4552926362499998,2.98574116875,116.4234109,238.8592935,Calculado,Calculado,10.011033805,5.57,0.0,4.115,3.773,0.0,8.0,1.5,3.63,0.1,0.243,10.7,10.011033805,10.011033805
271,50.0,517,True,620.0,587.0,29.004948,0.92716684375,2320.39584,74.1733475,Calculado,Calculado,40.86211484375,10.93,0.0,6.12,5.187,0.0,47.0,13.42,0.58,0.894,0.039,24.93,40.86211484375,40.86211484375
272,615.0,738,True,1633.0,2220.0,3.94057293875,0.90773412,315.2458351,72.6187296,Calculado,Calculado,20.42830705875,15.58,0.0,10.214,9.885,0.0,15.0,4.23,0.7,0.283,0.047,20.52,20.42830705875,20.42830705875
273,56.0,713,True,97207.0,1689.0,17.52685468375,0.7462701862500001,1402.1483747,59.7016149,Calculado,Calculado,19.25312487,0.98,0.0,1.824,0.786,0.0,53.0,15.08,0.48,1.006,0.032,16.55,19.25312487,19.25312487
274,646.0,507,True,480.0,111.0,5.914872005,5.23873227375,473.1897604,419.0985819,Calculado,Calculado,14.973604278749999,3.82,0.0,3.505,2.739,0.0,84.0,6.83,4.65,0.456,0.31,15.3,14.973604278749999,14.973604278749999
275,110.0,716,True,79384.0,1078.0,2.18977416,0.91846033625,175.1819328,73.4768269,Calculado,Calculado,63.978234496249996,60.87,0.0,40.534,40.313,0.0,8.0,2.38,0.93,0.159,0.062,64.18,63.978234496249996,63.978234496249996
276,19.0,713,True,1257.0,1274.0,34.51744101875,2.98574116875,2761.3952815,238.8592935,Calculado,Calculado,65.9731821875,28.47,0.0,20.779,18.538,0.0,8.0,29.98,3.63,1.998,0.243,62.08,65.9731821875,65.9731821875
277,625.0,739,True,1421.0,1425.0,3.57888955375,7.551894625,286.3111643,604.15157,Calculado,Calculado,13.13078417875,2.0,0.0,4.71,4.349,0.0,23.0,3.25,2.17,0.217,0.144,7.42,13.13078417875,13.13078417875
278,17.0,505,True,787.0,251.0,9.09673599,3.48591390375,727.7388792,278.8731123,Calculado,Calculado,80.48264989375001,67.9,2.0,49.103,48.476,0.53,7.0,5.92,3.5,0.394,0.233,77.32,80.48264989375001,81.01264989375001
279,376.0,727,True,1435.0,1375.0,19.59185878625,1.63998025625,1567.3487029,131.1984205,Calculado,Calculado,32.3018390425,11.07,0.0,6.503,5.967,0.0,3.0,6.75,1.28,0.45,0.086,19.1,32.3018390425,32.3018390425
280,243.0,719,True,1128.0,1096.0,4.1940753025,6.3014092375,335.5260242,504.112739,Calculado,Calculado,30.37548454,19.88,0.0,16.093,15.419,0.0,31.0,4.85,5.27,0.323,0.351,30.0,30.37548454,30.37548454
281,4324.0,729,True,978.0,1446.0,2.81237456875,5.18588491375,224.9899655,414.8707931,Calculado,Calculado,31.218259482500002,23.22,0.0,15.65,15.216,0.0,15.0,2.0,4.5,0.133,0.3,29.72,31.218259482500002,31.218259482500002
282,28.0,726,True,1348.0,197.0,30.16639876375,1.76225622625,2413.3119011,140.9804981,Calculado,Calculado,47.17865499,15.25,0.0,7.827,6.635,0.0,32.0,16.3,1.58,1.087,0.105,33.13,47.17865499,47.17865499
283,15.0,727,True,1470.0,1997.0,3.23317062125,2.2235530875,258.6536497,177.884247,Calculado,Calculado,22.15672370875,16.7,0.0,8.705,8.438,0.0,48.0,1.67,2.35,0.111,0.157,20.72,22.15672370875,22.15672370875
284,52.0,505,True,758.0,251.0,18.045234215,3.48591390375,1443.6187372,278.8731123,Calculado,Calculado,96.43114811875,74.9,2.0,56.389,55.178,0.53,7.0,14.68,3.5,0.978,0.233,93.08,96.43114811875,96.96114811875
285,20.0,713,True,1165.0,1689.0,27.4707394775,0.7462701862500001,2197.6591582,59.7016149,Calculado,Calculado,44.94700966375,16.73,0.0,11.701,10.396,0.0,5.0,19.1,0.48,1.273,0.032,36.32,44.94700966375,44.94700966375
286,20.0,713,True,1164.0,1689.0,13.818406723749998,0.7462701862500001,1105.4725379,59.7016149,Calculado,Calculado,31.83467691,17.27,0.0,10.93,10.725,0.0,5.0,2.58,0.48,0.173,0.032,20.33,31.83467691,31.83467691
287,17.0,726,True,1940.0,197.0,70.6914548275,1.76225622625,5655.3163862,140.9804981,Calculado,Calculado,130.72371105375,58.27,0.0,35.036,31.29,0.0,7.0,54.62,1.58,3.641,0.105,114.47,130.72371105375,130.72371105375
288,15.0,716,True,2006.0,1078.0,15.0113392,0.91846033625,1200.907136,73.4768269,Calculado,Calculado,66.90979953625,50.98,0.0,34.513,33.306,0.0,8.0,17.17,0.93,1.144,0.062,69.08,66.90979953625,66.90979953625
289,1255.0,515,True,2028.0,26.0,9.52248739,0.28810997125,761.7989912,23.0487977,Calculado,Calculado,16.24059736125,6.43,0.0,2.824,2.347,0.0,41.0,6.75,0.42,0.45,0.027,13.6,16.24059736125,16.24059736125
290,132.0,713,True,2145.0,1274.0,40.571150345,2.98574116875,3245.6920276,238.8592935,Calculado,Calculado,46.98689151375,3.43,0.0,3.652,2.3,0.0,8.0,16.63,3.63,1.109,0.243,23.7,46.98689151375,46.98689151375
291,36.0,716,True,1393.0,1078.0,3.88062488625,0.91846033625,310.4499909,73.4768269,Calculado,Calculado,11.2290852225,6.43,0.0,3.712,3.556,0.0,65.0,1.42,0.93,0.094,0.062,8.78,11.2290852225,11.2290852225
292,48.0,727,True,1485.0,1375.0,25.062558608750003,1.63998025625,2005.0046887,131.1984205,Calculado,Calculado,42.072538865,15.37,0.0,11.94,10.104,0.0,33.0,26.25,1.28,1.75,0.086,42.9,42.072538865,42.072538865
293,885.0,512,True,693.0,339.0,1.3182520825,0.07783910375,105.4601666,6.2271283,Calculado,Calculado,30.94609118625,29.55,0.0,19.207,19.091,0.0,7.0,1.22,0.5,0.082,0.034,31.27,30.94609118625,30.94609118625
294,37.0,713,True,1258.0,1274.0,47.4519560025,2.98574116875,3796.1564802,238.8592935,Calculado,Calculado,76.46769717125,26.03,0.0,20.459,17.576,0.0,8.0,39.62,3.63,2.641,0.243,69.28,76.46769717125,76.46769717125
295,147.0,719,True,1129.0,1096.0,15.84711732875,6.3014092375,1267.7693863,504.112739,Calculado,Calculado,39.92852656625,17.78,0.0,15.164,13.976,0.0,31.0,12.57,5.27,0.838,0.351,35.62,39.92852656625,39.92852656625
296,56.0,731,True,1107.0,1108.0,58.04455874375,5.1048154875,4643.5646995,408.385239,Calculado,Calculado,65.51937423125,2.37,0.0,5.182,1.76,0.0,36.0,46.0,5.33,3.067,0.355,53.7,65.51937423125,65.51937423125
297,5142.0,505,True,683.0,251.0,6.45896384375,3.48591390375,516.7171075,278.8731123,Calculado,Calculado,43.0448777475,33.1,1.0,23.865,23.33,0.6,41.0,4.52,3.5,0.302,0.233,41.12,43.0448777475,43.644877747500004
298,109.0,726,True,179.0,197.0,5.1378323987500005,1.76225622625,411.0265919,140.9804981,Calculado,Calculado,14.180088625,7.28,0.0,4.542,4.171,0.0,52.0,3.98,1.58,0.266,0.105,12.85,14.180088625,14.180088625
299,20.0,505,True,784.0,251.0,12.57429656375,3.48591390375,1005.9437251,278.8731123,Calculado,Calculado,87.4902104675,71.43,2.0,52.192,51.285,0.53,7.0,10.1,3.5,0.674,0.233,85.03,87.4902104675,88.02021046750001
300,1359.0,724,True,57.0,351.0,7.178837746249999,4.355273824999999,574.3070197,348.421906,Calculado,Calculado,16.914111571249997,5.38,0.0,6.32,5.74,0.0,62.0,4.57,4.13,0.304,0.275,14.08,16.914111571249997,16.914111571249997
301,22.0,512,True,699.0,339.0,28.307245762500003,0.07783910375,2264.579661,6.2271283,Calculado,Calculado,47.415084866250005,19.03,0.0,12.952,12.039,0.0,16.0,13.18,0.5,0.879,0.034,32.72,47.415084866250005,47.415084866250005
302,31.0,512,True,698.0,339.0,25.48315457625,0.07783910375,2038.6523661,6.2271283,Calculado,Calculado,47.08099368,21.52,0.0,14.66,13.597,0.0,16.0,15.45,0.5,1.03,0.034,37.47,47.08099368,47.08099368
303,9737.0,738,True,1593.0,2219.0,5.5993743625,0.79330144375,447.949949,63.4641155,Calculado,Calculado,13.962675806250001,7.57,0.0,3.161,2.74,0.0,22.0,5.38,0.93,0.359,0.062,13.88,13.962675806250001,13.962675806250001
304,1649.0,719,True,337803.0,1096.0,6.3014933875,6.3014092375,504.119471,504.112739,Calculado,Calculado,15.372902625,2.77,0.0,3.45,2.923,0.0,32.0,2.65,5.27,0.177,0.351,10.68,15.372902625,15.372902625
305,12276.0,738,True,1687.0,2220.0,4.7346659625,0.90773412,378.773277,72.6187296,Calculado,Calculado,25.5224000825,19.88,0.0,12.284,12.084,0.0,15.0,2.32,0.7,0.154,0.047,22.9,25.5224000825,25.5224000825
306,239.0,713,True,1262.0,1274.0,0.5887109775,2.98574116875,47.0968782,238.8592935,Calculado,Calculado,24.07445214625,20.5,0.0,13.198,12.932,0.0,8.0,0.35,3.63,0.023,0.243,24.48,24.07445214625,24.07445214625
307,1743.0,727,True,1474.0,1375.0,2.26883874625,1.63998025625,181.5070997,131.1984205,Calculado,Calculado,14.3588190025,10.45,0.0,5.096,4.863,0.0,48.0,2.2,1.28,0.147,0.086,13.93,14.3588190025,14.3588190025
308,52.0,512,True,581.0,339.0,9.3463089775,0.07783910375,747.7047182,6.2271283,Calculado,Calculado,18.424148081250003,9.0,0.0,6.307,5.726,0.0,16.0,8.2,0.5,0.547,0.034,17.7,18.424148081250003,18.424148081250003
309,242.0,716,True,1395.0,1078.0,10.2066928875,0.91846033625,816.535431,73.4768269,Calculado,Calculado,13.25515322375,2.13,0.0,2.107,1.603,0.0,67.0,6.63,0.93,0.442,0.062,9.7,13.25515322375,13.25515322375
310,115.0,731,True,1105.0,1108.0,3.228435875,5.1048154875,258.27487,408.385239,Calculado,Calculado,12.6132513625,4.28,0.0,4.323,3.777,0.0,32.0,2.87,5.33,0.191,0.355,12.48,12.6132513625,12.6132513625
311,36.0,726,True,1562.0,197.0,7.31653812625,1.76225622625,585.3230501,140.9804981,Calculado,Calculado,59.928794352500006,50.85,0.0,25.194,24.495,0.0,25.0,8.9,1.58,0.593,0.105,61.33,59.928794352500006,59.928794352500006
312,45.0,713,True,1257.0,1274.0,18.12352443125,2.98574116875,1449.8819545,238.8592935,Calculado,Calculado,49.57926560000001,28.47,0.0,19.565,18.538,0.0,8.0,11.77,3.63,0.784,0.243,43.87,49.57926560000001,49.57926560000001
313,199.0,713,True,2179.0,1274.0,3.33801044125,2.98574116875,267.0408353,238.8592935,Calculado,Calculado,33.02375161,26.7,0.0,18.033,17.538,0.0,8.0,3.78,3.63,0.252,0.243,34.12,33.02375161,33.02375161
314,1529.0,732,True,2073.0,2049.0,5.5894439812500005,1.4382949875,447.1555185,115.063599,Calculado,Calculado,16.57773896875,9.55,0.0,4.244,3.884,0.0,64.0,3.78,1.63,0.252,0.108,14.97,16.57773896875,16.57773896875
315,185.0,517,True,585.0,587.0,5.5632412875,0.92716684375,445.059303,74.1733475,Calculado,Calculado,8.96040813125,2.47,0.0,1.689,1.599,0.0,105.0,0.77,0.58,0.051,0.039,3.82,8.96040813125,8.96040813125
316,43.0,716,True,1975.0,1078.0,59.145752077500006,0.91846033625,4731.6601662,73.4768269,Calculado,Calculado,87.53421241375001,27.47,0.0,18.072,15.741,0.0,15.0,34.03,0.93,2.269,0.062,62.43,87.53421241375001,87.53421241375001
317,68.0,512,True,686.0,339.0,1.6128862825,0.07783910375,129.0309026,6.2271283,Calculado,Calculado,40.87072538625,39.18,0.0,25.415,25.222,0.0,7.0,2.4,0.5,0.16,0.034,42.08,40.87072538625,40.87072538625
318,559.0,716,True,1660.0,1078.0,6.550196314999999,0.91846033625,524.0157052,73.4768269,Calculado,Calculado,23.34865665125,15.88,0.0,11.07,10.636,0.0,42.0,5.58,0.93,0.372,0.062,22.4,23.34865665125,23.34865665125
319,36.0,716,True,75582.0,1078.0,2.31100109,0.91846033625,184.8800872,73.4768269,Calculado,Calculado,22.74946142625,19.52,0.0,13.052,12.916,0.0,29.0,1.1,0.93,0.074,0.062,21.55,22.74946142625,22.74946142625
320,69.0,716,True,1973.0,1078.0,12.42236861625,0.91846033625,993.7894893,73.4768269,Calculado,Calculado,37.7108289525,24.37,0.0,14.803,14.126,0.0,15.0,9.23,0.93,0.615,0.062,34.53,37.7108289525,37.7108289525
321,537.0,524,True,165.0,1353.0,22.298175961250003,3.508949405,1783.8540769,280.7159524,Calculado,Calculado,27.63712536625,1.83,0.0,2.516,1.754,0.0,50.0,9.18,2.25,0.613,0.15,13.27,27.63712536625,27.63712536625
322,8139.0,729,True,1713.0,1446.0,8.50794900375,5.18588491375,680.6359203,414.8707931,Calculado,Calculado,55.963833917500004,42.27,0.0,29.328,28.713,0.0,15.0,4.72,4.5,0.315,0.3,51.48,55.963833917500004,55.963833917500004
323,2005.0,515,True,24.0,26.0,11.90486473875,0.28810997125,952.3891791,23.0487977,Calculado,Calculado,15.722974709999999,3.53,0.0,1.78,1.315,0.0,42.0,6.57,0.42,0.438,0.027,10.52,15.722974709999999,15.722974709999999
324,35.0,713,True,1705.0,1689.0,16.7342971125,0.7462701862500001,1338.743769,59.7016149,Calculado,Calculado,36.900567298750005,19.42,0.0,12.483,11.601,0.0,2.0,12.75,0.48,0.85,0.032,32.65,36.900567298750005,36.900567298750005
325,42.0,727,True,1415.0,2280.0,51.40251212875,1.67989424,4112.2009703,134.3915392,Calculado,Calculado,55.46240636875,2.38,0.0,3.983,2.346,0.0,33.0,23.25,1.28,1.55,0.086,26.92,55.46240636875,55.46240636875
326,7457.0,517,True,586.0,587.0,2.4193413225,0.92716684375,193.5473058,74.1733475,Calculado,Calculado,4.12650816625,0.78,0.0,0.59,0.434,0.0,97.0,1.77,0.58,0.118,0.039,3.13,4.12650816625,4.12650816625
327,1265.0,716,True,2004.0,1078.0,2.2109725837500003,0.91846033625,176.8778067,73.4768269,Calculado,Calculado,48.25943292,45.13,0.0,30.051,29.852,0.0,15.0,2.05,0.93,0.136,0.062,48.12,48.25943292,48.25943292
328,22.0,716,True,1520.0,1078.0,16.06527524,0.91846033625,1285.2220192,73.4768269,Calculado,Calculado,44.88373557625,27.9,0.0,20.764,20.105,0.0,32.0,8.95,0.93,0.596,0.062,37.78,44.88373557625,44.88373557625
329,44.0,505,True,786.0,251.0,75.11803577875,3.48591390375,6009.4428623,278.8731123,Calculado,Calculado,148.3239496825,69.72,2.0,53.853,49.893,0.53,7.0,55.9,3.5,3.727,0.233,129.12,148.3239496825,148.8539496825
330,120.0,509,True,2185.0,354.0,5.62056440875,2.98,449.6451527,199.0,Calculado,Mapeado,77.05056440875,68.45,3.0,42.855,42.345,7.78,2.0,4.67,2.98,0.312,0.199,76.1,77.05056440875,84.83056440875
331,34.0,505,True,1781.0,251.0,27.66585853625,3.48591390375,2213.2686829,278.8731123,Calculado,Calculado,77.92177244000001,46.77,1.0,33.67,31.851,0.6,39.0,23.78,3.5,1.586,0.233,74.05,77.92177244000001,78.52177244
332,44.0,517,True,60417.0,587.0,17.60276759875,0.92716684375,1408.2214079,74.1733475,Calculado,Calculado,24.0799344425,5.55,0.0,4.995,3.171,0.0,87.0,25.08,2.28,1.672,0.152,32.92,24.0799344425,24.0799344425
333,28.0,505,True,789.0,251.0,39.604691905,3.48591390375,3168.3753524,278.8731123,Calculado,Calculado,109.46060580875002,66.37,2.0,49.141,47.279,0.53,7.0,24.43,3.5,1.629,0.233,94.3,109.46060580875002,109.99060580875002
334,110.0,732,True,2074.0,2049.0,8.006603228749999,1.4382949875,640.5282583,115.063599,Calculado,Calculado,24.39489821625,14.95,0.0,6.077,5.598,0.0,44.0,5.55,1.63,0.37,0.108,22.13,24.39489821625,24.39489821625
335,1955.0,732,True,826.0,2049.0,8.7849794625,1.4382949875,702.798357,115.063599,Calculado,Calculado,13.85327445,3.63,0.0,2.137,1.423,0.0,79.0,9.1,1.63,0.606,0.108,14.37,13.85327445,13.85327445
336,523.0,716,True,1520.0,1078.0,2.70096226375,0.91846033625,216.0769811,73.4768269,Calculado,Calculado,31.5194226,27.9,0.0,20.24,20.105,0.0,31.0,1.08,0.93,0.073,0.062,29.92,31.5194226,31.5194226
337,2684.0,737,True,2094.0,2096.0,3.78412915,19.8202749175,302.730332,1585.6219934,Calculado,Calculado,25.9544040675,2.35,0.0,1.815,0.981,0.0,80.0,3.53,8.98,0.236,0.598,14.87,25.9544040675,25.9544040675
338,184.0,517,True,711.0,587.0,0.95776267875,0.92716684375,76.6210143,74.1733475,Calculado,Calculado,25.684929522500003,23.8,1.0,11.306,11.215,1.05,43.0,0.77,0.58,0.052,0.039,25.15,25.684929522500003,26.734929522500003
339,444.0,507,True,475.0,111.0,13.6626693825,5.23873227375,1093.0135506,419.0985819,Calculado,Calculado,29.65140165625,10.75,0.0,8.387,7.227,0.0,34.0,12.75,4.65,0.85,0.31,28.15,29.65140165625,29.65140165625
340,44885.0,521,True,313.0,315.0,2.33793053125,1.8284352475,187.0344425,146.2748198,Calculado,Calculado,6.966365778749999,2.8,0.0,1.432,1.164,0.0,225.0,2.13,1.9,0.142,0.126,6.83,6.966365778749999,6.966365778749999
341,18.0,726,True,1937.0,197.0,58.1682019,1.76225622625,4653.456152,140.9804981,Calculado,Calculado,122.70045812625,62.77,0.0,36.292,33.797,0.0,7.0,35.85,1.58,2.39,0.105,100.2,122.70045812625,122.70045812625
342,396.0,716,True,1392.0,1078.0,4.4314362425,0.91846033625,354.5148994,73.4768269,Calculado,Calculado,12.799896578750001,7.45,0.0,4.792,4.405,0.0,65.0,4.87,0.93,0.324,0.062,13.25,12.799896578750001,12.799896578750001
343,46.0,505,True,773.0,251.0,31.12013108625,3.48591390375,2489.6104869,278.8731123,Calculado,Calculado,113.80604499,79.2,2.0,62.126,59.964,0.53,7.0,28.93,3.5,1.929,0.233,111.63,113.80604499,114.33604499
344,195.0,512,True,581.0,339.0,7.0806137625000005,0.07783910375,566.449101,6.2271283,Calculado,Calculado,16.158452866250002,9.0,0.0,6.027,5.726,0.0,16.0,4.0,0.5,0.267,0.034,13.5,16.158452866250002,16.158452866250002
345,24.0,505,True,784.0,251.0,61.15906875375,3.48591390375,4892.7255003,278.8731123,Calculado,Calculado,136.07498265750002,71.43,2.0,54.345,51.285,0.53,7.0,42.4,3.5,2.827,0.233,117.33,136.07498265750002,136.60498265750002
346,478.0,716,True,1660.0,1078.0,2.8947518175,0.91846033625,231.5801454,73.4768269,Calculado,Calculado,19.69321215375,15.88,0.0,10.844,10.636,0.0,41.0,2.18,0.93,0.145,0.062,19.0,19.69321215375,19.69321215375
347,254.0,515,True,2028.0,26.0,2.72549593875,0.28810997125,218.0396751,23.0487977,Calculado,Calculado,9.44360591,6.43,0.0,2.525,2.347,0.0,41.0,2.27,0.42,0.151,0.027,9.12,9.44360591,9.44360591
348,55.0,726,True,1346.0,197.0,35.56636385375,1.76225622625,2845.3091083,140.9804981,Calculado,Calculado,54.70862008,17.38,0.0,8.883,7.82,0.0,31.0,14.37,1.58,0.958,0.105,33.33,54.70862008,54.70862008
349,72.0,726,True,180.0,197.0,3.34861802,1.76225622625,267.8894416,140.9804981,Calculado,Calculado,11.43087424625,6.32,0.0,3.831,3.616,0.0,73.0,1.65,1.58,0.11,0.105,9.55,11.43087424625,11.43087424625
350,41.0,727,True,1486.0,1375.0,1.87799833,1.63998025625,150.2398664,131.1984205,Calculado,Calculado,16.93797858625,13.42,0.0,9.203,8.999,0.0,33.0,1.78,1.28,0.118,0.086,16.48,16.93797858625,16.93797858625
351,242.0,732,True,2071.0,2049.0,3.49374599625,1.4382949875,279.4996797,115.063599,Calculado,Calculado,15.952040983749999,11.02,0.0,4.95,4.536,0.0,43.0,4.58,1.63,0.305,0.108,17.23,15.952040983749999,15.952040983749999
352,7.0,505,True,766.0,251.0,1.1091658125,3.48591390375,88.733265,278.8731123,Calculado,Calculado,83.09507971625,78.5,2.0,59.448,59.183,0.53,7.0,0.48,3.5,0.032,0.233,82.48,83.09507971625,83.62507971625
353,131.0,505,True,780.0,251.0,31.96520363875,3.48591390375,2557.2162911,278.8731123,Calculado,Calculado,109.2211175425,73.77,2.0,55.212,53.922,0.53,7.0,15.85,3.5,1.057,0.233,93.12,109.2211175425,109.7511175425
354,1850.0,740,True,496.0,502.0,5.41494612125,1.58106478375,433.1956897,126.4851827,Calculado,Calculado,15.946010905,8.95,0.0,5.059,4.674,0.0,16.0,4.1,1.65,0.274,0.11,14.7,15.946010905,15.946010905
355,36.0,512,True,1785.0,339.0,19.12040294125,0.07783910375,1529.6322353,6.2271283,Calculado,Calculado,45.528242045,26.33,0.0,16.543,15.863,0.0,9.0,9.7,0.5,0.646,0.034,36.53,45.528242045,45.528242045
356,43.0,716,True,1391.0,1078.0,5.910851435,0.91846033625,472.8681148,73.4768269,Calculado,Calculado,15.59931177125,8.77,0.0,5.512,5.057,0.0,64.0,5.9,0.93,0.393,0.062,15.6,15.59931177125,15.59931177125
357,54.0,727,True,1468.0,1997.0,0.45552948125,2.2235530875,36.4423585,177.884247,Calculado,Calculado,21.209082568750002,18.53,0.0,9.893,9.687,0.0,15.0,0.75,2.35,0.05,0.157,21.63,21.209082568750002,21.209082568750002
358,6038.0,517,True,765.0,587.0,1.24786209,0.92716684375,99.8289672,74.1733475,Calculado,Calculado,15.40502893375,13.23,0.0,8.44,8.021,0.0,47.0,5.68,0.58,0.379,0.039,19.5,15.40502893375,15.40502893375
359,299.0,716,True,1660.0,1078.0,10.91250279,0.91846033625,873.0002232,73.4768269,Calculado,Calculado,27.71096312625,15.88,0.0,11.334,10.636,0.0,43.0,9.53,0.93,0.635,0.062,26.35,27.71096312625,27.71096312625
360,399.0,724,True,57.0,351.0,5.5186679575,4.355273824999999,441.4934366,348.421906,Calculado,Calculado,15.253941782499998,5.38,0.0,6.155,5.74,0.0,62.0,2.08,4.13,0.139,0.275,11.6,15.253941782499998,15.253941782499998
361,44.0,716,True,79384.0,1078.0,4.7783706725,0.91846033625,382.2696538,73.4768269,Calculado,Calculado,66.56683100875,60.87,0.0,40.568,40.313,0.0,8.0,2.88,0.93,0.192,0.062,64.68,66.56683100875,66.56683100875
362,241.0,512,True,2140.0,339.0,7.07716598625,0.07783910375,566.1732789,6.2271283,Calculado,Calculado,28.53500509,21.38,1.0,11.787,11.576,0.05,39.0,2.67,0.5,0.177,0.034,24.55,28.53500509,28.58500509
363,118.0,517,True,557.0,587.0,0.29096167375,0.92716684375,23.2769339,74.1733475,Calculado,Calculado,12.398128517499998,11.18,1.0,6.629,6.564,1.05,16.0,0.4,0.58,0.026,0.039,12.17,12.398128517499998,13.448128517499999
364,145.0,512,True,691.0,339.0,2.83821704625,0.07783910375,227.0573637,6.2271283,Calculado,Calculado,34.68605615,31.77,0.0,20.755,20.521,0.0,7.0,3.02,0.5,0.201,0.034,35.28,34.68605615,34.68605615
365,117.0,509,True,726.0,354.0,0.2281660137499999,2.98,18.2532811,199.0,Calculado,Mapeado,84.32816601375,81.12,3.0,39.951,39.734,22.83,3.0,0.28,2.98,0.019,0.199,84.38,84.32816601375,107.15816601375
366,44.0,512,True,582.0,339.0,4.73927943125,0.07783910375,379.1423545,6.2271283,Calculado,Calculado,12.337118535,7.52,0.0,5.16,4.794,0.0,32.0,4.98,0.5,0.333,0.034,13.0,12.337118535,12.337118535
367,242.0,512,True,1739.0,339.0,1.58907319625,0.07783910375,127.1258557,6.2271283,Calculado,Calculado,31.6969123,30.03,0.0,18.684,18.551,0.0,9.0,1.48,0.5,0.099,0.034,32.02,31.6969123,31.6969123
368,84.0,713,True,1015.0,1689.0,0.40467816125,0.7462701862500001,32.3742529,59.7016149,Calculado,Calculado,9.1809483475,8.03,0.0,4.726,4.653,0.0,51.0,0.62,0.48,0.041,0.032,9.13,9.1809483475,9.1809483475
369,28.0,517,True,559.0,587.0,1.8901184,0.92716684375,151.209472,74.1733475,Calculado,Calculado,11.78728524375,8.97,1.0,5.908,5.743,1.05,16.0,1.9,0.58,0.126,0.039,11.45,11.78728524375,12.837285243750001
370,101375.0,718,True,282.0,284.0,1.6603562075,2.53,132.8284966,169.0,Calculado,Mapeado,5.3203562075,1.13,0.0,0.955,0.656,0.0,195.0,1.97,2.53,0.131,0.169,5.63,5.3203562075,5.3203562075
371,968.0,717,True,933.0,249.0,1.52966314125,1.52,122.3730513,101.0,Calculado,Mapeado,33.07966314125,30.03,0.0,19.641,19.418,0.0,26.0,1.83,1.52,0.122,0.101,33.38,33.07966314125,33.07966314125
372,1830.0,517,True,717.0,587.0,4.33318810125,0.92716684375,346.6550481,74.1733475,Calculado,Calculado,9.160354945,3.9,0.0,2.935,2.558,0.0,105.0,5.07,0.58,0.338,0.039,9.55,9.160354945,9.160354945
373,44.0,505,True,772.0,251.0,3.20862866,3.48591390375,256.6902928,278.8731123,Calculado,Calculado,88.12454256375001,81.43,2.0,62.896,62.446,0.53,7.0,3.25,3.5,0.217,0.233,88.18,88.12454256375001,88.65454256375001
374,54.0,509,True,728.0,354.0,20.1647162275,2.98,1613.1772982,199.0,Calculado,Mapeado,101.8147162275,78.67,3.0,39.696,38.306,22.83,5.0,17.87,2.98,1.191,0.199,99.52,101.8147162275,124.6447162275
375,2939.0,524,True,165.0,1353.0,16.0583949375,3.508949405,1284.671595,280.7159524,Calculado,Calculado,21.397344342500002,1.83,0.0,2.658,1.754,0.0,50.0,11.32,2.25,0.755,0.15,15.4,21.397344342500002,21.397344342500002
376,68.0,517,True,2212.0,587.0,1.19663592875,0.92716684375,95.7308743,74.1733475,Calculado,Calculado,12.153802772499999,10.03,0.0,5.476,5.425,0.0,105.0,0.18,0.58,0.012,0.039,10.8,12.153802772499999,12.153802772499999
377,40.0,716,True,1968.0,1078.0,27.575404811250003,0.91846033625,2206.0323849,73.4768269,Calculado,Calculado,47.4638651475,18.97,0.0,13.035,11.445,0.0,15.0,22.92,0.93,1.528,0.062,42.82,47.4638651475,47.4638651475
378,32.0,505,True,784.0,251.0,64.62966080125,3.48591390375,5170.3728641,278.8731123,Calculado,Calculado,139.545574705,71.43,2.0,53.856,51.285,0.53,7.0,35.08,3.5,2.338,0.233,110.02,139.545574705,140.075574705
379,156.0,512,True,702.0,339.0,2.0424577325,0.07783910375,163.3966186,6.2271283,Calculado,Calculado,15.700296836249999,13.58,0.0,8.798,8.611,0.0,16.0,2.3,0.5,0.153,0.034,16.38,15.700296836249999,15.700296836249999
380,28.0,727,True,1465.0,1997.0,1.59993306375,2.2235530875,127.9946451,177.884247,Calculado,Calculado,25.02348615125,21.2,0.0,11.399,11.15,0.0,15.0,1.4,2.35,0.093,0.157,24.95,25.02348615125,25.02348615125
381,171.0,724,True,58.0,351.0,9.81521488125,4.355273824999999,785.2171905,348.421906,Calculado,Calculado,18.170488706249998,4.0,0.0,5.507,4.67,0.0,62.0,8.43,4.13,0.562,0.275,16.57,18.170488706249998,18.170488706249998
382,53.0,718,True,2030.0,2064.0,2.8491611675,2.5,227.9328934,166.0,Calculado,Mapeado,16.1691611675,10.82,0.0,9.727,9.391,0.0,12.0,2.53,2.5,0.169,0.166,15.85,16.1691611675,16.1691611675
383,46088.0,512,True,228.0,306.0,4.32961285,0.9711756575,346.369028,77.6940526,Calculado,Calculado,6.1007885075,0.8,0.0,0.886,0.537,0.0,161.0,3.85,1.37,0.257,0.092,6.02,6.1007885075,6.1007885075
384,1558.0,515,True,21.0,26.0,7.036045249999999,0.28810997125,562.88362,23.0487977,Calculado,Calculado,22.04415522125,14.72,0.0,4.78,4.381,0.0,28.0,5.58,0.42,0.372,0.027,20.72,22.04415522125,22.04415522125
385,28255.0,734,True,218.0,219.0,4.4378754375,2.98607912875,355.030035,238.8863303,Calculado,Calculado,7.89395456625,0.47,0.0,0.7,0.33,0.0,96.0,4.03,1.52,0.269,0.102,6.02,7.89395456625,7.89395456625
386,31.0,505,True,780.0,251.0,31.76083101,3.48591390375,2540.8664808,278.8731123,Calculado,Calculado,109.01674491375,73.77,2.0,55.501,53.922,0.53,7.0,20.18,3.5,1.345,0.233,97.45,109.01674491375,109.54674491375
387,4165.0,717,True,881.0,249.0,0.4819771624999999,1.52,38.558173,101.0,Calculado,Mapeado,25.5719771625,23.57,0.0,15.017,14.887,0.0,62.0,0.43,1.52,0.029,0.101,25.52,25.5719771625,25.5719771625
388,582.0,718,True,2195.0,283.0,7.919967712499999,4.08,633.597417,272.0,Calculado,Mapeado,47.5199677125,35.52,0.0,26.329,25.589,0.0,14.0,7.02,4.08,0.468,0.272,46.62,47.5199677125,47.5199677125
389,242.0,505,True,756.0,251.0,3.967834225,3.48591390375,317.426738,278.8731123,Calculado,Calculado,81.32374812875001,73.87,2.0,54.524,54.025,0.53,7.0,4.0,3.5,0.267,0.233,81.37,81.32374812875001,81.85374812875001
390,290.0,719,True,1094.0,1096.0,3.40946305875,6.3014092375,272.7570447,504.112739,Calculado,Calculado,13.730872296249998,4.02,0.0,4.993,4.34,0.0,32.0,4.53,5.27,0.303,0.351,13.82,13.730872296249998,13.730872296249998
391,56.0,716,True,1390.0,1078.0,0.9377842825,0.91846033625,75.0227426,73.4768269,Calculado,Calculado,11.80624461875,9.95,0.0,5.936,5.775,0.0,63.0,1.48,0.93,0.099,0.062,12.37,11.80624461875,11.80624461875
392,231.0,732,True,2071.0,2049.0,2.68388839125,1.4382949875,214.7110713,115.063599,Calculado,Calculado,15.142183378750001,11.02,0.0,4.789,4.536,0.0,15.0,2.15,1.63,0.144,0.108,14.8,15.142183378750001,15.142183378750001
393,6.0,713,True,1262.0,1274.0,20.62437495125,2.98574116875,1649.9499961,238.8592935,Calculado,Calculado,44.11011612000001,20.5,0.0,13.985,12.932,0.0,8.0,12.15,3.63,0.81,0.243,36.28,44.11011612000001,44.11011612000001
394,3725.0,727,True,1427.0,1375.0,1.90641000875,1.63998025625,152.5128007,131.1984205,Calculado,Calculado,6.966390265,3.42,0.0,2.221,2.011,0.0,73.0,1.85,1.28,0.124,0.086,6.55,6.966390265,6.966390265
395,126.0,505,True,806.0,251.0,2.7856323,3.48591390375,222.850584,278.8731123,Calculado,Calculado,54.12154620375001,47.85,2.0,33.312,32.872,0.53,7.0,3.12,3.5,0.207,0.233,54.47,54.12154620375001,54.65154620375001
396,55.0,505,True,796.0,251.0,3.47452264125,3.48591390375,277.9618113,278.8731123,Calculado,Calculado,58.440436545,51.48,2.0,36.19,35.712,0.53,7.0,3.68,3.5,0.245,0.233,58.67,58.440436545,58.970436545
397,58.0,517,True,617.0,587.0,7.433972011250001,0.92716684375,594.7177609,74.1733475,Calculado,Calculado,23.561138855000003,15.2,1.0,7.489,6.872,0.58,15.0,8.68,0.58,0.579,0.039,24.47,23.561138855000003,24.141138855
398,169.0,719,True,1128.0,1096.0,5.076065782500001,6.3014092375,406.0852626,504.112739,Calculado,Calculado,31.257475019999998,19.88,0.0,16.125,15.419,0.0,31.0,5.33,5.27,0.355,0.351,30.48,31.257475019999998,31.257475019999998
399,611.0,737,True,2187.0,2097.0,4.379411975,6.648139412499999,350.352958,531.851153,Calculado,Calculado,22.9475513875,11.92,0.0,6.532,6.166,0.0,64.0,3.03,2.47,0.203,0.164,17.42,22.9475513875,22.9475513875
400,129.0,716,True,1536.0,1078.0,6.4017496575,0.91846033625,512.1399726,73.4768269,Calculado,Calculado,16.65020999375,9.33,0.0,6.33,5.777,0.0,61.0,7.37,0.93,0.491,0.062,17.63,16.65020999375,16.65020999375
401,1002.0,515,True,25.0,26.0,5.17919097375,0.28810997125,414.3352779,23.0487977,Calculado,Calculado,7.487300944999999,2.02,0.0,1.053,0.755,0.0,42.0,4.05,0.42,0.27,0.027,6.48,7.487300944999999,7.487300944999999
402,31.0,713,True,1273.0,1274.0,1.6603770812499998,2.98574116875,132.8301665,238.8592935,Calculado,Calculado,6.32611825,1.68,0.0,1.72,1.321,0.0,16.0,2.35,3.63,0.156,0.243,7.67,6.32611825,6.32611825
403,21.0,515,True,2028.0,26.0,4.55319342875,0.28810997125,364.2554743,23.0487977,Calculado,Calculado,11.271303399999999,6.43,0.0,2.66,2.347,0.0,41.0,4.28,0.42,0.286,0.027,11.13,11.271303399999999,11.271303399999999
404,4092.0,726,True,1344.0,197.0,23.35575552875,1.76225622625,1868.4604423,140.9804981,Calculado,Calculado,43.888011755,18.77,0.0,8.802,8.591,0.0,33.0,1.6,1.58,0.106,0.105,21.95,43.888011755,43.888011755
405,33.0,713,True,992.0,1274.0,1.21752835875,2.98574116875,97.4022687,238.8592935,Calculado,Calculado,45.58326952750001,41.38,0.0,27.948,27.65,0.0,8.0,0.82,3.63,0.055,0.243,45.83,45.58326952750001,45.58326952750001
406,463.0,716,True,1973.0,1078.0,0.4267404525,0.91846033625,34.1392362,73.4768269,Calculado,Calculado,25.71520078875,24.37,0.0,14.225,14.126,0.0,15.0,0.55,0.93,0.037,0.062,25.85,25.71520078875,25.71520078875
407,36.0,716,True,1525.0,1078.0,1.1174360975000002,0.91846033625,89.3948878,73.4768269,Calculado,Calculado,23.96589643375,21.93,0.0,15.938,15.814,0.0,31.0,0.93,0.93,0.062,0.062,23.8,23.96589643375,23.96589643375
408,260.0,713,True,1171.0,1689.0,4.02751352875,0.7462701862500001,322.2010823,59.7016149,Calculado,Calculado,12.773783714999999,8.0,0.0,5.633,5.366,0.0,5.0,3.52,0.48,0.235,0.032,12.0,12.773783714999999,12.773783714999999
409,12.0,726,True,1938.0,197.0,80.55812562874999,1.76225622625,6444.6500503,140.9804981,Calculado,Calculado,143.790381855,61.47,0.0,36.108,33.07,0.0,7.0,43.98,1.58,2.932,0.105,107.03,143.790381855,143.790381855
410,691.0,714,True,360.0,329.0,1.87222673625,2.0380568287500003,149.7781389,163.0445463,Calculado,Calculado,9.880283565,5.97,0.0,3.211,3.023,0.0,50.0,0.72,2.12,0.048,0.141,8.8,9.880283565,9.880283565
411,5208.0,738,True,1593.0,2219.0,14.995224615,0.79330144375,1199.6179692,63.4641155,Calculado,Calculado,23.358526058749998,7.57,0.0,3.723,2.74,0.0,22.0,13.82,0.93,0.921,0.062,22.32,23.358526058749998,23.358526058749998
412,403.0,738,True,1844.0,2220.0,2.88561741625,0.90773412,230.8493933,72.6187296,Calculado,Calculado,20.56335153625,16.77,1.0,9.273,9.036,0.1,7.0,2.87,0.7,0.191,0.047,20.33,20.56335153625,20.66335153625
413,36.0,716,True,33541.0,1078.0,18.039466795000003,0.91846033625,1443.1573436,73.4768269,Calculado,Calculado,48.38792713125,29.43,0.0,22.792,21.803,0.0,34.0,13.9,0.93,0.926,0.062,44.27,48.38792713125,48.38792713125
414,44.0,731,True,1109.0,1108.0,12.47902083625,5.1048154875,998.3216669,408.385239,Calculado,Calculado,18.663836323749997,1.08,0.0,1.757,0.775,0.0,32.0,9.4,5.33,0.627,0.355,15.82,18.663836323749997,18.663836323749997
415,1599.0,726,True,1363.0,184.0,3.8550344125,1.93204646625,308.402753,154.5637173,Calculado,Calculado,6.43708087875,0.65,0.0,0.758,0.408,0.0,101.0,3.4,1.83,0.226,0.123,5.88,6.43708087875,6.43708087875
416,3591.0,726,True,1587.0,197.0,5.32715789875,1.76225622625,426.1726319,140.9804981,Calculado,Calculado,74.45941412500001,67.37,0.0,37.499,37.145,0.0,7.0,3.73,1.58,0.249,0.105,72.68,74.45941412500001,74.45941412500001
417,300.0,737,True,2127.0,2097.0,1.938659955,6.648139412499999,155.0927964,531.851153,Calculado,Calculado,9.6367993675,1.05,0.0,0.867,0.577,0.0,45.0,1.88,2.47,0.125,0.164,5.4,9.6367993675,9.6367993675
418,1513.0,716,True,966.0,1078.0,3.2503734162500004,0.91846033625,260.0298733,73.4768269,Calculado,Calculado,11.0488337525,6.88,0.0,5.768,5.575,0.0,9.0,1.95,0.93,0.13,0.062,9.77,11.0488337525,11.0488337525
419,13.0,726,True,1937.0,197.0,50.67807276375,1.76225622625,4054.2458211,140.9804981,Calculado,Calculado,115.21032899000001,62.77,0.0,35.807,33.797,0.0,7.0,28.57,1.58,1.905,0.105,92.92,115.21032899000001,115.21032899000001
420,112.0,726,True,1567.0,197.0,16.5200141425,1.76225622625,1321.6011314,140.9804981,Calculado,Calculado,42.20227036875001,23.92,0.0,12.202,11.483,0.0,27.0,9.22,1.58,0.615,0.105,34.72,42.20227036875001,42.20227036875001
421,29.0,713,True,1253.0,1274.0,73.2375285075,2.98574116875,5859.0022806,238.8592935,Calculado,Calculado,111.87326967625,35.65,0.0,27.063,23.263,0.0,8.0,53.37,3.63,3.558,0.243,92.65,111.87326967625,111.87326967625
422,42.0,716,True,1521.0,1078.0,25.5385391725,0.91846033625,2043.0831338,73.4768269,Calculado,Calculado,52.72699950875,26.27,0.0,20.56,18.951,0.0,35.0,23.22,0.93,1.547,0.062,50.42,52.72699950875,52.72699950875
423,51.0,726,True,1554.0,184.0,26.50214051,1.93204646625,2120.1712408,154.5637173,Calculado,Calculado,91.20418697625,62.77,0.0,34.226,32.567,0.0,4.0,23.3,1.58,1.554,0.105,87.65,91.20418697625,91.20418697625
424,28.0,726,True,1339.0,197.0,26.424315836250003,1.76225622625,2113.9452669,140.9804981,Calculado,Calculado,61.506572062500005,33.32,0.0,13.227,11.606,0.0,5.0,22.75,1.58,1.516,0.105,57.65,61.506572062500005,61.506572062500005
425,892.0,517,True,590.0,592.0,3.89252925,2.213723325,311.40234,177.097866,Calculado,Calculado,7.886252575,1.78,0.0,1.421,1.024,0.0,113.0,3.67,2.28,0.244,0.152,7.73,7.886252575,7.886252575
426,270.0,737,True,114254.0,40.0,1.7703349137499995,19.18167633875,141.6267931,1534.5341071,Calculado,Calculado,28.872011252500002,7.92,0.0,5.741,5.053,0.0,30.0,1.95,8.37,0.131,0.558,18.23,28.872011252500002,28.872011252500002
427,453.0,719,True,1140.0,1096.0,2.2987746112500003,6.3014092375,183.9019689,504.112739,Calculado,Calculado,39.75018384875,31.15,1.0,20.556,20.014,0.33,16.0,2.87,5.27,0.191,0.351,39.28,39.75018384875,40.080183848749996
428,41.0,713,True,1258.0,1274.0,18.34647411875,2.98574116875,1467.7179295,238.8592935,Calculado,Calculado,47.3622152875,26.03,0.0,18.943,17.576,0.0,8.0,16.87,3.63,1.124,0.243,46.53,47.3622152875,47.3622152875
429,47.0,713,True,1246.0,1274.0,28.4017264,2.98574116875,2272.138112,238.8592935,Calculado,Calculado,71.10746756875,39.72,0.0,27.262,26.28,0.0,8.0,11.1,3.63,0.74,0.243,54.45,71.10746756875,71.10746756875
430,3322.0,716,True,1396.0,1078.0,7.623889881249999,0.91846033625,609.9111905,73.4768269,Calculado,Calculado,9.9623502175,1.42,0.0,1.496,1.047,0.0,5.0,5.8,0.93,0.387,0.062,8.15,9.9623502175,9.9623502175
431,48.0,713,True,1014.0,1689.0,11.12360680125,0.7462701862500001,889.8885441,59.7016149,Calculado,Calculado,22.1198769875,10.25,0.0,6.481,5.93,0.0,46.0,7.8,0.48,0.52,0.032,18.53,22.1198769875,22.1198769875
432,110.0,517,True,754.0,587.0,14.51260633375,0.92716684375,1161.0085067,74.1733475,Calculado,Calculado,23.819773177500004,8.38,1.0,5.664,5.224,1.05,22.0,6.02,0.58,0.401,0.039,14.98,23.819773177500004,24.869773177500004
433,10120.0,714,True,370.0,271.0,2.3443998975,1.57028923875,187.5519918,125.6231391,Calculado,Calculado,10.644689136250001,6.73,0.0,3.684,3.485,0.0,61.0,1.72,1.27,0.114,0.085,9.72,10.644689136250001,10.644689136250001
434,110.0,512,True,562.0,306.0,0.6764284899999999,0.9711756575,54.1142792,77.6940526,Calculado,Calculado,12.1276041475,10.48,1.0,5.563,5.375,1.73,34.0,1.45,1.37,0.096,0.092,13.3,12.1276041475,13.8576041475
435,914.0,507,True,403.0,111.0,4.353728065,5.23873227375,348.2982452,419.0985819,Calculado,Calculado,19.41246033875,9.82,0.0,7.139,6.563,0.0,12.0,3.98,4.65,0.265,0.31,18.45,19.41246033875,19.41246033875
436,2832.0,739,True,1424.0,1425.0,4.4812923075,7.551894625,358.5033846,604.15157,Calculado,Calculado,12.033186932500001,0.0,0.0,1.021,0.571,0.0,16.0,4.58,2.17,0.306,0.144,6.75,12.033186932500001,12.033186932500001
437,148.0,717,True,877.0,249.0,7.678175738749999,1.52,614.2540591,101.0,Calculado,Mapeado,38.27817573875,29.08,0.0,18.686,18.055,0.0,7.0,7.95,1.52,0.53,0.101,38.55,38.27817573875,38.27817573875
438,29.0,728,True,95.0,151.0,10.6427141675,1.6741110225,851.4171334,133.9288818,Calculado,Calculado,19.04682519,6.73,0.0,4.516,3.907,0.0,17.0,7.98,1.15,0.533,0.077,15.87,19.04682519,19.04682519
439,382.0,717,True,888.0,249.0,1.9434647875,1.52,155.477183,101.0,Calculado,Mapeado,19.583464787500002,16.12,0.0,9.978,9.744,0.0,32.0,1.98,1.52,0.133,0.101,19.62,19.583464787500002,19.583464787500002
440,216.0,726,True,1655.0,184.0,0.9661937525,1.93204646625,77.2955002,154.5637173,Calculado,Calculado,20.04824021875,17.15,0.0,7.861,7.672,0.0,42.0,1.0,1.83,0.066,0.123,19.98,20.04824021875,20.04824021875
441,500.0,732,True,2072.0,2049.0,2.25668433625,1.4382949875,180.5347469,115.063599,Calculado,Calculado,14.21497932375,10.52,0.0,4.518,4.304,0.0,36.0,1.58,1.63,0.105,0.108,13.73,14.21497932375,14.21497932375
442,47.0,729,True,1493.0,1446.0,43.32740062625,5.18588491375,3466.1920501,414.8707931,Calculado,Calculado,67.23328554,18.72,0.0,14.504,12.053,0.0,15.0,32.25,4.5,2.15,0.3,55.47,67.23328554,67.23328554
443,287.0,716,True,1529.0,1078.0,3.5685691475,0.91846033625,285.4855318,73.4768269,Calculado,Calculado,22.93702948375,18.45,0.0,12.181,11.949,0.0,30.0,2.55,0.93,0.17,0.062,21.93,22.93702948375,22.93702948375
444,151.0,729,True,993.0,1446.0,27.826538055,5.18588491375,2226.1230444,414.8707931,Calculado,Calculado,73.66242296875,40.65,1.0,30.068,28.276,0.55,14.0,22.38,4.5,1.492,0.3,67.53,73.66242296875,74.21242296874999
445,621.0,713,True,1061.0,1274.0,2.771822405,2.98574116875,221.7457924,238.8592935,Calculado,Calculado,11.287563573749999,5.53,0.0,4.489,4.165,0.0,13.0,1.23,3.63,0.082,0.243,10.4,11.287563573749999,11.287563573749999
446,47.0,726,True,1568.0,197.0,67.03604090249999,1.76225622625,5362.8832722,140.9804981,Calculado,Calculado,92.71829712875,23.92,0.0,14.25,11.483,0.0,31.0,39.93,1.58,2.662,0.105,65.43,92.71829712875,92.71829712875
447,26.0,713,True,1257.0,1274.0,19.7656732075,2.98574116875,1581.2538566,238.8592935,Calculado,Calculado,51.22141437625,28.47,0.0,19.868,18.538,0.0,8.0,16.32,3.63,1.087,0.243,48.42,51.22141437625,51.22141437625
448,387.0,726,True,1332.0,197.0,3.7608527475,1.76225622625,300.8682198,140.9804981,Calculado,Calculado,44.703108973750005,39.18,0.0,15.342,14.945,0.0,5.0,4.37,1.58,0.291,0.105,45.13,44.703108973750005,44.703108973750005
449,601.0,719,True,1141.0,1096.0,6.43863562125,6.3014092375,515.0908497,504.112739,Calculado,Calculado,42.67004485875,29.93,1.0,20.012,19.38,0.33,16.0,4.22,5.27,0.282,0.351,39.42,42.67004485875,43.00004485875
450,1778.0,726,True,1560.0,197.0,1.06004024875,1.76225622625,84.8032199,140.9804981,Calculado,Calculado,58.892296475,56.07,0.0,27.619,27.451,0.0,25.0,0.95,1.58,0.063,0.105,58.6,58.892296475,58.892296475
451,53.0,716,True,1392.0,1078.0,9.99718818125,0.91846033625,799.7750545,73.4768269,Calculado,Calculado,18.3656485175,7.45,0.0,4.609,4.405,0.0,65.0,2.12,0.93,0.142,0.062,10.5,18.3656485175,18.3656485175
452,425.0,509,True,937.0,354.0,20.19208181375,2.98,1615.3665451,199.0,Calculado,Mapeado,48.502081813749996,25.33,2.0,18.946,18.312,1.25,24.0,6.53,2.98,0.435,0.199,34.85,48.502081813749996,49.752081813749996
453,119.0,726,True,1563.0,197.0,9.19155118875,1.76225622625,735.3240951,140.9804981,Calculado,Calculado,39.733807415,28.78,0.0,15.324,14.837,0.0,27.0,5.73,1.58,0.382,0.105,36.1,39.733807415,39.733807415
