Zona_Origen,Nombre_Zona_Origen,Poblacion_Origen,Zona_Destino,Usa_Transporte_Publico,Parada_Origen,Parada_Destino,Tiempo_Acceso_Minutos,Tiempo_Salida_Minutos,Distancia_Acceso_Metros,Distancia_Salida_Metros,Fuente_Datos_Acceso,Fuente_Datos_Salida,Tiempo_Viaje_Total_Minutos,Tiempo_Trayecto_Minutos,Numero_Transbordos,Distancia_Viaje_Total_Km,Distancia_Trayecto_Km,Tiempo_Espera_Transbordo_Minutos,Frecuencia_Servicio,Tiempo_Acceso_Original,Tiempo_Salida_Original,Distancia_Acceso_Original_Km,Distancia_Salida_Original_Km,Tiempo_Viaje_Original_Minutos,Tiempo_Total_Puerta_a_Puerta_Minutos,Verificacion_Tiempo_Total
1,Abadiño-Zelaieta,1559,901,True,1475.0,1078.0,1.4780678225,0.91846033625,118.2454258,73.4768269,Calculado,Calculado,44.166528158750005,41.77,0,25.084,24.984,0.0,36,0.57,0.93,0.037,0.062,43.27,44.166528158750005,44.166528158750005
2,Abanto,25,903,True,610.0,284.0,10.381505725,2.53,830.520458,169.0,Calculado,Mapeado,39.511505725000006,26.6,0,15.709,15.198,0.0,36,5.13,2.53,0.343,0.169,34.27,39.511505725000006,39.511505725000006
3,Agarre,42,901,True,1390.0,1078.0,6.440452806250001,0.91846033625,515.2362245,73.4768269,Calculado,Calculado,17.3089131425,9.95,0,6.307,5.775,0.0,63,7.05,0.93,0.47,0.062,17.93,17.3089131425,17.3089131425
4,Agirre,22,901,True,1218.0,1078.0,24.44108348625,0.91846033625,1955.2866789,73.4768269,Calculado,Calculado,93.8595438225,68.5,2,40.391,39.817,8.3,32,7.68,0.93,0.512,0.062,77.12,93.8595438225,102.1595438225
5,Agirre-Aperribai,2272,901,True,171.0,1005.0,4.30644740875,1.089115005,344.5157927,87.1292004,Calculado,Calculado,14.745562413750001,9.35,0,6.348,6.09,0.0,119,2.75,1.1,0.184,0.074,13.2,14.745562413750001,14.745562413750001
6,Agirre-Areantza-Guzurmendi,1258,904,True,2130.0,1648.0,9.106720335,6.839990448749999,728.5376268,547.1992359,Calculado,Calculado,23.47671078375,7.53,0,6.164,5.302,0.0,6,6.9,6.03,0.46,0.402,20.47,23.47671078375,23.47671078375
7,Ahedo,102,902,True,786.0,209.0,30.85243540125,1.58,2468.1948321,106.0,Calculado,Mapeado,108.96243540125,76.53,2,50.415,49.222,8.85,7,16.32,1.58,1.087,0.106,94.43,108.96243540125,117.81243540125
8,Aita San Migel,194,901,True,1376.0,1078.0,8.880122465,0.91846033625,710.4097972,73.4768269,Calculado,Calculado,24.11858280125,14.32,0,20.037,19.441,0.0,34,8.02,0.93,0.535,0.062,23.27,24.11858280125,24.11858280125
9,Aiuria,52,901,True,1071.0,1078.0,62.69872717,0.91846033625,5015.8981736,73.4768269,Calculado,Calculado,84.49718750625,20.88,0,18.321,15.21,0.0,16,45.75,0.93,3.05,0.062,67.57,84.49718750625,84.49718750625
10,Aketxe,24,904,True,8.0,2219.0,4.60397649,0.79330144375,368.3181192,63.4641155,Calculado,Calculado,43.26727793375,37.87,1,12.834,12.581,6.65,21,2.87,0.93,0.191,0.062,41.67,43.26727793375,49.91727793375
11,Akorda,34,901,True,1294.0,1078.0,22.08126405125,0.91846033625,1766.5011241,73.4768269,Calculado,Calculado,104.57972438750001,81.58,1,41.072,39.97,25.35,5,15.58,0.93,1.039,0.062,98.1,104.57972438750001,129.92972438750002
12,Akorda-Bollar,22,901,True,1059.0,1078.0,44.12115105125,0.91846033625,3529.6920841,73.4768269,Calculado,Calculado,90.0696113875,45.03,0,35.684,32.862,0.0,8,41.4,0.93,2.76,0.062,87.37,90.0696113875,90.0696113875
13,Albiz,45,901,True,1266.0,1078.0,51.245595885,0.91846033625,4099.6476708,73.4768269,Calculado,Calculado,104.56405622125001,52.4,0,36.574,34.097,0.0,8,36.22,0.93,2.415,0.062,89.55,104.56405622125001,104.56405622125001
14,Albizuelexaga,11,901,True,1557.0,1004.0,11.0989610625,2.95083712375,887.916885,236.0669699,Calculado,Calculado,101.36979818625,87.32,0,37.937,36.928,0.0,4,13.33,1.8,0.889,0.12,102.45,101.36979818625,101.36979818625
15,Aldai,296,904,True,1191.0,2220.0,2.75881109625,0.90773412,220.7048877,72.6187296,Calculado,Calculado,65.11654521625,61.45,1,19.361,19.09,25.72,7,3.35,0.7,0.223,0.047,65.5,65.11654521625,90.83654521625
16,Aldeacueva,47,902,True,776.0,209.0,97.11262355875,1.58,7769.0098847,106.0,Calculado,Mapeado,182.39262355875002,83.7,2,60.031,56.732,8.85,7,47.9,1.58,3.193,0.106,133.18,182.39262355875002,191.24262355875
17,Aldekona (San Isidro),495,903,True,511.0,2064.0,5.90538161125,2.5,472.4305289,166.0,Calculado,Mapeado,32.62538161125,24.22,0,15.568,15.103,0.0,13,4.48,2.5,0.299,0.166,31.2,32.62538161125,32.62538161125
18,Alen,7,903,True,727.0,278.0,62.151811695000006,4.08,4972.1449356,272.0,Calculado,Mapeado,170.95181169500003,104.72,2,43.412,40.265,31.5,5,43.13,4.08,2.876,0.272,151.93,170.95181169500003,202.45181169500003
19,Algorta,37980,903,True,2088.0,2064.0,11.19846875,2.5,895.8775,166.0,Calculado,Mapeado,36.098468749999995,22.4,0,13.044,12.167,0.0,29,10.67,2.5,0.711,0.166,35.57,36.098468749999995,36.098468749999995
20,Almika,33,901,True,1219.0,1078.0,23.81799743625,0.91846033625,1905.4397949,73.4768269,Calculado,Calculado,90.5364577725,65.8,2,39.404,37.987,8.3,33,20.32,0.93,1.355,0.062,87.05,90.5364577725,98.8364577725
21,Alonsotegi,1827,902,True,893.0,249.0,7.378180111250001,1.52,590.2544089,101.0,Calculado,Mapeado,21.46818011125,12.57,0,7.634,7.333,0.0,32,3.0,1.52,0.2,0.101,17.08,21.46818011125,21.46818011125
22,Altamira-San Kristobal,828,901,True,1103.0,1078.0,37.666453515,0.91846033625,3013.3162812,73.4768269,Calculado,Calculado,85.11491385125001,46.53,1,31.018,29.222,6.07,17,26.02,0.93,1.734,0.062,73.48,85.11491385125001,91.18491385125
23,Altzaga,10645,903,True,525.0,278.0,3.18725554,2.5,254.9804432,166.0,Calculado,Mapeado,56.887255540000005,51.2,1,16.641,16.285,11.87,32,2.83,2.5,0.189,0.166,56.53,56.887255540000005,68.75725554
24,Altzuaga,25,901,True,33541.0,1078.0,35.595885894999995,0.91846033625,2847.6708716,73.4768269,Calculado,Calculado,65.94434623125,29.43,0,23.185,21.803,0.0,35,19.8,0.93,1.32,0.062,50.17,65.94434623125,65.94434623125
25,Altzusta,125,901,True,33541.0,1078.0,3.51549720625,0.91846033625,281.2397765,73.4768269,Calculado,Calculado,33.863957542499996,29.43,0,22.148,21.803,0.0,30,4.23,0.93,0.283,0.062,34.6,33.863957542499996,33.863957542499996
26,Ambasaguas,440,902,True,784.0,209.0,3.10050352,1.58,248.0402816,106.0,Calculado,Mapeado,82.93050352,78.25,2,50.861,50.614,8.85,7,2.12,1.58,0.141,0.106,81.95,82.93050352,91.78050352
27,Ametzaga,91,904,True,1148.0,2220.0,11.47727080125,0.90773412,918.1816641,72.6187296,Calculado,Calculado,41.81500492125,29.43,1,17.086,16.368,1.15,15,10.07,0.7,0.671,0.047,40.2,41.81500492125,42.96500492125
28,Amorebieta,17603,901,True,1073.0,1078.0,2.8749088825,0.91846033625,229.9927106,73.4768269,Calculado,Calculado,15.12336921875,11.33,0,9.176,8.971,0.0,35,2.15,0.93,0.143,0.062,14.42,15.12336921875,15.12336921875
29,Andaparaluzeta,23,901,True,1836.0,1078.0,30.59521040625,0.91846033625,2447.6168325,73.4768269,Calculado,Calculado,75.6336707425,44.12,0,30.015,28.815,0.0,15,17.07,0.93,1.138,0.062,62.12,75.6336707425,75.6336707425
30,Andeko,36,904,True,1191.0,2220.0,9.38155278625,0.90773412,750.5242229,72.6187296,Calculado,Calculado,71.73928690625,61.45,1,19.62,19.09,25.72,5,7.25,0.7,0.483,0.047,69.4,71.73928690625,97.45928690625
31,Andra Mari Getxo,13139,903,True,30.0,2064.0,10.88420359875,2.5,870.7362879,166.0,Calculado,Mapeado,39.45420359875,26.07,0,14.444,13.855,0.0,18,6.35,2.5,0.423,0.166,34.92,39.45420359875,39.45420359875
32,Andra Mari Morga,100,901,True,1706.0,1078.0,2.15254951875,0.91846033625,172.2039615,73.4768269,Calculado,Calculado,29.271009855,26.2,1,14.392,14.21,3.88,4,1.8,0.93,0.12,0.062,28.93,29.271009855,33.151009855
33,Andraka,167,903,True,2106.0,284.0,1.550153175,2.5,124.012254,166.0,Calculado,Mapeado,86.78015317500001,82.73,1,33.355,33.089,24.53,15,1.5,2.5,0.1,0.166,86.73,86.78015317500001,111.31015317500001
34,Apatamonasterio,934,901,True,1479.0,1078.0,5.13797641375,0.91846033625,411.0381131,73.4768269,Calculado,Calculado,53.526436749999995,47.47,0,28.439,28.065,0.0,36,4.68,0.93,0.312,0.062,53.08,53.526436749999995,53.526436749999995
35,Arakaldo,5,901,True,1564.0,1005.0,20.7173559775,1.089115005,1657.3884782,87.1292004,Calculado,Calculado,66.9564709825,45.15,0,21.549,20.875,0.0,27,9.0,1.1,0.601,0.074,55.25,66.9564709825,66.9564709825
36,Arana,1543,901,True,1066.0,1078.0,5.0753008625,0.91846033625,406.024069,73.4768269,Calculado,Calculado,34.623761198749996,28.63,0,22.374,21.984,0.0,16,4.9,0.93,0.327,0.062,34.47,34.623761198749996,34.623761198749996
37,Aranguren,1909,903,True,637.0,283.0,4.11514505625,4.08,329.2116045,272.0,Calculado,Mapeado,40.27514505625,32.08,0,23.459,23.044,0.0,14,2.15,4.08,0.143,0.272,38.32,40.27514505625,40.27514505625
38,Arantxe,81,901,True,1392.0,1078.0,7.495646618749999,0.91846033625,599.6517295,73.4768269,Calculado,Calculado,15.864106954999999,7.45,0,4.738,4.405,0.0,65,4.05,0.93,0.27,0.062,12.43,15.864106954999999,15.864106954999999
39,Arantzazugoiti,32,901,True,1529.0,1078.0,4.746733186249999,0.91846033625,379.7386549,73.4768269,Calculado,Calculado,24.1151935225,18.45,0,12.278,11.949,0.0,31,4.02,0.93,0.267,0.062,23.4,24.1151935225,24.1151935225
40,Arbildu,20,901,True,1316.0,1078.0,9.069443665,0.91846033625,725.5554932,73.4768269,Calculado,Calculado,67.25790400125001,57.27,1,26.809,26.547,10.05,14,2.98,0.93,0.199,0.062,61.18,67.25790400125001,77.30790400125001
41,Arbuio,247,902,True,890.0,249.0,2.22072758625,1.52,177.6582069,101.0,Calculado,Mapeado,18.620727586250002,14.88,0,9.118,8.852,0.0,32,2.48,1.52,0.165,0.101,18.88,18.620727586250002,18.620727586250002
42,Areatza,1245,901,True,1523.0,1078.0,3.34813628,0.91846033625,267.8509024,73.4768269,Calculado,Calculado,27.896596616249997,23.63,0,17.053,16.879,0.0,31,1.67,0.93,0.111,0.062,26.23,27.896596616249997,27.896596616249997
43,Areeta/Las Arenas,25409,903,True,6.0,2064.0,7.27476440375,2.5,581.9811523,166.0,Calculado,Mapeado,31.54476440375,21.77,0,11.434,10.765,0.0,21,7.55,2.5,0.503,0.166,31.82,31.54476440375,31.54476440375
44,Areiltza-Olatzar,76,901,True,1322.0,1078.0,1.56526593375,0.91846033625,125.2212747,73.4768269,Calculado,Calculado,55.853726269999996,53.37,1,24.543,24.363,10.05,11,1.78,0.93,0.119,0.062,56.08,55.853726269999996,65.90372626999999
45,Areitio,35,901,True,1422.0,1078.0,8.7827784675,0.91846033625,702.6222774,73.4768269,Calculado,Calculado,42.75123880375,33.05,1,32.087,31.503,0.4,20,7.82,0.93,0.521,0.062,41.8,42.75123880375,43.15123880375
46,Arenao,7,903,True,1744.0,284.0,9.96026555625,2.53,796.8212445,169.0,Calculado,Mapeado,64.57026555624999,52.08,0,25.028,24.568,0.0,21,4.38,2.53,0.292,0.169,59.0,64.57026555624999,64.57026555624999
47,Arene,487,901,True,1567.0,1005.0,1.6271509600000005,1.089115005,130.1720768,87.1292004,Calculado,Calculado,44.63626596500001,41.92,0,18.927,18.725,0.0,27,1.92,1.1,0.128,0.074,44.93,44.63626596500001,44.63626596500001
48,Aretxalde,544,903,True,463.0,278.0,15.09329468125,2.5,1207.4635745,166.0,Calculado,Mapeado,65.66329468125,48.07,1,21.885,21.558,12.77,19,2.4,2.5,0.16,0.166,52.97,65.66329468125,78.43329468124999
49,Arizgoiti,33744,901,True,196.0,1005.0,4.25314280625,1.089115005,340.2514245,87.1292004,Calculado,Calculado,20.77225781125,15.43,0,8.146,7.867,0.0,68,2.38,1.8,0.159,0.12,19.62,20.77225781125,20.77225781125
50,Arkotxa,900,901,True,1356.0,1005.0,4.8836529275,1.089115005,390.6922342,87.1292004,Calculado,Calculado,15.3027679325,9.33,0,5.068,4.754,0.0,123,3.6,1.1,0.241,0.074,14.03,15.3027679325,15.3027679325
51,Arkulanda,66,901,True,1320.0,1078.0,2.85127564125,0.91846033625,228.1020513,73.4768269,Calculado,Calculado,58.5197359775,54.75,1,25.373,25.145,10.05,11,2.48,0.93,0.165,0.062,58.17,58.5197359775,68.5697359775
52,Armintza,608,903,True,2109.0,2064.0,0.4082983462499999,2.5,32.6638677,166.0,Calculado,Mapeado,92.32829834625001,89.42,2,37.698,37.518,25.43,25,0.2,2.5,0.014,0.166,92.12,92.32829834625001,117.75829834625
53,Armotxerria,48,901,True,1109.0,1078.0,12.05358385875,0.91846033625,964.2867087,73.4768269,Calculado,Calculado,53.222044195,40.25,1,24.752,24.146,6.07,17,8.17,0.93,0.544,0.062,49.35,53.222044195,59.292044195
54,Arraibi,365,901,True,1536.0,1078.0,0.86095978875,0.91846033625,68.8767831,73.4768269,Calculado,Calculado,11.109420125,9.33,0,5.893,5.777,0.0,60,0.82,0.93,0.055,0.062,11.08,11.109420125,11.109420125
55,Arraño,53,901,True,331603.0,1078.0,35.40212754125,0.91846033625,2832.1702033,73.4768269,Calculado,Calculado,48.420587877500004,12.1,0,8.343,7.222,0.0,43,15.88,0.93,1.058,0.062,28.92,48.420587877500004,48.420587877500004
56,Arrazola,58,901,True,2232.0,1078.0,1.21346450125,0.91846033625,97.0771601,73.4768269,Calculado,Calculado,58.7519248375,56.62,1,32.64,32.475,16.25,14,1.55,0.93,0.103,0.062,59.1,58.7519248375,75.0019248375
57,Arriaga,512,903,True,92.0,2064.0,20.58174676875,2.5,1646.5397415,166.0,Calculado,Mapeado,47.351746768750004,24.27,1,11.924,11.258,4.43,11,7.5,2.5,0.5,0.166,34.27,47.351746768750004,51.781746768750004
58,Arrigorriaga,6159,901,True,203.0,1004.0,4.9353690225,2.95083712375,394.8295218,236.0669699,Calculado,Calculado,36.40620614625,28.52,0,11.966,11.691,0.0,36,2.32,1.8,0.155,0.12,32.63,36.40620614625,36.40620614625
59,Arta,30,901,True,999.0,1078.0,43.77141175625,0.91846033625,3501.7129405,73.4768269,Calculado,Calculado,82.3698720925,37.68,0,37.246,36.079,0.0,15,16.57,0.93,1.105,0.062,55.18,82.3698720925,82.3698720925
60,Artatza,925,904,True,41.0,2219.0,7.132207124999999,0.79330144375,570.57657,63.4641155,Calculado,Calculado,32.07550856875,24.15,0,10.925,10.529,0.0,15,5.0,0.93,0.334,0.062,30.08,32.07550856875,32.07550856875
61,Artatzagana,1185,904,True,2150.0,1594.0,1.05851567875,6.41921255125,84.6812543,513.5370041,Calculado,Calculado,30.02772823,22.55,0,11.15,10.703,0.0,22,0.87,5.85,0.058,0.39,29.27,30.02772823,30.02772823
62,Arteaga (San Martin),2381,903,True,466.0,2064.0,2.00973798375,2.5,160.7790387,166.0,Calculado,Mapeado,44.83973798375,40.33,1,16.808,16.495,12.77,15,2.2,2.5,0.146,0.166,45.03,44.83973798375,57.609737983749994
63,Arteaga Derio,3761,903,True,512.0,2064.0,15.53450215,2.5,1242.760172,166.0,Calculado,Mapeado,39.90450215,21.87,0,15.093,14.314,0.0,13,9.18,2.5,0.612,0.166,33.55,39.90450215,39.90450215
64,Aspiuntza,30,901,True,1348.0,1005.0,53.8101867725,1.089115005,4304.8149418,87.1292004,Calculado,Calculado,88.1493017775,33.25,0,16.077,13.877,0.0,40,31.9,1.1,2.126,0.074,66.25,88.1493017775,88.1493017775
65,Asteitza,45,901,True,1394.0,1078.0,5.4229442325,0.91846033625,433.8355386,73.4768269,Calculado,Calculado,10.46140456875,4.12,0,3.019,2.532,0.0,65,6.37,0.93,0.424,0.062,11.42,10.46140456875,10.46140456875
66,Astepe,50,901,True,1388.0,1078.0,1.8441773825,0.91846033625,147.5341906,73.4768269,Calculado,Calculado,15.59263771875,12.83,0,8.74,8.587,0.0,30,1.35,0.93,0.09,0.062,15.12,15.59263771875,15.59263771875
67,Asterria,43,901,True,2174.0,1078.0,30.140410107500003,0.91846033625,2411.2328086,73.4768269,Calculado,Calculado,56.588870443750004,25.53,0,19.1,18.178,0.0,34,12.88,0.93,0.859,0.062,39.35,56.588870443750004,56.588870443750004
68,Asterrika,28,901,True,1490.0,1078.0,37.09289674875,0.91846033625,2967.4317399,73.4768269,Calculado,Calculado,98.941357085,60.93,0,51.763,50.987,0.0,15,10.7,0.93,0.713,0.062,72.57,98.941357085,98.941357085
69,Astrabudua,10312,903,True,56.0,283.0,11.02825626875,4.08,882.2605015,272.0,Calculado,Mapeado,49.158256268749994,34.05,2,13.563,12.764,4.17,31,7.9,4.08,0.527,0.272,46.03,49.158256268749994,53.328256268749996
70,Atxondoa,53,901,True,1107.0,1078.0,3.624252665,0.91846033625,289.9402132,73.4768269,Calculado,Calculado,46.67271300125,42.13,1,25.376,25.132,6.07,17,2.73,0.93,0.182,0.062,45.8,46.67271300125,52.74271300125
71,Atxuri,155,904,True,1631.0,2220.0,9.44478875,0.90773412,755.5831,72.6187296,Calculado,Calculado,28.832522870000002,18.48,0,12.144,11.378,0.0,15,10.8,0.7,0.719,0.047,29.98,28.832522870000002,28.832522870000002
72,Aulesti,372,901,True,1257.0,1078.0,3.84506127,0.91846033625,307.6049016,73.4768269,Calculado,Calculado,72.41352160625001,67.65,0,44.102,43.838,0.0,8,3.03,0.93,0.202,0.062,71.62,72.41352160625001,72.41352160625001
73,Axpe-San Bartolome,787,901,True,1101.0,1078.0,1.0279030275,0.91846033625,82.2322422,73.4768269,Calculado,Calculado,51.49636336375,49.55,1,31.054,30.903,6.07,17,1.33,0.93,0.089,0.062,51.82,51.49636336375,57.56636336375
74,Azurreka,33,901,True,1536.0,1078.0,9.93493330375,0.91846033625,794.7946643,73.4768269,Calculado,Calculado,20.18339364,9.33,0,6.402,5.777,0.0,64,8.45,0.93,0.563,0.062,18.72,20.18339364,20.18339364
75,Bakixa,22,901,True,1413.0,1078.0,29.231624,0.91846033625,2338.52992,73.4768269,Calculado,Calculado,52.400084336249996,22.25,0,17.478,16.37,0.0,38,15.68,0.93,1.046,0.062,38.87,52.400084336249996,52.400084336249996
76,Baldatika,32,901,True,1109.0,1078.0,38.3176875575,0.91846033625,3065.4150046,73.4768269,Calculado,Calculado,79.48614789375,40.25,1,26.355,24.146,6.07,17,32.2,0.93,2.147,0.062,73.38,79.48614789375,85.55614789375
77,Balmaseda,7575,903,True,679.0,283.0,14.31589673125,4.08,1145.2717385,272.0,Calculado,Mapeado,69.81589673124999,51.42,0,37.451,36.624,0.0,14,8.33,4.08,0.556,0.272,63.83,69.81589673124999,69.81589673124999
78,Barainka,6,901,True,1047.0,1078.0,19.47149238625,0.91846033625,1557.7193909,73.4768269,Calculado,Calculado,91.23995272249999,70.85,0,50.226,48.807,0.0,8,20.35,0.93,1.357,0.062,92.13,91.23995272249999,91.23995272249999
79,Baratz Eder,89,901,True,1219.0,1078.0,9.524628675,0.91846033625,761.970294,73.4768269,Calculado,Calculado,73.09308901125,62.65,1,38.359,37.304,6.07,17,14.9,0.93,0.993,0.062,78.48,73.09308901125,79.16308901125001
80,Bargondia,56,901,True,1975.0,1078.0,45.26120641875,0.91846033625,3620.8965135,73.4768269,Calculado,Calculado,73.649666755,27.47,0,16.71,15.741,0.0,15,13.6,0.93,0.907,0.062,42.0,73.649666755,73.649666755
81,Basauntz,59,901,True,1532.0,1078.0,10.751323935,0.91846033625,860.1059148,73.4768269,Calculado,Calculado,26.34978427125,14.68,0,9.964,9.793,0.0,37,1.63,0.93,0.109,0.062,17.25,26.34978427125,26.34978427125
82,Baserri-Santa Ana,2494,904,True,2077.0,2219.0,4.91335080375,0.79330144375,393.0680643,63.4641155,Calculado,Calculado,22.856652247499998,17.15,0,7.056,6.736,0.0,15,3.88,0.93,0.258,0.062,21.97,22.856652247499998,22.856652247499998
83,Basetxeta-Atxoste,24,901,True,1059.0,1078.0,16.383018817499998,0.91846033625,1310.6415054,73.4768269,Calculado,Calculado,62.33147915375,45.03,0,34.062,32.862,0.0,8,17.07,0.93,1.137,0.062,63.03,62.33147915375,62.33147915375
84,Basozabal,3737,903,True,475.0,2064.0,1.154984505,2.5,92.3987604,166.0,Calculado,Mapeado,21.574984505000003,17.92,0,11.612,11.35,0.0,13,1.45,2.5,0.096,0.166,21.87,21.574984505000003,21.574984505000003
85,Batiz,37,904,True,1192.0,2220.0,25.36070007375,0.90773412,2028.8560059,72.6187296,Calculado,Calculado,85.14843419375,58.88,1,18.198,17.539,25.72,5,9.18,0.7,0.612,0.047,68.77,85.14843419375,110.86843419375
86,Bedaroa,38,901,True,1862.0,1078.0,0.7940414474999999,0.91846033625,63.5233158,73.4768269,Calculado,Calculado,70.16250178375002,68.45,0,47.115,47.014,0.0,8,0.58,0.93,0.038,0.062,69.97,70.16250178375002,70.16250178375002
87,Begoñako Ama,35,904,True,7.0,2219.0,7.14562119,0.79330144375,571.6496952,63.4641155,Calculado,Calculado,48.538922633750005,40.6,1,13.902,13.505,6.65,21,5.02,0.93,0.334,0.062,46.55,48.538922633750005,55.18892263375
88,Bekea,71,901,True,957.0,1005.0,7.066631940000001,1.089115005,565.3305552,87.1292004,Calculado,Calculado,10.625746945000001,2.47,0,2.575,2.062,0.0,136,6.6,1.1,0.44,0.074,10.17,10.625746945000001,10.625746945000001
89,Bengoetxea,45,901,True,1561.0,1004.0,1.27525690375,2.95083712375,102.0205523,236.0669699,Calculado,Calculado,79.89609402750001,75.67,0,32.822,32.65,0.0,23,0.77,1.8,0.051,0.12,78.23,79.89609402750001,79.89609402750001
90,Berango,4544,904,True,2080.0,2219.0,5.86429660625,0.79330144375,469.1437285,63.4641155,Calculado,Calculado,21.00759805,14.35,0,5.981,5.592,0.0,22,4.92,0.93,0.328,0.062,20.2,21.00759805,21.00759805
91,Bermeo,16507,901,True,1096.0,1078.0,3.79248198,0.91846033625,303.3985584,73.4768269,Calculado,Calculado,67.36094231625,62.65,1,37.602,37.304,6.07,17,3.55,0.93,0.237,0.062,67.13,67.36094231625,73.43094231625
92,Bernagoitia,36,901,True,1413.0,1078.0,35.8706173075,0.91846033625,2869.6493846,73.4768269,Calculado,Calculado,59.03907764375,22.25,0,17.827,16.37,0.0,38,20.92,0.93,1.394,0.062,44.1,59.03907764375,59.03907764375
93,Bernales,26,902,True,750.0,209.0,63.1924555825,1.58,5055.3964466,106.0,Calculado,Mapeado,144.39245558250002,79.62,2,55.49,52.171,8.85,7,48.18,1.58,3.213,0.106,129.38,144.39245558250002,153.2424555825
94,Berreagamendi,2046,904,True,1692.0,2220.0,0.4115104025,0.90773412,32.9208322,72.6187296,Calculado,Calculado,44.6392445225,43.32,1,19.323,19.243,5.5,15,0.5,0.7,0.034,0.047,44.52,44.6392445225,50.1392445225
95,Berrio-Aldape,100,901,True,1483.0,1078.0,32.49465461,0.91846033625,2599.5723688,73.4768269,Calculado,Calculado,87.41311494625,54.0,0,33.59,31.914,0.0,30,24.2,0.93,1.613,0.062,79.13,87.41311494625,87.41311494625
96,Berriz-Olakueta,3804,901,True,1714.0,1078.0,2.1402040225,0.91846033625,171.2163218,73.4768269,Calculado,Calculado,26.45866435875,23.4,0,27.486,27.174,0.0,15,3.75,0.93,0.25,0.062,28.08,26.45866435875,26.45866435875
97,Bezi,36,903,True,811.0,278.0,15.73442221625,4.08,1258.7537773,272.0,Calculado,Mapeado,92.11442221624999,72.3,1,32.504,31.287,12.52,7,14.18,4.08,0.946,0.272,90.57,92.11442221624999,104.63442221624999
98,Biáñez,79,902,True,748.0,209.0,17.8635540625,1.58,1429.084325,106.0,Calculado,Mapeado,96.4235540625,76.98,2,50.552,49.584,8.85,7,12.93,1.58,0.862,0.106,91.5,96.4235540625,105.2735540625
99,Bidekoetxea,41,901,True,1394.0,1078.0,2.3134517312500003,0.91846033625,185.0761385,73.4768269,Calculado,Calculado,7.351912067500001,4.12,0,2.766,2.532,0.0,65,2.57,0.93,0.171,0.062,7.62,7.351912067500001,7.351912067500001
100,Bikarregi,94,901,True,1973.0,1078.0,40.08112193875,0.91846033625,3206.4897551,73.4768269,Calculado,Calculado,65.36958227500001,24.37,0,15.875,14.126,0.0,15,25.3,0.93,1.687,0.062,50.6,65.36958227500001,65.36958227500001
101,Bilbao,348605,902,True,1823.0,209.0,3.880949215,1.58,310.4759372,106.0,Calculado,Mapeado,8.190949215,2.73,0,1.883,1.33,0.0,207,6.72,1.58,0.448,0.106,11.03,8.190949215,8.190949215
102,Bolibar,174,901,True,1493.0,1078.0,25.32566284875,0.91846033625,2026.0530279,73.4768269,Calculado,Calculado,67.69412318500001,41.45,0,40.308,38.422,0.0,15,27.35,0.93,1.823,0.062,69.73,67.69412318500001,67.69412318500001
103,Bollain,36,902,True,784.0,209.0,21.2243718575,1.58,1697.9497486,106.0,Calculado,Mapeado,101.0543718575,78.25,2,51.72,50.614,8.85,7,15.0,1.58,1.0,0.106,94.83,101.0543718575,109.9043718575
104,Bolunburu,40,901,True,1389.0,1078.0,3.20522266625,0.91846033625,256.4178133,73.4768269,Calculado,Calculado,15.4536830025,11.33,0,7.42,7.027,0.0,30,4.95,0.93,0.33,0.062,17.22,15.4536830025,15.4536830025
105,Botiola,36,904,True,1761.0,2220.0,25.55555867625,0.90773412,2044.4446941,72.6187296,Calculado,Calculado,71.21329279625,44.75,1,20.667,19.388,9.52,2,18.5,0.7,1.233,0.047,63.95,71.21329279625,80.73329279625
106,Brisketa,27,901,True,182.0,1005.0,24.8330889525,1.089115005,1986.6471162,87.1292004,Calculado,Calculado,48.2222039575,22.3,0,10.429,9.557,0.0,51,11.97,1.1,0.798,0.074,35.37,48.2222039575,48.2222039575
107,Burbustu-Altamira,6,901,True,178.0,1004.0,31.48797414875,2.95083712375,2519.0379319,236.0669699,Calculado,Calculado,62.0588112725,27.62,0,12.708,11.515,0.0,46,16.08,1.8,1.072,0.12,45.5,62.0588112725,62.0588112725
108,Cadegal,27,903,True,587.0,284.0,27.267207685,2.53,2181.3766148,169.0,Calculado,Mapeado,42.527207685,12.73,0,9.742,8.913,0.0,31,9.92,2.53,0.661,0.169,25.18,42.527207685,42.527207685
109,Centro Civico,743,904,True,11.0,2219.0,2.5115688425,0.79330144375,200.9255074,63.4641155,Calculado,Calculado,29.70487028625,26.4,0,11.641,11.46,0.0,15,1.78,0.93,0.119,0.062,29.12,29.70487028625,29.70487028625
110,Cobarón,81,903,True,710.0,284.0,0.96348907,4.08,77.0791256,272.0,Calculado,Mapeado,60.89348907,55.85,1,23.705,23.391,0.03,8,0.63,4.08,0.042,0.272,60.57,60.89348907,60.92348907
111,Concha,452,902,True,750.0,209.0,1.71496319,1.58,137.1970552,106.0,Calculado,Mapeado,82.91496319000001,79.62,2,52.413,52.171,8.85,7,2.03,1.58,0.135,0.106,83.23,82.91496319000001,91.76496319
112,Cotorrio,25,903,True,580.0,284.0,31.34191632125,2.53,2507.3533057,169.0,Calculado,Mapeado,66.44191632125,32.57,0,18.348,17.273,0.0,38,13.6,2.53,0.907,0.169,48.7,66.44191632125,66.44191632125
113,Cueto,36,902,True,2185.0,209.0,21.82204902625,1.58,1745.7639221,106.0,Calculado,Mapeado,102.25204902624999,78.85,3,42.482,41.456,19.78,2,13.8,1.58,0.92,0.106,94.23,102.25204902624999,122.03204902625
114,Demiku,22,901,True,1096.0,1078.0,20.80055230125,0.91846033625,1664.0441841,73.4768269,Calculado,Calculado,84.3690126375,62.65,1,38.429,37.304,6.07,17,15.93,0.93,1.063,0.062,79.52,84.3690126375,90.43901263750001
115,Doneztebe,5752,901,True,169.0,1005.0,3.81224063625,1.089115005,304.9792509,87.1292004,Calculado,Calculado,17.23135564125,12.33,0,8.286,7.966,0.0,70,3.7,1.1,0.246,0.074,17.13,17.23135564125,17.23135564125
116,Dudea,25,901,True,1382.0,1078.0,12.16766766875,0.91846033625,973.4134135,73.4768269,Calculado,Calculado,32.836128005,19.75,0,14.344,13.537,0.0,38,11.18,0.93,0.745,0.062,31.87,32.836128005,32.836128005
117,Durandio,7,901,True,1393.0,1078.0,17.567223103750003,0.91846033625,1405.3778483,73.4768269,Calculado,Calculado,24.915683440000002,6.43,0,3.942,3.556,0.0,65,4.85,0.93,0.323,0.062,12.22,24.915683440000002,24.915683440000002
118,Durango,29816,901,True,1375.0,1078.0,7.986715173749999,0.91846033625,638.9372139,73.4768269,Calculado,Calculado,24.20517551,15.3,0,20.63,20.054,0.0,34,7.72,0.93,0.515,0.062,23.95,24.20517551,24.20517551
119,Ea,448,901,True,1048.0,1078.0,1.83149356375,0.91846033625,146.5194851,73.4768269,Calculado,Calculado,65.91995390000001,63.17,0,44.736,44.583,0.0,8,1.35,0.93,0.09,0.062,65.45,65.91995390000001,65.91995390000001
120,Eitzaga,78,901,True,1419.0,1078.0,36.53915675875,0.91846033625,2923.1325407,73.4768269,Calculado,Calculado,75.377617095,37.92,1,37.699,35.981,0.4,36,24.85,0.93,1.656,0.062,63.7,75.377617095,75.77761709500001
121,El Callejo,72,902,True,786.0,209.0,0.3399924,1.58,27.199392,106.0,Calculado,Mapeado,78.4499924,76.53,2,49.38,49.222,8.85,7,0.78,1.58,0.052,0.106,78.9,78.4499924,87.2999924
122,El Campillo,31,903,True,620.0,284.0,1.921460905,2.53,153.7168724,169.0,Calculado,Mapeado,27.021460905,22.57,0,14.743,13.682,0.0,41,13.38,2.53,0.892,0.169,38.48,27.021460905,27.021460905
123,El Casal,482,903,True,624.0,284.0,2.2804269475,2.53,182.4341558,169.0,Calculado,Mapeado,24.2404269475,19.43,0,12.796,12.506,0.0,31,1.82,2.53,0.121,0.169,23.78,24.2404269475,24.2404269475
124,El Castaño,251,903,True,662.0,284.0,0.31281822375,2.53,25.0254579,169.0,Calculado,Mapeado,61.06281822375,58.22,1,27.789,27.578,7.52,14,0.63,2.53,0.042,0.169,61.38,61.06281822375,68.58281822375
125,El Puerto,159,903,True,561.0,245.0,3.2140743487500005,4.57,257.1259479,304.0,Calculado,Mapeado,45.814074348750005,38.03,1,15.199,14.71,4.82,28,2.78,4.57,0.185,0.304,45.38,45.814074348750005,50.634074348750005
126,El Ventorro,30,903,True,1744.0,284.0,1.75861780625,2.53,140.6894245,169.0,Calculado,Mapeado,56.36861780625,52.08,0,24.864,24.568,0.0,21,1.92,2.53,0.128,0.169,56.53,56.36861780625,56.36861780625
127,El Villar,26,903,True,417.0,284.0,10.6187403575,2.53,849.4992286,169.0,Calculado,Mapeado,37.248740357500004,24.1,1,13.656,13.14,2.85,108,5.22,2.53,0.348,0.169,31.85,37.248740357500004,40.098740357500006
128,Elantxobe,337,901,True,1032.0,1078.0,0.794466335,0.91846033625,63.5573068,73.4768269,Calculado,Calculado,54.26292667125,52.55,0,38.419,38.313,0.0,8,0.67,0.93,0.044,0.062,54.15,54.26292667125,54.26292667125
129,Eleizaldea,113,901,True,1252.0,1078.0,0.7308817237499999,0.91846033625,58.4705379,73.4768269,Calculado,Calculado,77.46934206,75.82,0,49.178,49.085,0.0,8,0.47,0.93,0.031,0.062,77.22,77.46934206,77.46934206
130,Elexabeitia,31,901,True,1328.0,1078.0,9.5321865675,0.91846033625,762.5749254,73.4768269,Calculado,Calculado,31.500646903750003,21.05,0,15.818,15.156,0.0,32,9.0,0.93,0.6,0.062,30.98,31.500646903750003,31.500646903750003
131,Elexalde Amoroto,171,901,True,1246.0,1078.0,21.58872579125,0.91846033625,1727.0980633,73.4768269,Calculado,Calculado,101.40718612750001,78.9,0,52.763,51.58,0.0,24,16.82,0.93,1.121,0.062,96.65,101.40718612750001,101.40718612750001
132,Elexalde Bakio,368,904,True,1142.0,2220.0,5.66922335,0.90773412,453.537868,72.6187296,Calculado,Calculado,49.456957470000006,42.88,1,23.523,23.124,1.37,15,5.28,0.7,0.352,0.047,48.87,49.456957470000006,50.82695747
133,Elexalde Basauri,3445,901,True,182.0,1005.0,3.97670309875,1.089115005,318.1362479,87.1292004,Calculado,Calculado,27.36581810375,22.3,0,9.889,9.557,0.0,40,3.87,1.1,0.258,0.074,27.27,27.36581810375,27.36581810375
134,Elexalde Bedia,335,901,True,1394.0,1078.0,1.98229401375,0.91846033625,158.5835211,73.4768269,Calculado,Calculado,7.02075435,4.12,0,2.744,2.532,0.0,65,2.25,0.93,0.149,0.062,7.3,7.02075435,7.02075435
135,Elexalde Derio,753,903,True,1126.0,2064.0,11.90212889625,2.5,952.1703117,166.0,Calculado,Mapeado,39.67212889625,25.27,0,16.072,15.588,0.0,13,4.77,2.5,0.318,0.166,32.53,39.67212889625,39.67212889625
136,Elexalde Forua,474,901,True,1107.0,1078.0,3.18230450375,0.91846033625,254.5843603,73.4768269,Calculado,Calculado,46.23076484,42.13,1,25.28,25.132,6.07,17,1.3,0.93,0.086,0.062,44.37,46.23076484,52.30076484
137,Elexalde Galdakao,300,901,True,957.0,1005.0,13.24061896375,1.089115005,1059.2495171,87.1292004,Calculado,Calculado,16.79973396875,2.47,0,2.602,2.062,0.0,147,7.0,1.1,0.466,0.074,10.57,16.79973396875,16.79973396875
138,Elexalde Gamiz,183,904,True,1761.0,2220.0,2.12009847875,0.90773412,169.6078783,72.6187296,Calculado,Calculado,47.77783259875,44.75,1,19.598,19.388,9.52,2,2.45,0.7,0.164,0.047,47.9,47.77783259875,57.297832598750006
139,Elexalde Gorliz,3851,904,True,2188.0,1648.0,5.32926149125,6.839990448749999,426.3409193,547.1992359,Calculado,Calculado,22.28925194,10.12,0,7.451,6.772,0.0,6,4.17,6.03,0.277,0.402,20.32,22.28925194,22.28925194
140,Elexalde Ibarrangelu,431,901,True,1055.0,1078.0,9.233441205,0.91846033625,738.6752964,73.4768269,Calculado,Calculado,59.33190154125,49.18,0,37.063,36.591,0.0,8,6.15,0.93,0.41,0.062,56.27,59.33190154125,59.33190154125
141,Elexalde Igorre,1765,901,True,1660.0,1078.0,2.26345908875,0.91846033625,181.0767271,73.4768269,Calculado,Calculado,19.061919425,15.88,0,10.805,10.636,0.0,40,1.6,0.93,0.106,0.062,18.42,19.061919425,19.061919425
142,Elexalde Larrabetzu,93,901,True,455.0,1078.0,1.57128476625,0.91846033625,125.7027813,73.4768269,Calculado,Calculado,12.959745102500001,10.47,0,7.334,7.168,0.0,10,1.55,0.93,0.103,0.062,12.95,12.959745102500001,12.959745102500001
143,Elexalde Laukiz,165,903,True,1802.0,2064.0,2.671775835,2.5,213.7420668,166.0,Calculado,Mapeado,64.541775835,59.37,1,27.316,27.04,0.07,16,1.65,2.5,0.111,0.166,63.52,64.541775835,64.61177583499999
144,Elexalde Leioa,9378,904,True,10.0,2219.0,5.2774690725,0.79330144375,422.1975258,63.4641155,Calculado,Calculado,33.39077051625,27.32,0,12.035,11.839,0.0,15,2.0,0.93,0.134,0.062,30.25,33.39077051625,33.39077051625
145,Elexalde Mendata,78,901,True,1268.0,1078.0,23.5408681925,0.91846033625,1883.2694554,73.4768269,Calculado,Calculado,74.48932852875001,50.03,0,33.713,32.559,0.0,8,16.38,0.93,1.092,0.062,67.35,74.48932852875001,74.48932852875001
146,Elexalde Nabarniz,91,901,True,1723.0,1078.0,52.81648708,0.91846033625,4225.3189664,73.4768269,Calculado,Calculado,118.60494741625001,64.87,0,45.794,42.483,0.0,8,48.73,0.93,3.249,0.062,114.53,118.60494741625001,118.60494741625001
147,Elexalde Orduña,13,901,True,1939.0,1005.0,48.3385519775,1.089115005,3867.0841582,87.1292004,Calculado,Calculado,127.0476669825,77.62,0,41.146,39.283,0.0,7,26.83,1.1,1.789,0.074,105.55,127.0476669825,127.0476669825
148,Elexalde Barrika,722,904,True,2161.0,1648.0,4.14315231625,6.839990448749999,331.4521853,547.1992359,Calculado,Calculado,24.303142764999997,13.32,1,9.572,8.994,0.12,5,2.63,6.03,0.176,0.402,21.98,24.303142764999997,24.423142764999998
149,Elexalde-Olabarri,26,901,True,1166.0,1005.0,41.35772534125,1.089115005,3308.6180273,87.1292004,Calculado,Calculado,84.84684034624999,42.4,2,23.504,21.801,4.65,6,24.43,1.1,1.629,0.074,67.93,84.84684034624999,89.49684034625
150,Elexalde-Zeeta,93,901,True,1059.0,1078.0,21.047212135,0.91846033625,1683.7769708,73.4768269,Calculado,Calculado,66.99567247125,45.03,0,34.258,32.862,0.0,8,20.0,0.93,1.333,0.062,65.97,66.99567247125,66.99567247125
151,Elguero,115,903,True,832.0,284.0,7.4525528925,2.53,596.2042314,169.0,Calculado,Mapeado,19.2525528925,9.27,0,5.527,5.126,0.0,36,3.48,2.53,0.232,0.169,15.28,19.2525528925,19.2525528925
152,Elizondo,138,901,True,1392.0,1078.0,6.464095777500001,0.91846033625,517.1276622,73.4768269,Calculado,Calculado,14.832556113750002,7.45,0,4.794,4.405,0.0,65,4.9,0.93,0.326,0.062,13.28,14.832556113750002,14.832556113750002
153,Elorriaga,20,901,True,1537.0,1078.0,21.35596018375,0.91846033625,1708.4768147,73.4768269,Calculado,Calculado,37.60442052,15.33,1,9.708,8.465,0.1,45,17.72,0.93,1.181,0.062,33.98,37.60442052,37.70442052
154,Elorrio,6578,901,True,1485.0,1078.0,5.22370247625,0.91846033625,417.8961981,73.4768269,Calculado,Calculado,58.5921628125,52.45,0,31.722,31.298,0.0,30,5.42,0.93,0.361,0.062,58.8,58.5921628125,58.5921628125
155,Elortza,1589,904,True,1647.0,2220.0,3.451545445,0.90773412,276.1236356,72.6187296,Calculado,Calculado,7.729279565,3.37,0,1.315,1.112,0.0,21,2.33,0.7,0.156,0.047,6.4,7.729279565,7.729279565
156,Elotxelerri,418,903,True,473.0,2064.0,1.7098828950000002,2.5,136.7906316,166.0,Calculado,Mapeado,23.189882895,18.98,0,12.457,12.209,0.0,13,1.23,2.5,0.082,0.166,22.72,23.189882895,23.189882895
157,Erandiogoikoa,988,903,True,1809.0,2064.0,6.31785039875,2.5,505.4280319,166.0,Calculado,Mapeado,20.58785039875,11.77,0,8.098,7.762,0.0,13,2.53,2.5,0.169,0.166,16.8,20.58785039875,20.58785039875
158,Erbera,441,901,True,978.0,1078.0,33.59047823625,0.91846033625,2687.2382589,73.4768269,Calculado,Calculado,80.7389385725,46.23,0,44.052,41.585,0.0,15,36.07,0.93,2.405,0.062,83.23,80.7389385725,80.7389385725
159,Ergoien Gamiz,89,904,True,1765.0,2220.0,1.66877621,0.90773412,133.5020968,72.6187296,Calculado,Calculado,43.626510329999995,41.05,1,17.383,17.216,9.52,2,1.8,0.7,0.121,0.047,43.55,43.626510329999995,53.14651033
160,Ergoien Maruri,311,904,True,1613.0,2220.0,4.695260245,0.90773412,375.6208196,72.6187296,Calculado,Calculado,37.252994365,31.65,1,10.316,9.988,16.7,15,4.23,0.7,0.282,0.047,36.58,37.252994365,53.952994364999995
161,Ermitabarri-Ibarra,37,901,True,1327.0,1078.0,2.01042800125,0.91846033625,160.8342401,73.4768269,Calculado,Calculado,50.158888337499995,47.23,1,21.094,20.929,10.05,9,1.53,0.93,0.102,0.062,49.7,50.158888337499995,60.2088883375
162,Ermua,15615,901,True,1420.0,1078.0,2.4948969175,0.91846033625,199.5917534,73.4768269,Calculado,Calculado,39.56335725375,36.15,1,35.289,35.042,0.4,25,2.78,0.93,0.185,0.062,39.87,39.56335725375,39.96335725375
163,Eroso-Ugarte,33,901,True,1395.0,1078.0,17.18499881625,0.91846033625,1374.7999053,73.4768269,Calculado,Calculado,20.2334591525,2.13,0,2.502,1.603,0.0,65,12.55,0.93,0.837,0.062,15.62,20.2334591525,20.2334591525
164,Errekalde,64,901,True,331603.0,1078.0,20.43127811875,0.91846033625,1634.5022495,73.4768269,Calculado,Calculado,33.449738455,12.1,0,7.741,7.222,0.0,41,6.85,0.93,0.456,0.062,19.88,33.449738455,33.449738455
165,Errekatxo/El Regato,324,900,True,295.0,271.0,50.12691231875,1.57028923875,4010.1529855,125.6231391,Calculado,Calculado,61.7772015575,10.08,0,7.95,5.054,0.0,78,41.33,2.12,2.755,0.141,53.53,61.7772015575,61.7772015575
166,Errenteria,2512,901,True,1690.0,1078.0,1.84648708125,0.91846033625,147.7189665,73.4768269,Calculado,Calculado,35.814947417499994,33.05,0,24.871,24.69,0.0,16,1.77,0.93,0.118,0.062,35.75,35.814947417499994,35.814947417499994
167,Erribera,905,901,True,1491.0,1078.0,1.19569509125,0.91846033625,95.6556073,73.4768269,Calculado,Calculado,58.0841554275,55.97,0,49.199,49.086,0.0,15,0.75,0.93,0.05,0.062,57.65,58.0841554275,58.0841554275
168,Errigoiti,73,901,True,1163.0,1005.0,41.86090208,1.089115005,3348.8721664,87.1292004,Calculado,Calculado,87.82001708499999,44.87,2,25.002,23.31,4.65,6,24.28,1.1,1.618,0.074,70.25,87.82001708499999,92.470017085
169,Esparta,21,901,True,1328.0,1078.0,5.3891337,0.91846033625,431.130696,73.4768269,Calculado,Calculado,27.35759403625,21.05,0,15.601,15.156,0.0,32,5.73,0.93,0.383,0.062,27.72,27.35759403625,27.35759403625
170,Estartetxe,956,904,True,12.0,2219.0,2.7072832775,0.79330144375,216.5826622,63.4641155,Calculado,Calculado,28.88058472125,25.38,0,11.243,11.043,0.0,22,2.07,0.93,0.138,0.062,28.38,28.88058472125,28.88058472125
171,Estaziñoa,76,901,True,1391.0,1078.0,2.009053675,0.91846033625,160.724294,73.4768269,Calculado,Calculado,11.69751401125,8.77,0,5.269,5.057,0.0,64,2.25,0.93,0.15,0.062,11.95,11.69751401125,11.69751401125
172,Etxano,74,901,True,1072.0,1078.0,32.71463937,0.91846033625,2617.1711496,73.4768269,Calculado,Calculado,50.78309970625,17.15,0,13.238,11.965,0.0,16,18.15,0.93,1.21,0.062,36.23,50.78309970625,50.78309970625
173,Euba,244,901,True,326934.0,1078.0,8.23088518875,0.91846033625,658.4708151,73.4768269,Calculado,Calculado,29.649345525,20.5,0,14.934,14.313,0.0,38,8.38,0.93,0.558,0.062,29.82,29.649345525,29.649345525
174,Gabika,66,901,True,1059.0,1078.0,55.90345654375,0.91846033625,4472.2765235,73.4768269,Calculado,Calculado,101.85191688,45.03,0,36.669,32.862,0.0,8,56.17,0.93,3.744,0.062,102.13,101.85191688,101.85191688
175,Gaitoka,25,901,True,1107.0,1078.0,8.79544210625,0.91846033625,703.6353685,73.4768269,Calculado,Calculado,47.3639024425,37.65,0,29.719,28.172,0.0,16,22.27,0.93,1.485,0.062,60.85,47.3639024425,47.3639024425
176,Galindo-Salcedillo,183,903,True,373.0,284.0,14.003841327500002,2.53,1120.3073062,169.0,Calculado,Mapeado,27.363841327500005,10.83,1,5.645,4.901,1.95,44,8.63,2.53,0.575,0.169,22.0,27.363841327500005,29.313841327500004
177,Gallarta,4142,903,True,623.0,284.0,2.00965921,2.53,160.7727368,169.0,Calculado,Mapeado,25.51965921,20.98,0,13.35,13.087,0.0,31,1.42,2.53,0.095,0.169,24.93,25.51965921,25.51965921
178,Gallartu,20,901,True,1554.0,1004.0,33.52774266875,2.95083712375,2682.2194135,236.0669699,Calculado,Calculado,127.29857979249999,90.82,0,41.873,39.581,0.0,4,32.57,1.8,2.172,0.12,125.18,127.29857979249999,127.29857979249999
179,Gandia,268,904,True,2131.0,1648.0,4.99730637875,6.839990448749999,399.7845103,547.1992359,Calculado,Calculado,18.837296827499998,7.0,0,5.674,4.998,0.0,6,4.12,6.03,0.275,0.402,17.15,18.837296827499998,18.837296827499998
180,Garai (San Migel),135,901,True,1427.0,1078.0,44.99496990125,0.91846033625,3599.5975921,73.4768269,Calculado,Calculado,64.66343023750001,18.75,0,24.879,22.065,0.0,45,41.28,0.93,2.752,0.062,60.97,64.66343023750001,64.66343023750001
181,Garaioltza,798,903,True,462.0,278.0,2.31731555125,2.5,185.3852441,166.0,Calculado,Mapeado,53.98731555125,49.17,1,22.608,22.292,12.77,20,2.23,2.5,0.149,0.166,53.9,53.98731555125,66.75731555125
182,Garbe,467,901,True,1530.0,1078.0,1.1986116175,0.91846033625,95.8889294,73.4768269,Calculado,Calculado,19.73707195375,17.62,0,11.502,11.368,0.0,40,1.08,0.93,0.072,0.062,19.63,19.73707195375,19.73707195375
183,Gardata-Artika,37,901,True,1043.0,1078.0,1.25764210625,0.91846033625,100.6113685,73.4768269,Calculado,Calculado,79.32610244250002,77.15,0,53.676,53.569,0.0,16,0.68,0.93,0.045,0.062,78.77,79.32610244250002,79.32610244250002
184,Gazaga,32,901,True,1425.0,1078.0,22.41792157,0.91846033625,1793.4337256,73.4768269,Calculado,Calculado,53.506381906250006,30.17,1,29.611,28.284,0.4,20,18.97,0.93,1.265,0.062,50.07,53.506381906250006,53.906381906250004
185,Gazeta,33,901,True,1483.0,1078.0,19.67472971375,0.91846033625,1573.9783771,73.4768269,Calculado,Calculado,74.59319005,54.0,0,33.314,31.914,0.0,30,20.05,0.93,1.337,0.062,74.98,74.59319005,74.59319005
186,Gerea,27,901,True,1511.0,1078.0,25.65431426125,0.91846033625,2052.3451409,73.4768269,Calculado,Calculado,87.24277459750002,60.67,1,51.34,50.099,3.13,26,17.68,0.93,1.179,0.062,79.28,87.24277459750002,90.37277459750001
187,Gernika-Lumo,12756,901,True,1065.0,1078.0,3.45027370125,0.91846033625,276.0218961,73.4768269,Calculado,Calculado,34.3487340375,29.98,0,22.853,22.595,0.0,16,2.93,0.93,0.196,0.062,33.85,34.3487340375,34.3487340375
188,Gerrikaitz,25,901,True,1262.0,1078.0,5.876431462499999,0.91846033625,470.114517,73.4768269,Calculado,Calculado,66.61489179875001,59.82,0,38.702,38.232,0.0,8,6.1,0.93,0.407,0.062,66.85,66.61489179875001,66.61489179875001
189,Gibelorratzagako San Pelaio,953,904,True,1139.0,2220.0,4.40607531625,0.90773412,352.4860253,72.6187296,Calculado,Calculado,54.533809436249996,49.22,1,25.181,24.898,1.37,15,3.55,0.7,0.237,0.047,53.47,54.533809436249996,55.90380943624999
190,Goierri,387,904,True,1593.0,2219.0,19.62031106625,0.79330144375,1569.6248853,63.4641155,Calculado,Calculado,27.98361251,7.57,0,4.114,2.74,0.0,26,19.67,0.93,1.311,0.062,28.17,27.98361251,27.98361251
191,Goitisoloalde,230,904,True,1142.0,2220.0,2.26494488875,0.90773412,181.1955911,72.6187296,Calculado,Calculado,46.052679008750005,42.88,1,23.331,23.124,1.37,15,2.42,0.7,0.161,0.047,46.0,46.052679008750005,47.42267900875
192,Goiuria,27,901,True,21786.0,1078.0,41.72898679,0.91846033625,3338.3189432,73.4768269,Calculado,Calculado,59.02744712625,16.38,1,21.568,20.178,0.77,40,19.92,0.93,1.328,0.062,37.23,59.02744712625,59.797447126250006
193,Gordón,22,902,True,2182.0,209.0,42.45288533375,1.58,3396.2308267,106.0,Calculado,Mapeado,124.13288533375,80.1,3,43.542,42.409,19.78,2,15.4,1.58,1.027,0.106,97.08,124.13288533375,143.91288533375
194,Gorgolas,23,903,True,733.0,278.0,37.8177963525,4.08,3025.4237082,272.0,Calculado,Mapeado,123.7677963525,81.87,1,40.96,38.74,12.52,7,29.22,4.08,1.948,0.272,115.17,123.7677963525,136.2877963525
195,Gorozika,50,901,True,1071.0,1078.0,20.34778080875,0.91846033625,1627.8224647,73.4768269,Calculado,Calculado,42.146241145,20.88,0,16.22,15.21,0.0,16,14.22,0.93,0.948,0.062,36.03,42.146241145,42.146241145
196,Güeñes,1819,902,True,642.0,209.0,0.9359457475,1.58,74.8756598,106.0,Calculado,Mapeado,28.235945747499997,25.72,1,18.016,17.853,4.93,45,0.85,1.58,0.057,0.106,28.15,28.235945747499997,33.1659457475
197,Gure Mendi,53,903,True,114254.0,284.0,8.82486123125,2.5,705.9888985,166.0,Calculado,Mapeado,95.40486123125,84.08,1,35.158,34.543,24.53,18,6.73,2.5,0.448,0.166,93.32,95.40486123125,119.93486123125
198,Gurutzalde,140,901,True,179.0,1004.0,11.31561804125,2.95083712375,905.2494433,236.0669699,Calculado,Calculado,40.966455165,26.7,0,11.951,11.185,0.0,39,9.68,1.8,0.646,0.12,38.18,40.966455165,40.966455165
199,Gutiolo,23,901,True,178.0,1004.0,38.87941376625,2.95083712375,3110.3531013,236.0669699,Calculado,Calculado,69.45025089,27.62,0,13.288,11.515,0.0,48,24.78,1.8,1.653,0.12,54.2,69.45025089,69.45025089
200,Herboso,10,902,True,789.0,209.0,13.29774508125,1.58,1063.8196065,106.0,Calculado,Mapeado,88.05774508125,73.18,2,47.652,46.608,8.85,7,14.07,1.58,0.937,0.106,88.83,88.05774508125,96.90774508125
201,Herrera,129,903,True,681.0,283.0,0.7162177075,4.08,57.2974166,272.0,Calculado,Mapeado,57.846217707499996,53.05,1,28.331,27.977,10.62,32,1.23,4.08,0.083,0.272,58.37,57.846217707499996,68.4662177075
202,Herriko Plaza,465,901,True,1328.0,1078.0,1.16629125375,0.91846033625,93.3033003,73.4768269,Calculado,Calculado,23.13475159,21.05,0,15.301,15.156,0.0,31,1.23,0.93,0.083,0.062,23.22,23.13475159,23.13475159
203,Ibarguen,41,901,True,1935.0,1078.0,7.10084609,0.91846033625,568.0676872,73.4768269,Calculado,Calculado,35.19930642625,27.18,0,19.957,19.606,0.0,31,4.32,0.93,0.288,0.062,32.43,35.19930642625,35.19930642625
204,Ibarra Bedia,183,901,True,1394.0,1078.0,7.2359334,0.91846033625,578.874672,73.4768269,Calculado,Calculado,12.274393736250001,4.12,0,3.148,2.532,0.0,65,8.3,0.93,0.553,0.062,13.35,12.274393736250001,12.274393736250001
205,Ibarra Orozko,107,901,True,1554.0,1004.0,5.08054823375,2.95083712375,406.4438587,236.0669699,Calculado,Calculado,98.85138535749999,90.82,0,39.911,39.581,0.0,4,3.15,1.8,0.21,0.12,95.77,98.85138535749999,98.85138535749999
206,Ibarruri,30,901,True,1071.0,1078.0,40.11864376375,0.91846033625,3209.4915011,73.4768269,Calculado,Calculado,61.917104099999996,20.88,0,17.303,15.21,0.0,16,30.47,0.93,2.031,0.062,52.28,61.917104099999996,61.917104099999996
207,Ikazurieta,18,901,True,1253.0,1078.0,80.73535735,0.91846033625,6458.828588,73.4768269,Calculado,Calculado,156.48381768625,74.83,0,53.058,48.562,0.0,14,66.5,0.93,4.433,0.062,142.27,156.48381768625,156.48381768625
208,Indusi,29,901,True,2192.0,1078.0,6.9716527825,0.91846033625,557.7322226,73.4768269,Calculado,Calculado,38.19011311875,30.3,0,18.482,18.279,0.0,15,2.12,0.93,0.141,0.062,33.35,38.19011311875,38.19011311875
209,Intxaurbizkar,11,901,True,1658.0,1078.0,39.3197359725,0.91846033625,3145.5788778,73.4768269,Calculado,Calculado,62.93819630875,22.7,0,14.917,13.305,0.0,15,23.25,0.93,1.55,0.062,46.88,62.93819630875,62.93819630875
210,Intzuntza,1752,901,True,1391.0,1078.0,4.44348512875,0.91846033625,355.4788103,73.4768269,Calculado,Calculado,14.131945465,8.77,0,5.363,5.057,0.0,64,3.67,0.93,0.244,0.062,13.37,14.131945465,14.131945465
211,Ipiñaburu,92,901,True,33541.0,1078.0,40.26613425,0.91846033625,3221.29074,73.4768269,Calculado,Calculado,70.61459458625,29.43,0,24.049,21.803,0.0,35,32.75,0.93,2.183,0.062,63.12,70.61459458625,70.61459458625
212,Iratzagorria,116,903,True,929.0,283.0,8.35434202375,4.08,668.3473619,272.0,Calculado,Mapeado,67.48434202375,55.05,1,24.584,24.018,19.87,17,4.42,4.08,0.294,0.272,63.55,67.48434202375,87.35434202375001
213,Irauregi,798,902,True,894.0,249.0,7.99489916875,1.52,639.5919335,101.0,Calculado,Mapeado,21.36489916875,11.85,0,7.322,6.867,0.0,32,5.3,1.52,0.353,0.101,18.67,21.36489916875,21.36489916875
214,Isla,26,901,True,1299.0,1078.0,2.936338025,0.91846033625,234.907042,73.4768269,Calculado,Calculado,71.97479836125001,68.12,1,31.698,31.484,25.35,6,2.27,0.93,0.151,0.062,71.32,71.97479836125001,97.32479836125
215,Ispaster-Elexalde,338,901,True,1046.0,1078.0,1.97698582625,0.91846033625,158.1588661,73.4768269,Calculado,Calculado,75.26544616250001,72.37,0,50.626,50.468,0.0,8,1.43,0.93,0.096,0.062,74.73,75.26544616250001,75.26544616250001
216,Isuskitza,972,904,True,2092.0,1648.0,64.33634643375,6.839990448749999,5146.9077147,547.1992359,Calculado,Calculado,98.5963368825,27.42,1,8.074,5.952,19.2,19,25.8,6.03,1.72,0.402,59.25,98.5963368825,117.7963368825
217,Iturreta,31,901,True,2181.0,1078.0,28.82970339875,0.91846033625,2306.3762719,73.4768269,Calculado,Calculado,111.128163735,81.38,0,54.662,53.479,0.0,25,16.82,0.93,1.121,0.062,99.13,111.128163735,111.128163735
218,Iturribide,769,904,True,11.0,2219.0,3.0498262887500003,0.79330144375,243.9861031,63.4641155,Calculado,Calculado,30.2431277325,26.4,0,11.703,11.46,0.0,15,2.72,0.93,0.181,0.062,30.05,30.2431277325,30.2431277325
219,Iturritxe,38,901,True,1390.0,1078.0,13.005274505,0.91846033625,1040.4219604,73.4768269,Calculado,Calculado,23.87373484125,9.95,0,6.361,5.775,0.0,63,7.85,0.93,0.524,0.062,18.73,23.87373484125,23.87373484125
220,Iurreta,2874,901,True,1376.0,1078.0,2.97634227125,0.91846033625,238.1073817,73.4768269,Calculado,Calculado,18.2148026075,14.32,0,19.686,19.441,0.0,30,2.75,0.93,0.183,0.062,18.0,18.2148026075,18.2148026075
221,Izurtza,101,901,True,1432.0,1078.0,1.19522312625,0.91846033625,95.6178501,73.4768269,Calculado,Calculado,33.1936834625,31.08,1,23.579,23.421,4.7,3,1.43,0.93,0.096,0.062,33.45,33.1936834625,37.8936834625
222,Jauregi,143,901,True,1394.0,1078.0,8.94999037125,0.91846033625,715.9992297,73.4768269,Calculado,Calculado,13.9884507075,4.12,0,3.063,2.532,0.0,65,7.02,0.93,0.468,0.062,12.07,13.9884507075,13.9884507075
223,Kanpantxu,61,901,True,1066.0,1078.0,15.9962692125,0.91846033625,1279.701537,73.4768269,Calculado,Calculado,45.54472954875,28.63,0,23.088,21.984,0.0,16,15.63,0.93,1.042,0.062,45.2,45.54472954875,45.54472954875
224,Kardeo,78,903,True,754.0,283.0,15.48495659375,4.08,1238.7965275,272.0,Calculado,Mapeado,52.34495659375,32.78,1,14.369,13.707,3.65,22,5.85,4.08,0.39,0.272,42.72,52.34495659375,55.99495659375
225,Kortezubi,206,901,True,1062.0,1078.0,5.0359956675,0.91846033625,402.8796534,73.4768269,Calculado,Calculado,43.604456003749995,37.65,0,28.597,28.172,0.0,8,5.45,0.93,0.363,0.062,44.03,43.604456003749995,43.604456003749995
226,Kubo,945,901,True,177.0,1005.0,15.229274792499998,1.089115005,1218.3419834,87.1292004,Calculado,Calculado,46.8883897975,30.57,0,12.714,12.384,0.0,42,3.83,1.1,0.256,0.074,35.5,46.8883897975,46.8883897975
227,Kukullaga,5717,901,True,169.0,1005.0,8.34240352625,1.089115005,667.3922821,87.1292004,Calculado,Calculado,21.76151853125,12.33,0,8.603,7.966,0.0,72,8.45,1.1,0.563,0.074,21.88,21.76151853125,21.76151853125
228,Kurtzea,21062,901,True,173.0,1005.0,1.7991393875,1.089115005,143.931151,87.1292004,Calculado,Calculado,9.1582543925,6.27,0,4.203,4.047,0.0,124,1.25,1.1,0.083,0.074,8.62,9.1582543925,9.1582543925
229,Kurtziaga-Arropain,43,901,True,220863.0,1078.0,15.35883994125,0.91846033625,1228.7071953,73.4768269,Calculado,Calculado,95.92730027750001,79.65,0,58.116,57.053,0.0,27,15.0,0.93,1.0,0.062,95.58,95.92730027750001,95.92730027750001
230,La Aceña/Atxuriaga,49,903,True,1742.0,284.0,0.8313167512499999,4.08,66.5053401,272.0,Calculado,Mapeado,59.59131675125,54.68,1,24.51,24.159,0.3,9,1.18,4.08,0.079,0.272,59.95,59.59131675125,59.891316751249995
231,La Arboleda/Zugaztieta,445,903,True,60417.0,283.0,1.9791002,4.08,158.328016,272.0,Calculado,Mapeado,51.389100199999994,45.33,1,17.716,17.332,8.6,15,1.68,4.08,0.112,0.272,51.1,51.389100199999994,59.989100199999996
232,La Arena,340,903,True,556.0,283.0,4.550065765,4.08,364.0052612,272.0,Calculado,Mapeado,48.100065765,39.47,1,16.99,16.48,3.65,45,3.58,4.08,0.238,0.272,47.13,48.100065765,51.750065764999995
233,La Balastera,76,903,True,598.0,284.0,14.87300048875,2.53,1189.8400391,169.0,Calculado,Mapeado,44.003000488750004,26.6,0,16.377,15.198,0.0,44,15.17,2.53,1.011,0.169,44.3,44.003000488750004,44.003000488750004
234,La Baluga,878,903,True,696.0,284.0,4.3541858,2.53,348.334864,169.0,Calculado,Mapeado,64.3141858,57.43,0,26.825,26.58,0.0,14,1.15,2.53,0.076,0.169,61.12,64.3141858,64.3141858
235,La Cadena,14,902,True,758.0,209.0,60.49891498875,1.58,4839.9131991,106.0,Calculado,Mapeado,143.79891498875,81.72,2,56.951,54.507,8.85,7,35.07,1.58,2.338,0.106,118.37,143.79891498875,152.64891498875
236,La Calera del Prado,14,902,True,772.0,209.0,96.88568806375,1.58,7750.8550451,106.0,Calculado,Mapeado,186.71568806375,88.25,2,67.643,61.775,8.85,7,86.43,1.58,5.762,0.106,176.27,186.71568806375,195.56568806375
237,La Chopera,2186,904,True,7.0,2219.0,3.384494645,0.79330144375,270.7595716,63.4641155,Calculado,Calculado,44.77779608875,40.6,1,13.714,13.505,6.65,21,2.2,0.93,0.147,0.062,43.73,44.77779608875,51.42779608875
238,La Cuesta,305,903,True,559.0,283.0,2.13322408125,4.08,170.6579265,272.0,Calculado,Mapeado,39.583224081249995,33.37,1,14.619,14.226,3.65,27,1.82,4.08,0.121,0.272,39.27,39.583224081249995,43.23322408124999
239,La Hera,16,903,True,610.0,284.0,11.847963685,2.53,947.8370948,169.0,Calculado,Mapeado,40.977963685000006,26.6,0,15.823,15.198,0.0,38,6.85,2.53,0.456,0.169,35.98,40.977963685000006,40.977963685000006
240,La Iglesia,317,902,True,2305.0,209.0,0.75251485875,1.58,60.2011887,106.0,Calculado,Mapeado,80.43251485875,78.1,3,41.068,40.899,19.78,2,0.95,1.58,0.063,0.106,80.63,80.43251485875,100.21251485875
241,La Orconera,28,903,True,588.0,284.0,34.7862154475,2.53,2782.8972358,169.0,Calculado,Mapeado,49.5962154475,12.28,0,9.372,8.406,0.0,52,11.97,2.53,0.798,0.169,26.78,49.5962154475,49.5962154475
242,La Quadra,255,902,True,886.0,249.0,3.58456956625,1.52,286.7655653,101.0,Calculado,Mapeado,23.08456956625,17.98,0,11.608,11.362,0.0,32,2.18,1.52,0.145,0.101,21.68,23.08456956625,23.08456956625
243,La Tejera,55,902,True,750.0,209.0,11.27452581875,1.58,901.9620655,106.0,Calculado,Mapeado,92.47452581875,79.62,2,53.033,52.171,8.85,7,11.33,1.58,0.756,0.106,92.53,92.47452581875,101.32452581874999
244,Labarrieta/Olabarrieta,43,903,True,726.0,278.0,51.0823898325,4.08,4086.5911866,272.0,Calculado,Mapeado,161.1823898325,106.02,2,43.657,40.946,31.5,5,36.58,4.08,2.439,0.272,146.68,161.1823898325,192.6823898325
245,Lamiako,2905,904,True,7.0,2219.0,5.40562294125,0.79330144375,432.4498353,63.4641155,Calculado,Calculado,46.79892438500001,40.6,1,13.804,13.505,6.65,21,3.55,0.93,0.237,0.062,45.08,46.79892438500001,53.448924385000005
246,Lamindao,76,901,True,2256.0,1078.0,34.98947022625,0.91846033625,2799.1576181,73.4768269,Calculado,Calculado,58.8079305625,22.9,0,17.461,16.482,0.0,34,13.75,0.93,0.916,0.062,37.58,58.8079305625,58.8079305625
247,Lanbarketa,1025,901,True,180.0,1004.0,2.7707400975,2.95083712375,221.6592078,236.0669699,Calculado,Calculado,30.401577221249998,24.68,0,10.932,10.63,0.0,42,2.75,1.8,0.183,0.12,29.23,30.401577221249998,30.401577221249998
248,Landa,3543,904,False,,,373.46143588875,0.93,29876.9148711,62.0,Calculado,Mapeado,374.39143588875,0.0,0,0.251,0.0,0.0,0,2.83,0.93,0.189,0.062,3.77,374.39143588875,374.39143588875
249,Landabarri,935,904,True,2068.0,2219.0,1.84418525375,0.79330144375,147.5348203,63.4641155,Calculado,Calculado,26.0874866975,23.45,0,10.469,10.23,0.0,15,2.65,0.93,0.177,0.062,27.03,26.0874866975,26.0874866975
250,Landaberde,119,901,True,1109.0,1078.0,1.1631296575,0.91846033625,93.0503726,73.4768269,Calculado,Calculado,35.13158999375,33.05,0,25.692,24.69,0.0,16,14.08,0.93,0.939,0.062,48.07,35.13158999375,35.13158999375
251,Lanestosa,223,903,True,770.0,278.0,1.9381820225,4.08,155.0545618,272.0,Calculado,Mapeado,118.1681820225,112.15,1,66.775,66.399,12.52,7,1.57,4.08,0.105,0.272,117.8,118.1681820225,130.6881820225
252,Lanzas Agudas,66,902,True,780.0,209.0,81.61797723,1.58,6529.4381784,106.0,Calculado,Mapeado,163.77797723,80.58,2,57.874,53.251,8.85,7,67.75,1.58,4.517,0.106,149.92,163.77797723,172.62797723
253,Lariz,17,901,True,1250.0,1078.0,1.6885911475,0.91846033625,135.0872918,73.4768269,Calculado,Calculado,80.05705148375002,77.45,0,50.402,50.25,0.0,8,1.35,0.93,0.09,0.062,79.73,80.05705148375002,80.05705148375002
254,Larrabeiti,35,901,True,1536.0,1078.0,11.2300444925,0.91846033625,898.4035594,73.4768269,Calculado,Calculado,21.478504828749998,9.33,0,6.069,5.777,0.0,58,3.47,0.93,0.231,0.062,13.73,21.478504828749998,21.478504828749998
255,Larrauri,162,904,True,1148.0,2220.0,1.164973315,0.90773412,93.1978652,72.6187296,Calculado,Calculado,31.502707435,29.43,1,16.479,16.368,1.15,15,0.95,0.7,0.064,0.047,31.08,31.502707435,32.652707435
256,Larreineta,210,903,True,366.0,284.0,35.3605262675,2.53,2828.8421014,169.0,Calculado,Mapeado,56.0405262675,18.15,1,8.574,7.181,1.28,44,18.37,2.53,1.225,0.169,39.05,56.0405262675,57.3205262675
257,Las Bárcenas,42,902,True,750.0,209.0,18.00254150875,1.58,1440.2033207,106.0,Calculado,Mapeado,99.20254150875,79.62,2,53.593,52.171,8.85,7,19.73,1.58,1.316,0.106,100.93,99.20254150875,108.05254150875
258,Las Calizas,21,903,True,621.0,284.0,26.7348290125,2.53,2138.786321,169.0,Calculado,Mapeado,51.8348290125,22.57,0,15.158,13.682,0.0,39,19.6,2.53,1.307,0.169,44.7,51.8348290125,51.8348290125
259,Las Carreras,1978,903,True,580.0,284.0,2.27586751375,2.53,182.0694011,169.0,Calculado,Mapeado,37.37586751375,32.57,0,17.561,17.273,0.0,38,1.8,2.53,0.12,0.169,36.9,37.37586751375,37.37586751375
260,Las Muñecas,43,903,True,662.0,284.0,30.598410175,2.53,2447.872814,169.0,Calculado,Mapeado,90.558410175,57.43,0,28.755,26.58,0.0,16,30.1,2.53,2.007,0.169,90.07,90.558410175,90.558410175
261,Las Ribas,95,903,True,697.0,284.0,8.937578621250001,2.53,715.0062897,169.0,Calculado,Mapeado,66.98757862125001,55.52,0,26.467,25.851,0.0,14,6.7,2.53,0.447,0.169,64.75,66.98757862125001,66.98757862125001
262,Leagi,35,901,True,2181.0,1078.0,20.5403214725,0.91846033625,1643.2257178,73.4768269,Calculado,Calculado,102.83878180875,81.38,0,54.382,53.479,0.0,26,12.62,0.93,0.841,0.062,94.93,102.83878180875,102.83878180875
263,Legizamon,455,901,True,169.0,1005.0,15.16996996125,1.089115005,1213.5975969,87.1292004,Calculado,Calculado,28.589084966250002,12.33,0,8.717,7.966,0.0,88,10.15,1.1,0.677,0.074,23.58,28.589084966250002,28.589084966250002
264,Lekeitio,7180,901,True,220863.0,1078.0,12.0961294175,0.91846033625,967.6903534,73.4768269,Calculado,Calculado,92.66458975375001,79.65,0,57.78,57.053,0.0,27,9.97,0.93,0.665,0.062,90.55,92.66458975375001,92.66458975375001
265,Lekerika,29,901,True,1258.0,1078.0,38.08224581125,0.91846033625,3046.5796649,73.4768269,Calculado,Calculado,104.22070614750001,65.22,0,44.887,42.875,0.0,8,29.23,0.93,1.949,0.062,95.38,104.22070614750001,104.22070614750001
266,Lemoaurieta,90,901,True,1390.0,1078.0,5.643403185,0.91846033625,451.4722548,73.4768269,Calculado,Calculado,16.51186352125,9.95,0,6.146,5.775,0.0,63,4.63,0.93,0.309,0.062,15.52,16.51186352125,16.51186352125
267,Lendoño Goikoa/Lendoño de Arriba,5,901,True,1937.0,1005.0,76.1159091625,1.089115005,6089.272733,87.1292004,Calculado,Calculado,157.9750241675,80.77,0,44.857,41.04,0.0,7,56.15,1.1,3.743,0.074,138.02,157.9750241675,157.9750241675
268,Libao,124,904,True,113359.0,2220.0,2.86827223875,0.90773412,229.4617791,72.6187296,Calculado,Calculado,55.39600635875,51.62,1,25.944,25.709,8.23,4,2.83,0.7,0.188,0.047,55.15,55.39600635875,63.626006358750004
269,Llano,91,903,True,1785.0,284.0,19.92350202875,4.08,1593.8801623,272.0,Calculado,Mapeado,76.32350202875,52.32,1,23.944,22.932,0.3,9,11.1,4.08,0.74,0.272,67.5,76.32350202875,76.62350202875
270,Loiola,101,901,True,1271.0,1078.0,1.4552926362499998,0.91846033625,116.4234109,73.4768269,Calculado,Calculado,47.1237529725,44.75,0,29.235,29.072,0.0,8,1.5,0.93,0.1,0.062,47.18,47.1237529725,47.1237529725
271,Los Castaños,50,903,True,620.0,284.0,29.004948,2.53,2320.39584,169.0,Calculado,Mapeado,63.054947999999996,31.52,1,16.022,14.96,5.9,41,13.42,2.53,0.894,0.169,47.47,63.054947999999996,68.954948
272,Lubarrietaondo,615,904,True,1633.0,2220.0,3.94057293875,0.90773412,315.2458351,72.6187296,Calculado,Calculado,20.42830705875,15.58,0,10.214,9.885,0.0,15,4.23,0.7,0.283,0.047,20.52,20.42830705875,20.42830705875
273,Lumo,56,901,True,1065.0,1078.0,13.10631327125,0.91846033625,1048.5050617,73.4768269,Calculado,Calculado,44.0047736075,29.98,0,23.494,22.595,0.0,16,12.55,0.93,0.837,0.062,43.47,44.0047736075,44.0047736075
274,Lutxana-Enekuri,646,903,True,91.0,2064.0,20.12695935875,2.5,1610.1567487,166.0,Calculado,Mapeado,47.32695935875,24.7,1,12.232,11.609,4.43,14,6.85,2.5,0.457,0.166,34.05,47.32695935875,51.75695935875
275,Magdalena,110,901,True,79384.0,1078.0,2.18977416,0.91846033625,175.1819328,73.4768269,Calculado,Calculado,63.978234496249996,60.87,0,40.534,40.313,0.0,8,2.38,0.93,0.159,0.062,64.18,63.978234496249996,63.978234496249996
276,Malats,19,901,True,1257.0,1078.0,34.51744101875,0.91846033625,2761.3952815,73.4768269,Calculado,Calculado,103.085901355,67.65,0,45.898,43.838,0.0,8,29.98,0.93,1.998,0.062,98.57,103.085901355,103.085901355
277,Mallabia,625,901,True,1421.0,1078.0,3.57888955375,0.91846033625,286.3111643,73.4768269,Calculado,Calculado,38.54734989,34.05,1,32.911,32.632,0.4,20,3.25,0.93,0.217,0.062,38.23,38.54734989,38.94734989
278,Manzaneda de Biáñez,17,902,True,787.0,209.0,9.09673599,1.58,727.7388792,106.0,Calculado,Mapeado,85.39673599,74.72,2,48.305,47.805,8.85,7,5.92,1.58,0.394,0.106,82.22,85.39673599,94.24673598999999
279,Mañaria,376,901,True,1435.0,1078.0,19.59185878625,0.91846033625,1567.3487029,73.4768269,Calculado,Calculado,56.2403191225,35.73,1,26.533,26.02,4.7,3,6.75,0.93,0.45,0.062,43.42,56.2403191225,60.9403191225
280,Markaida,243,904,True,1149.0,2220.0,5.96072077,0.90773412,476.8576616,72.6187296,Calculado,Calculado,34.54845489,27.68,1,15.342,14.937,1.15,15,5.37,0.7,0.358,0.047,33.75,34.54845489,35.69845489
281,Markina-Xemein,4324,901,True,978.0,1078.0,2.81237456875,0.91846033625,224.9899655,73.4768269,Calculado,Calculado,49.960834905,46.23,0,41.781,41.585,0.0,15,2.0,0.93,0.133,0.062,49.17,49.960834905,49.960834905
282,Markio,28,901,True,1348.0,1005.0,30.16639876375,1.089115005,2413.3119011,87.1292004,Calculado,Calculado,64.50551376874999,33.25,0,15.038,13.877,0.0,39,16.3,1.1,1.087,0.074,50.65,64.50551376874999,64.50551376874999
283,Marzana,15,901,True,1470.0,1078.0,3.23317062125,0.91846033625,258.6536497,73.4768269,Calculado,Calculado,53.621630957499995,49.47,1,28.711,28.538,16.25,36,1.67,0.93,0.111,0.062,52.07,53.621630957499995,69.8716309575
284,Matienzo,52,902,True,758.0,209.0,18.045234215,1.58,1443.6187372,106.0,Calculado,Mapeado,101.34523421499999,81.72,2,55.591,54.507,8.85,7,14.68,1.58,0.978,0.106,97.98,101.34523421499999,110.19523421499999
285,Meaka,20,901,True,1165.0,1005.0,27.4707394775,1.089115005,2197.6591582,87.1292004,Calculado,Calculado,71.5098544825,42.95,2,23.487,22.14,4.65,6,19.1,1.1,1.273,0.074,63.15,71.5098544825,76.15985448250001
286,Meakaur,20,901,True,1164.0,1005.0,13.818406723749998,1.089115005,1105.4725379,87.1292004,Calculado,Calculado,58.40752172875,43.5,2,22.716,22.47,4.65,5,2.58,1.1,0.173,0.074,47.18,58.40752172875,63.05752172875
287,Medio,17,901,True,1940.0,1005.0,70.6914548275,1.089115005,5655.3163862,87.1292004,Calculado,Calculado,148.0505698325,76.27,0,42.247,38.532,0.0,7,54.62,1.1,3.641,0.074,131.98,148.0505698325,148.0505698325
288,Mekoleta,15,901,True,2006.0,1078.0,15.0113392,0.91846033625,1200.907136,73.4768269,Calculado,Calculado,66.90979953625,50.98,0,34.513,33.306,0.0,8,17.17,0.93,1.144,0.062,69.08,66.90979953625,66.90979953625
289,Mendibile,1255,904,True,10.0,2219.0,3.753263345,0.79330144375,300.2610676,63.4641155,Calculado,Calculado,31.86656478875,27.32,0,12.098,11.839,0.0,15,2.95,0.93,0.197,0.062,31.2,31.86656478875,31.86656478875
290,Mendieta Ajangiz,132,901,True,2145.0,1078.0,40.571150345,0.91846033625,3245.6920276,73.4768269,Calculado,Calculado,84.10961068125,42.62,0,28.771,27.6,0.0,8,16.63,0.93,1.109,0.062,60.18,84.10961068125,84.10961068125
291,Mendieta Lemoa,36,901,True,1393.0,1078.0,3.88062488625,0.91846033625,310.4499909,73.4768269,Calculado,Calculado,11.2290852225,6.43,0,3.712,3.556,0.0,65,1.42,0.93,0.094,0.062,8.78,11.2290852225,11.2290852225
292,Mendraka,48,901,True,1485.0,1078.0,25.062558608750003,0.91846033625,2005.0046887,73.4768269,Calculado,Calculado,78.431018945,52.45,0,33.111,31.298,0.0,30,26.25,0.93,1.75,0.062,79.63,78.431018945,78.431018945
293,Mercadillo,885,903,True,693.0,284.0,1.3182520825,2.53,105.4601666,169.0,Calculado,Mapeado,70.6482520825,66.8,0,28.451,28.2,0.0,18,1.22,2.53,0.082,0.169,70.55,70.6482520825,70.6482520825
294,Merika,37,901,True,1258.0,1078.0,47.4519560025,0.91846033625,3796.1564802,73.4768269,Calculado,Calculado,113.59041633875,65.22,0,45.579,42.875,0.0,8,39.62,0.93,2.641,0.062,105.77,113.59041633875,113.59041633875
295,Mesterika,147,904,True,1148.0,2220.0,16.57583952,0.90773412,1326.0671616,72.6187296,Calculado,Calculado,46.913573639999996,29.43,1,17.266,16.368,1.15,15,12.77,0.7,0.851,0.047,42.9,46.913573639999996,48.063573639999994
296,Metxika,56,901,True,1107.0,1078.0,58.04455874375,0.91846033625,4643.5646995,73.4768269,Calculado,Calculado,101.09301908,42.13,1,28.261,25.132,6.07,19,46.0,0.93,3.067,0.062,89.07,101.09301908,107.16301908
297,Mimetiz,5142,903,True,2311.0,283.0,3.73250699125,4.08,298.6005593,272.0,Calculado,Mapeado,41.712506991249995,33.9,0,25.213,24.668,0.0,14,4.1,4.08,0.273,0.272,42.08,41.712506991249995,41.712506991249995
298,Moiordin-Barrondo,109,901,True,179.0,1004.0,5.1378323987500005,2.95083712375,411.0265919,236.0669699,Calculado,Calculado,34.7886695225,26.7,0,11.571,11.185,0.0,36,3.98,1.8,0.266,0.12,32.48,34.7886695225,34.7886695225
299,Molinar,20,902,True,784.0,209.0,12.57429656375,1.58,1005.9437251,106.0,Calculado,Mapeado,92.40429656375,78.25,2,51.394,50.614,8.85,7,10.1,1.58,0.674,0.106,89.93,92.40429656375,101.25429656374999
300,Monte Ikea,1359,904,True,11.0,2219.0,6.38956185375,0.79330144375,511.1649483,63.4641155,Calculado,Calculado,33.582863297500005,26.4,0,11.831,11.46,0.0,16,4.63,0.93,0.309,0.062,31.97,33.582863297500005,33.582863297500005
301,Montellano-Acabajo,22,903,True,699.0,284.0,28.307245762500003,2.53,2264.579661,169.0,Calculado,Mapeado,78.7572457625,47.92,0,24.058,23.01,0.0,21,13.18,2.53,0.879,0.169,63.63,78.7572457625,78.7572457625
302,Montellano-Las Casas,31,903,True,1744.0,284.0,25.41791242625,2.53,2033.4329941,169.0,Calculado,Mapeado,80.02791242625,52.08,0,25.766,24.568,0.0,21,15.45,2.53,1.03,0.169,70.07,80.02791242625,80.02791242625
303,Moreaga,9737,904,True,1593.0,2219.0,5.5993743625,0.79330144375,447.949949,63.4641155,Calculado,Calculado,13.962675806250001,7.57,0,3.161,2.74,0.0,22,5.38,0.93,0.359,0.062,13.88,13.962675806250001,13.962675806250001
304,Mundaka,1649,901,True,1097.0,1078.0,1.53315276,0.91846033625,122.6522208,73.4768269,Calculado,Calculado,59.02161309625,56.57,1,34.493,34.339,6.07,17,1.37,0.93,0.091,0.062,58.87,59.02161309625,65.09161309625
305,Mungia,12276,904,True,1687.0,2220.0,4.7346659625,0.90773412,378.773277,72.6187296,Calculado,Calculado,25.5224000825,19.88,0,12.284,12.084,0.0,15,2.32,0.7,0.154,0.047,22.9,25.5224000825,25.5224000825
306,Munitibar,239,901,True,1262.0,1078.0,0.5887109775,0.91846033625,47.0968782,73.4768269,Calculado,Calculado,61.32717131375,59.82,0,38.318,38.232,0.0,8,0.35,0.93,0.023,0.062,61.1,61.32717131375,61.32717131375
307,Muntsaratz,1743,901,True,1474.0,1078.0,2.26883874625,0.91846033625,181.5070997,73.4768269,Calculado,Calculado,46.557299082499995,43.37,0,25.776,25.568,0.0,36,2.2,0.93,0.147,0.062,46.5,46.557299082499995,46.557299082499995
308,Murrieta,52,903,True,598.0,284.0,9.07036109,2.53,725.6288872,169.0,Calculado,Mapeado,42.62036109,31.02,0,17.413,16.697,0.0,38,8.2,2.53,0.547,0.169,41.75,42.62036109,42.62036109
309,Murtatza,242,901,True,1395.0,1078.0,10.2066928875,0.91846033625,816.535431,73.4768269,Calculado,Calculado,13.25515322375,2.13,0,2.107,1.603,0.0,67,6.63,0.93,0.442,0.062,9.7,13.25515322375,13.25515322375
310,Murueta Murueta,115,901,True,1105.0,1078.0,3.228435875,0.91846033625,258.27487,73.4768269,Calculado,Calculado,48.37689621125,44.23,1,27.402,27.148,6.07,17,2.87,0.93,0.191,0.062,48.03,48.37689621125,54.44689621125
311,Murueta Orozko,36,901,True,1562.0,1004.0,7.31653812625,2.95083712375,585.3230501,236.0669699,Calculado,Calculado,84.74737525,74.48,0,32.223,31.509,0.0,23,8.9,1.8,0.593,0.12,85.18,84.74737525,84.74737525
312,Narea,45,901,True,1257.0,1078.0,18.12352443125,0.91846033625,1449.8819545,73.4768269,Calculado,Calculado,86.69198476750002,67.65,0,44.684,43.838,0.0,8,11.77,0.93,0.784,0.062,80.35,86.69198476750002,86.69198476750002
313,Natxitua,199,901,True,2179.0,1078.0,3.33801044125,0.91846033625,267.0408353,73.4768269,Calculado,Calculado,64.7364707775,60.48,0,43.037,42.722,0.0,8,3.78,0.93,0.252,0.062,65.2,64.7364707775,64.7364707775
314,Negurigana,1529,904,True,2069.0,2219.0,3.2430164475,0.79330144375,259.4413158,63.4641155,Calculado,Calculado,26.46631789125,22.43,0,10.134,9.823,0.0,22,3.73,0.93,0.249,0.062,27.1,26.46631789125,26.46631789125
315,Nocedal,185,903,True,585.0,284.0,5.5632412875,2.53,445.059303,169.0,Calculado,Mapeado,24.5132412875,16.42,0,11.591,11.371,0.0,31,0.77,2.53,0.051,0.169,19.72,24.5132412875,24.5132412875
316,Oba,43,901,True,1975.0,1078.0,59.145752077500006,0.91846033625,4731.6601662,73.4768269,Calculado,Calculado,87.53421241375001,27.47,0,18.072,15.741,0.0,15,34.03,0.93,2.269,0.062,62.43,87.53421241375001,87.53421241375001
317,Ocharan de Abajo,68,903,True,672.0,278.0,1.41113120625,4.08,112.8904965,272.0,Calculado,Mapeado,73.29113120625,67.8,1,28.11,27.72,12.52,17,1.78,4.08,0.119,0.272,73.67,73.29113120625,85.81113120625
318,Olabarri,559,901,True,1660.0,1078.0,6.550196314999999,0.91846033625,524.0157052,73.4768269,Calculado,Calculado,23.34865665125,15.88,0,11.07,10.636,0.0,42,5.58,0.93,0.372,0.062,22.4,23.34865665125,23.34865665125
319,Olarra,36,901,True,75582.0,1078.0,2.31100109,0.91846033625,184.8800872,73.4768269,Calculado,Calculado,22.74946142625,19.52,0,13.052,12.916,0.0,29,1.1,0.93,0.074,0.062,21.55,22.74946142625,22.74946142625
320,Olazabal,69,901,True,1973.0,1078.0,12.42236861625,0.91846033625,993.7894893,73.4768269,Calculado,Calculado,37.7108289525,24.37,0,14.803,14.126,0.0,15,9.23,0.93,0.615,0.062,34.53,37.7108289525,37.7108289525
321,Ollargan,537,901,True,168.0,1005.0,22.34110168,1.089115005,1787.2881344,87.1292004,Calculado,Calculado,42.38021668499999,18.95,0,11.716,10.713,0.0,97,13.23,1.8,0.883,0.12,33.98,42.38021668499999,42.38021668499999
322,Ondarroa,8139,901,True,1713.0,1078.0,8.50794900375,0.91846033625,680.6359203,73.4768269,Calculado,Calculado,77.22640934,67.8,0,55.38,55.003,0.0,15,4.72,0.93,0.315,0.062,73.45,77.22640934,77.22640934
323,Ondiz,2005,904,True,12.0,2219.0,8.759792421250001,0.79330144375,700.7833937,63.4641155,Calculado,Calculado,34.933093865000004,25.38,0,11.646,11.043,0.0,18,8.12,0.93,0.541,0.062,34.43,34.933093865000004,34.933093865000004
324,Oñarte,35,901,True,1707.0,1078.0,16.79826021125,0.91846033625,1343.8608169,73.4768269,Calculado,Calculado,42.3467205475,24.63,1,13.952,13.362,3.88,4,7.92,0.93,0.528,0.062,33.48,42.3467205475,46.2267205475
325,Orozketa,42,901,True,1415.0,1078.0,51.40251212875,0.91846033625,4112.2009703,73.4768269,Calculado,Calculado,76.450972465,24.13,0,19.654,18.041,0.0,40,23.25,0.93,1.55,0.062,48.32,76.450972465,76.450972465
326,Ortuella,7457,903,True,817.0,284.0,3.306826335,2.53,264.5461068,169.0,Calculado,Mapeado,19.266826335,13.43,0,9.722,9.376,0.0,31,2.67,2.53,0.178,0.169,18.63,19.266826335,19.266826335
327,Otxandio,1265,901,True,2004.0,1078.0,2.2109725837500003,0.91846033625,176.8778067,73.4768269,Calculado,Calculado,48.25943292,45.13,0,30.051,29.852,0.0,15,2.05,0.93,0.136,0.062,48.12,48.25943292,48.25943292
328,Otzerinmendi,22,901,True,1520.0,1078.0,16.06527524,0.91846033625,1285.2220192,73.4768269,Calculado,Calculado,44.88373557625,27.9,0,20.764,20.105,0.0,32,8.95,0.93,0.596,0.062,37.78,44.88373557625,44.88373557625
329,Pando Karrantza,44,902,True,786.0,209.0,75.11803577875,1.58,6009.4428623,106.0,Calculado,Mapeado,153.22803577875,76.53,2,53.055,49.222,8.85,7,55.9,1.58,3.727,0.106,134.02,153.22803577875,162.07803577875
330,Pando Trucios,120,902,True,2185.0,209.0,5.62056440875,1.58,449.6451527,106.0,Calculado,Mapeado,86.05056440874999,78.85,3,41.874,41.456,19.78,2,4.67,1.58,0.312,0.106,85.1,86.05056440874999,105.83056440874999
331,Pandozales,34,903,True,1781.0,283.0,27.66585853625,4.08,2213.2686829,272.0,Calculado,Mapeado,82.11585853625,50.37,0,38.029,36.172,0.0,15,23.78,4.08,1.586,0.272,78.23,82.11585853625,82.11585853625
332,Parkotxa-Barrionuevo,44,903,True,363.0,284.0,36.529365765,2.53,2922.3492612,169.0,Calculado,Mapeado,57.209365765,18.15,1,8.819,7.181,1.28,60,22.05,2.53,1.47,0.169,42.73,57.209365765,58.489365765
333,Paúles,28,902,True,789.0,209.0,39.604691905,1.58,3168.3753524,106.0,Calculado,Mapeado,114.36469190500002,73.18,2,48.343,46.608,8.85,7,24.43,1.58,1.629,0.106,99.2,114.36469190500002,123.21469190500001
334,Peruri,110,904,True,2070.0,2219.0,13.5437570425,0.79330144375,1083.5005634,63.4641155,Calculado,Calculado,36.11705848625,21.78,0,10.261,9.551,0.0,22,9.72,0.93,0.647,0.062,32.43,36.11705848625,36.11705848625
335,Pinueta,1955,904,True,41.0,2219.0,6.62388574,0.79330144375,529.9108592,63.4641155,Calculado,Calculado,31.567187183749997,24.15,0,10.875,10.529,0.0,15,4.27,0.93,0.284,0.062,29.35,31.567187183749997,31.567187183749997
336,Plaza,523,901,True,1520.0,1078.0,2.70096226375,0.91846033625,216.0769811,73.4768269,Calculado,Calculado,31.5194226,27.9,0,20.24,20.105,0.0,31,1.08,0.93,0.073,0.062,29.92,31.5194226,31.5194226
337,Plentzia,2684,904,True,2131.0,1648.0,8.0921940925,6.839990448749999,647.3755274,547.1992359,Calculado,Calculado,21.93218454125,7.0,0,5.867,4.998,0.0,6,7.02,6.03,0.467,0.402,20.05,21.93218454125,21.93218454125
338,Pobeña,184,903,True,711.0,283.0,0.95776267875,4.08,76.6210143,272.0,Calculado,Mapeado,53.23776267875,48.2,1,20.022,19.699,3.65,42,0.77,4.08,0.052,0.272,53.05,53.23776267875,56.88776267875
339,Poblado Julio Arteche,444,903,True,475.0,2064.0,13.6626693825,2.5,1093.0135506,166.0,Calculado,Mapeado,34.0826693825,17.92,0,12.366,11.35,0.0,13,12.75,2.5,0.85,0.166,33.17,34.0826693825,34.0826693825
340,Portugalete,44885,903,True,232.0,245.0,3.797639735,4.57,303.8111788,304.0,Calculado,Mapeado,22.637639735,14.27,0,7.385,6.868,0.0,83,3.18,4.57,0.213,0.304,22.02,22.637639735,22.637639735
341,Poza,18,901,True,1937.0,1005.0,58.1682019,1.089115005,4653.456152,87.1292004,Calculado,Calculado,140.027316905,80.77,0,43.503,41.04,0.0,7,35.85,1.1,2.39,0.074,117.72,140.027316905,140.027316905
342,Pozueta,396,901,True,1392.0,1078.0,4.4314362425,0.91846033625,354.5148994,73.4768269,Calculado,Calculado,12.799896578750001,7.45,0,4.792,4.405,0.0,65,4.87,0.93,0.324,0.062,13.25,12.799896578750001,12.799896578750001
343,Presa,46,902,True,773.0,209.0,31.12013108625,1.58,2489.6104869,106.0,Calculado,Mapeado,118.72013108624999,86.02,2,61.328,59.293,8.85,7,28.93,1.58,1.929,0.106,116.53,118.72013108624999,127.57013108624999
344,Putxeta,195,903,True,598.0,284.0,6.804665875,2.53,544.37327,169.0,Calculado,Mapeado,40.354665875,31.02,0,17.133,16.697,0.0,38,4.0,2.53,0.267,0.169,37.55,40.354665875,40.354665875
345,Ranero,24,902,True,784.0,209.0,61.15906875375,1.58,4892.7255003,106.0,Calculado,Mapeado,140.98906875375002,78.25,2,53.547,50.614,8.85,7,42.4,1.58,2.827,0.106,122.23,140.98906875375002,149.83906875375
346,Sabino Arana,478,901,True,1660.0,1078.0,2.8947518175,0.91846033625,231.5801454,73.4768269,Calculado,Calculado,19.69321215375,15.88,0,10.844,10.636,0.0,41,2.18,0.93,0.145,0.062,19.0,19.69321215375,19.69321215375
347,Sakoneta,254,904,True,11.0,2219.0,7.410286346249999,0.79330144375,592.8229077,63.4641155,Calculado,Calculado,34.60358779,26.4,0,11.927,11.46,0.0,17,6.08,0.93,0.405,0.062,33.42,34.60358779,34.60358779
348,Saldarian,55,901,True,1346.0,1005.0,35.56636385375,1.089115005,2845.3091083,87.1292004,Calculado,Calculado,72.03547885875,35.38,0,16.095,15.063,0.0,39,14.37,1.1,0.958,0.074,50.85,72.03547885875,72.03547885875
349,Salud e Higiene,72,901,True,180.0,1004.0,3.34861802,2.95083712375,267.8894416,236.0669699,Calculado,Calculado,30.97945514375,24.68,0,10.86,10.63,0.0,40,1.65,1.8,0.11,0.12,28.13,30.97945514375,30.97945514375
350,San Agustin,41,901,True,1486.0,1078.0,1.87799833,0.91846033625,150.2398664,73.4768269,Calculado,Calculado,53.17645866625,50.38,0,30.373,30.193,0.0,30,1.78,0.93,0.118,0.062,53.1,53.17645866625,53.17645866625
351,San Bartolome,242,904,True,2070.0,2219.0,3.637508875,0.79330144375,291.00071,63.4641155,Calculado,Calculado,26.210810318750003,21.78,0,9.912,9.551,0.0,22,4.47,0.93,0.298,0.062,27.18,26.210810318750003,26.210810318750003
352,San Cipriano,7,902,True,766.0,209.0,1.1091658125,1.58,88.733265,106.0,Calculado,Mapeado,88.00916581249999,85.32,2,58.65,58.512,8.85,7,0.48,1.58,0.032,0.106,87.38,88.00916581249999,96.85916581249998
353,San Esteban,131,902,True,780.0,209.0,31.96520363875,1.58,2557.2162911,106.0,Calculado,Mapeado,114.12520363875,80.58,2,54.414,53.251,8.85,7,15.85,1.58,1.057,0.106,98.02,114.12520363875,122.97520363874999
354,San Esteban Derio,1850,903,True,511.0,2064.0,5.31971247375,2.5,425.5769979,166.0,Calculado,Mapeado,32.03971247375,24.22,0,15.545,15.103,0.0,13,4.13,2.5,0.276,0.166,30.85,32.03971247375,32.03971247375
355,San Esteban Galdames,36,903,True,1785.0,284.0,19.12040294125,4.08,1529.6322353,272.0,Calculado,Mapeado,75.52040294125,52.32,1,23.849,22.932,0.3,9,9.7,4.08,0.646,0.272,66.1,75.52040294125,75.82040294125
356,San Inazio,43,901,True,1391.0,1078.0,5.910851435,0.91846033625,472.8681148,73.4768269,Calculado,Calculado,15.59931177125,8.77,0,5.512,5.057,0.0,64,5.9,0.93,0.393,0.062,15.6,15.59931177125,15.59931177125
357,San Juan Atxondo,54,901,True,1468.0,1078.0,0.45552948125,0.91846033625,36.4423585,73.4768269,Calculado,Calculado,53.173989817499994,51.8,1,29.899,29.787,16.25,14,0.75,0.93,0.05,0.062,53.48,53.173989817499994,69.4239898175
358,San Juan de Muskiz,6038,903,True,554.0,284.0,6.6920953025,2.53,535.3676242,169.0,Calculado,Mapeado,48.7720953025,39.55,0,19.78,19.603,0.0,28,0.13,2.53,0.009,0.169,42.22,48.7720953025,48.7720953025
359,San Juan Igorre,299,901,True,1660.0,1078.0,10.91250279,0.91846033625,873.0002232,73.4768269,Calculado,Calculado,27.71096312625,15.88,0,11.334,10.636,0.0,43,9.53,0.93,0.635,0.062,26.35,27.71096312625,27.71096312625
360,San Juan Leioa,399,904,True,10.0,2219.0,4.16577886125,0.79330144375,333.2623089,63.4641155,Calculado,Calculado,32.279080305,27.32,0,12.05,11.839,0.0,15,2.22,0.93,0.148,0.062,30.47,32.279080305,32.279080305
361,San Juan Ubide,44,901,True,79384.0,1078.0,4.7783706725,0.91846033625,382.2696538,73.4768269,Calculado,Calculado,66.56683100875,60.87,0,40.568,40.313,0.0,8,2.88,0.93,0.192,0.062,64.68,66.56683100875,66.56683100875
362,San Julián de Muskiz,241,903,True,2141.0,283.0,5.7328114775,4.08,458.6249182,272.0,Calculado,Mapeado,57.542811477499995,47.73,1,20.06,19.601,1.53,47,2.82,4.08,0.188,0.272,54.63,57.542811477499995,59.0728114775
363,San Mamés,118,903,True,557.0,283.0,0.29096167375,4.08,23.2769339,272.0,Calculado,Mapeado,39.950961673749994,35.58,1,15.346,15.047,3.65,28,0.4,4.08,0.026,0.272,40.07,39.950961673749994,43.60096167374999
364,San Martín de Carral,145,903,True,691.0,284.0,2.83821704625,2.53,227.0573637,169.0,Calculado,Mapeado,75.88821704624999,70.52,0,29.999,29.63,0.0,18,3.02,2.53,0.201,0.169,76.07,75.88821704624999,75.88821704624999
365,San Miguel de Linares,117,903,True,726.0,278.0,0.2281660137499999,4.08,18.2532811,272.0,Calculado,Mapeado,110.32816601374999,106.02,2,41.236,40.946,31.5,1,0.28,4.08,0.019,0.272,110.38,110.32816601374999,141.82816601374998
366,San Pedro,44,903,True,624.0,284.0,15.689832527499998,2.53,1255.1866022,169.0,Calculado,Mapeado,37.649832527499996,19.43,0,13.597,12.506,0.0,38,13.83,2.53,0.923,0.169,35.8,37.649832527499996,37.649832527499996
367,San Pedro Galdames,242,903,True,1739.0,284.0,1.58907319625,4.08,127.1258557,272.0,Calculado,Mapeado,63.16907319625,57.5,1,25.99,25.619,0.3,9,1.48,4.08,0.099,0.272,63.07,63.16907319625,63.469073196249994
368,San Roman,84,901,True,1069.0,1078.0,2.88357422625,0.91846033625,230.6859381,73.4768269,Calculado,Calculado,28.4820345625,24.68,0,19.048,18.757,0.0,16,3.43,0.93,0.228,0.062,29.05,28.4820345625,28.4820345625
369,San Román,28,903,True,559.0,283.0,1.8901184,4.08,151.209472,272.0,Calculado,Mapeado,39.340118399999994,33.37,1,14.624,14.226,3.65,27,1.9,4.08,0.126,0.272,39.35,39.340118399999994,42.99011839999999
370,San Vicente de Barakaldo,101375,900,True,294.0,329.0,2.7361623425,2.0380568287500003,218.8929874,163.0445463,Calculado,Calculado,17.14421917125,12.37,0,6.064,5.723,0.0,95,3.0,2.12,0.2,0.141,17.48,17.14421917125,17.14421917125
371,Sandamendi,968,903,True,935.0,283.0,10.9928899875,4.08,879.431199,272.0,Calculado,Mapeado,51.4228899875,36.35,1,21.51,20.405,6.32,17,12.5,4.08,0.833,0.272,52.93,51.4228899875,57.7428899875
372,Sanfuentes,1830,903,True,583.0,284.0,6.23761515,2.53,499.009212,169.0,Calculado,Mapeado,27.73761515,18.97,0,12.837,12.33,0.0,31,5.07,2.53,0.338,0.169,26.57,27.73761515,27.73761515
373,Sangrices,44,902,True,772.0,209.0,3.20862866,1.58,256.6902928,106.0,Calculado,Mapeado,93.03862866,88.25,2,62.097,61.775,8.85,7,3.25,1.58,0.217,0.106,93.08,93.03862866,101.88862866
374,Santa Cruz,54,903,True,728.0,278.0,20.1647162275,4.08,1613.1772982,272.0,Calculado,Mapeado,127.8147162275,103.57,2,40.981,39.518,31.5,5,17.87,4.08,1.191,0.272,125.52,127.8147162275,159.3147162275
375,Santa Isabel,2939,901,True,168.0,1005.0,16.0154692175,1.089115005,1281.2375374,87.1292004,Calculado,Calculado,36.0545842225,18.95,0,11.948,10.713,0.0,58,16.73,1.8,1.115,0.12,37.48,36.0545842225,36.0545842225
376,Santa Juliana,68,903,True,2212.0,284.0,1.19663592875,2.53,95.7308743,169.0,Calculado,Mapeado,30.32663592875,26.6,0,15.378,15.198,0.0,32,0.18,2.53,0.012,0.169,29.32,30.32663592875,30.32663592875
377,Santa Lutzia,40,901,True,1968.0,1078.0,27.575404811250003,0.91846033625,2206.0323849,73.4768269,Calculado,Calculado,47.4638651475,18.97,0,13.035,11.445,0.0,15,22.92,0.93,1.528,0.062,42.82,47.4638651475,47.4638651475
378,Santecilla,32,902,True,784.0,209.0,64.62966080125,1.58,5170.3728641,106.0,Calculado,Mapeado,144.45966080125,78.25,2,53.058,50.614,8.85,7,35.08,1.58,2.338,0.106,114.92,144.45966080125,153.30966080125
379,Santelices,156,903,True,554.0,284.0,7.82100989625,2.53,625.6807917,169.0,Calculado,Mapeado,49.081009896249995,38.73,0,19.904,19.582,0.0,38,2.3,2.53,0.153,0.169,43.57,49.081009896249995,49.081009896249995
380,Santiago,28,901,True,1465.0,1078.0,1.59993306375,0.91846033625,127.9946451,73.4768269,Calculado,Calculado,57.2383934,54.72,1,31.405,31.25,16.25,14,1.4,0.93,0.093,0.062,57.05,57.2383934,73.4883934
381,Santimami,171,904,True,10.0,2219.0,14.28361742875,0.79330144375,1142.6893943,63.4641155,Calculado,Calculado,42.3969188725,27.32,0,12.742,11.839,0.0,18,12.62,0.93,0.841,0.062,40.87,42.3969188725,42.3969188725
382,Santsoena,53,904,True,20.0,1594.0,4.6051519475,6.41921255125,368.4121558,513.5370041,Calculado,Calculado,36.104364498749995,25.08,0,12.764,12.076,0.0,8,4.48,5.85,0.299,0.39,35.42,36.104364498749995,36.104364498749995
383,Santurtzi,46088,903,True,227.0,245.0,6.264304532500001,4.57,501.1443626,304.0,Calculado,Mapeado,30.6843045325,19.85,0,9.196,8.484,0.0,60,6.12,4.57,0.408,0.304,30.53,30.6843045325,30.6843045325
384,Sarriena,1558,904,True,21.0,1594.0,7.036045249999999,6.41921255125,562.88362,513.5370041,Calculado,Calculado,37.10525780125,23.65,0,12.073,11.311,0.0,7,5.58,5.85,0.372,0.39,35.08,37.10525780125,37.10525780125
385,Sestao,28255,900,True,239.0,292.0,6.686962382500001,3.99582673875,534.9569906,319.6661391,Calculado,Calculado,18.23278912125,7.55,0,3.663,3.112,0.0,42,4.45,3.82,0.297,0.255,15.82,18.23278912125,18.23278912125
386,Sierra,31,902,True,780.0,209.0,31.76083101,1.58,2540.8664808,106.0,Calculado,Mapeado,113.92083101,80.58,2,54.703,53.251,8.85,7,20.18,1.58,1.345,0.106,102.35,113.92083101,122.77083101
387,Sodupe,4165,902,True,881.0,249.0,0.4819771624999999,1.52,38.558173,101.0,Calculado,Mapeado,25.5719771625,23.57,0,15.017,14.887,0.0,62,0.43,1.52,0.029,0.101,25.52,25.5719771625,25.5719771625
388,Sollano-Llantada,582,903,True,2195.0,283.0,7.919967712499999,4.08,633.597417,272.0,Calculado,Mapeado,47.5199677125,35.52,0,26.329,25.589,0.0,14,7.02,4.08,0.468,0.272,46.62,47.5199677125,47.5199677125
389,Soscaño,242,902,True,756.0,209.0,3.967834225,1.58,317.426738,106.0,Calculado,Mapeado,86.22783422500001,80.68,2,53.726,53.354,8.85,7,4.0,1.58,0.267,0.106,86.27,86.22783422500001,95.077834225
390,Sukarrieta,290,901,True,1098.0,1078.0,2.13190105125,0.91846033625,170.5520841,73.4768269,Calculado,Calculado,56.280361387499994,53.23,1,32.948,32.719,6.07,17,2.52,0.93,0.167,0.062,56.68,56.280361387499994,62.350361387499994
391,Tallerreta,56,901,True,1390.0,1078.0,0.9377842825,0.91846033625,75.0227426,73.4768269,Calculado,Calculado,11.80624461875,9.95,0,5.936,5.775,0.0,63,1.48,0.93,0.099,0.062,12.37,11.80624461875,11.80624461875
392,Telleria,231,904,True,2070.0,2219.0,2.1300615675,0.79330144375,170.4049254,63.4641155,Calculado,Calculado,24.70336301125,21.78,0,9.733,9.551,0.0,15,1.8,0.93,0.12,0.062,24.52,24.70336301125,24.70336301125
393,Totorika,6,901,True,1262.0,1078.0,20.62437495125,0.91846033625,1649.9499961,73.4768269,Calculado,Calculado,81.3628352875,59.82,0,39.105,38.232,0.0,8,12.15,0.93,0.81,0.062,72.9,81.3628352875,81.3628352875
394,Traña-Matiena,3725,901,True,1427.0,1078.0,1.90641000875,0.91846033625,152.5128007,73.4768269,Calculado,Calculado,21.574870345,18.75,0,22.251,22.065,0.0,20,1.85,0.93,0.124,0.062,21.53,21.574870345,21.574870345
395,Traslaviña,126,903,True,806.0,278.0,2.7856323,4.08,222.850584,272.0,Calculado,Mapeado,83.0356323,76.17,1,34.781,34.302,12.52,7,3.12,4.08,0.207,0.272,83.37,83.0356323,95.5556323
396,Traslosheros,55,903,True,796.0,278.0,3.47452264125,4.08,277.9618113,272.0,Calculado,Mapeado,87.35452264125,79.8,1,37.658,37.141,12.52,7,3.68,4.08,0.245,0.272,87.57,87.35452264125,99.87452264125
397,Triano,58,903,True,617.0,283.0,7.433972011250001,4.08,594.7177609,272.0,Calculado,Mapeado,54.51397201125,43.0,1,16.206,15.355,8.6,15,8.68,4.08,0.579,0.272,55.77,54.51397201125,63.11397201125
398,Trobika,169,904,True,1149.0,2220.0,6.842711250000001,0.90773412,547.4169,72.6187296,Calculado,Calculado,35.43044537,27.68,1,15.275,14.937,1.15,15,4.37,0.7,0.291,0.047,32.75,35.43044537,36.58044537
399,Txipio,611,904,True,2089.0,1648.0,4.55193355125,6.839990448749999,364.1546841,547.1992359,Calculado,Calculado,18.391924,7.0,0,5.888,4.998,0.0,6,7.33,6.03,0.489,0.402,20.37,18.391924,18.391924
400,Txiriboketa,129,901,True,1536.0,1078.0,6.4017496575,0.91846033625,512.1399726,73.4768269,Calculado,Calculado,16.65020999375,9.33,0,6.33,5.777,0.0,61,7.37,0.93,0.491,0.062,17.63,16.65020999375,16.65020999375
401,Txorierri,1002,904,True,12.0,2219.0,13.75818236,0.79330144375,1100.6545888,63.4641155,Calculado,Calculado,39.931483803750005,25.38,0,11.879,11.043,0.0,18,11.62,0.93,0.774,0.062,37.93,39.931483803750005,39.931483803750005
402,Uarka,31,901,True,1273.0,1078.0,1.6603770812499998,0.91846033625,132.8301665,73.4768269,Calculado,Calculado,43.448837417499995,40.87,0,26.84,26.621,0.0,16,2.35,0.93,0.156,0.062,44.15,43.448837417499995,43.448837417499995
403,Udondo,21,904,True,10.0,2219.0,10.86043524625,0.79330144375,868.8348197,63.4641155,Calculado,Calculado,38.97373669,27.32,0,12.357,11.839,0.0,19,6.83,0.93,0.456,0.062,35.08,38.97373669,38.97373669
404,Ugao-Miraballes,4092,901,True,1344.0,1005.0,23.35575552875,1.089115005,1868.4604423,87.1292004,Calculado,Calculado,61.21487053375,36.77,0,16.013,15.833,0.0,32,1.6,1.1,0.106,0.074,39.47,61.21487053375,61.21487053375
405,Ugaran,33,901,True,992.0,1078.0,1.21752835875,0.91846033625,97.4022687,73.4768269,Calculado,Calculado,82.705988695,80.57,0,53.068,52.95,0.0,24,0.82,0.93,0.055,0.062,82.32,82.705988695,82.705988695
406,Ugarana,463,901,True,1973.0,1078.0,0.4267404525,0.91846033625,34.1392362,73.4768269,Calculado,Calculado,25.71520078875,24.37,0,14.225,14.126,0.0,15,0.55,0.93,0.037,0.062,25.85,25.71520078875,25.71520078875
407,Ugarte Artea,36,901,True,1525.0,1078.0,1.1174360975000002,0.91846033625,89.3948878,73.4768269,Calculado,Calculado,23.96589643375,21.93,0,15.938,15.814,0.0,31,0.93,0.93,0.062,0.062,23.8,23.96589643375,23.96589643375
408,Ugarte Muxika,260,901,True,1171.0,1078.0,4.02751352875,0.91846033625,322.2010823,73.4768269,Calculado,Calculado,62.895973865,57.95,1,28.842,28.545,8.47,7,3.52,0.93,0.235,0.062,62.4,62.895973865,71.365973865
409,Ugarte Orduña,12,901,True,1938.0,1005.0,80.55812562874999,1.089115005,6444.6500503,87.1292004,Calculado,Calculado,161.11724063375,79.47,0,43.319,40.313,0.0,7,43.98,1.1,2.932,0.074,124.55,161.11724063375,161.11724063375
410,Ugarte Valle de Trápaga,691,903,True,374.0,284.0,2.2200645725,2.53,177.6051658,169.0,Calculado,Mapeado,11.4300645725,6.68,0,4.195,3.979,0.0,96,0.72,2.53,0.048,0.169,9.93,11.4300645725,11.4300645725
411,Ugeraga,5208,904,True,1593.0,2219.0,14.995224615,0.79330144375,1199.6179692,63.4641155,Calculado,Calculado,23.358526058749998,7.57,0,3.723,2.74,0.0,22,13.82,0.93,0.921,0.062,22.32,23.358526058749998,23.358526058749998
412,Unbe-Mendi,403,903,True,1807.0,284.0,10.3598628825,2.5,828.7890306,166.0,Calculado,Mapeado,66.6798628825,53.82,2,28.881,28.331,1.15,5,5.75,2.5,0.384,0.166,62.07,66.6798628825,67.82986288250001
413,Undurraga,36,901,True,33541.0,1078.0,18.039466795000003,0.91846033625,1443.1573436,73.4768269,Calculado,Calculado,48.38792713125,29.43,0,22.792,21.803,0.0,34,13.9,0.93,0.926,0.062,44.27,48.38792713125,48.38792713125
414,Urberuaga,44,901,True,1109.0,1078.0,12.47902083625,0.91846033625,998.3216669,73.4768269,Calculado,Calculado,53.6474811725,40.25,1,24.835,24.146,6.07,17,9.4,0.93,0.627,0.062,50.58,53.6474811725,59.7174811725
415,Urbi,1599,901,True,171.0,1005.0,10.72369424,1.089115005,857.8955392,87.1292004,Calculado,Calculado,21.162809245000002,9.35,0,6.452,6.09,0.0,127,4.33,1.1,0.289,0.074,14.78,21.162809245000002,21.162809245000002
416,Urduña/Orduña,3591,901,True,1587.0,1005.0,5.32715789875,1.089115005,426.1726319,87.1292004,Calculado,Calculado,91.78627290375,85.37,0,44.71,44.388,0.0,7,3.73,1.1,0.249,0.074,90.2,91.78627290375,91.78627290375
417,Urezarantza,300,904,True,2188.0,1648.0,16.70249126125,6.839990448749999,1336.1993009,547.1992359,Calculado,Calculado,33.66248171,10.12,0,8.151,6.772,0.0,6,14.65,6.03,0.977,0.402,30.8,33.66248171,33.66248171
418,Uria,1513,901,True,966.0,1078.0,3.2503734162500004,0.91846033625,260.0298733,73.4768269,Calculado,Calculado,11.0488337525,6.88,0,5.768,5.575,0.0,9,1.95,0.93,0.13,0.062,9.77,11.0488337525,11.0488337525
419,Uria-Elexalde,13,901,True,1937.0,1005.0,50.67807276375,1.089115005,4054.2458211,87.1292004,Calculado,Calculado,132.53718776875,80.77,0,43.018,41.04,0.0,7,28.57,1.1,1.905,0.074,110.43,132.53718776875,132.53718776875
420,Uribarri,112,901,True,1567.0,1005.0,16.5200141425,1.089115005,1321.6011314,87.1292004,Calculado,Calculado,59.5291291475,41.92,0,19.414,18.725,0.0,27,9.22,1.1,0.615,0.074,52.23,59.5291291475,59.5291291475
421,Uribarri-Zabaleta,29,901,True,1253.0,1078.0,73.2375285075,0.91846033625,5859.0022806,73.4768269,Calculado,Calculado,148.98598884375002,74.83,0,52.183,48.562,0.0,14,53.37,0.93,3.558,0.062,129.13,148.98598884375002,148.98598884375002
422,Uribe,42,901,True,1521.0,1078.0,25.5385391725,0.91846033625,2043.0831338,73.4768269,Calculado,Calculado,52.72699950875,26.27,0,20.56,18.951,0.0,35,23.22,0.93,1.547,0.062,50.42,52.72699950875,52.72699950875
423,Urigoiti,51,901,True,1554.0,1004.0,26.50214051,2.95083712375,2120.1712408,236.0669699,Calculado,Calculado,120.27297763375,90.82,0,41.255,39.581,0.0,4,23.3,1.8,1.554,0.12,115.92,120.27297763375,120.27297763375
424,Uriondo,28,901,True,1318.0,1078.0,29.0249669925,0.91846033625,2321.9973594,73.4768269,Calculado,Calculado,86.11342732875,56.17,1,27.547,25.933,10.05,14,23.27,0.93,1.551,0.062,80.37,86.11342732875,96.16342732875
425,Urioste,892,903,True,590.0,284.0,3.89252925,2.53,311.40234,169.0,Calculado,Mapeado,18.15252925,11.73,0,8.198,7.785,0.0,31,3.67,2.53,0.244,0.169,17.93,18.15252925,18.15252925
426,Urizar,270,903,True,114254.0,284.0,1.7703349137499995,2.5,141.6267931,166.0,Calculado,Mapeado,88.35033491375,84.08,1,34.84,34.543,24.53,18,1.95,2.5,0.131,0.166,88.53,88.35033491375,112.88033491375
427,Urkitzaur,453,904,True,1140.0,2220.0,2.2987746112500003,0.90773412,183.9019689,72.6187296,Calculado,Calculado,50.056508731250005,46.85,1,24.555,24.317,1.37,15,2.87,0.7,0.191,0.047,50.42,50.056508731250005,51.42650873125
428,Urriola,41,901,True,1258.0,1078.0,18.34647411875,0.91846033625,1467.7179295,73.4768269,Calculado,Calculado,84.484934455,65.22,0,44.062,42.875,0.0,8,16.87,0.93,1.124,0.062,83.02,84.484934455,84.484934455
429,Urrutia,47,901,True,1246.0,1078.0,28.4017264,0.91846033625,2272.138112,73.4768269,Calculado,Calculado,108.22018673625001,78.9,0,52.381,51.58,0.0,24,11.1,0.93,0.74,0.062,90.93,108.22018673625001,108.22018673625001
430,Usansolo,3322,901,True,1396.0,1078.0,7.623889881249999,0.91846033625,609.9111905,73.4768269,Calculado,Calculado,9.9623502175,1.42,0,1.496,1.047,0.0,5,5.8,0.93,0.387,0.062,8.15,9.9623502175,9.9623502175
431,Usparitxa,48,901,True,1070.0,1078.0,11.21769823875,0.91846033625,897.4158591,73.4768269,Calculado,Calculado,35.766158575,23.63,0,18.257,17.671,0.0,16,7.85,0.93,0.524,0.062,32.42,35.766158575,35.766158575
432,Valle,110,903,True,754.0,283.0,14.51260633375,4.08,1161.0085067,272.0,Calculado,Mapeado,51.37260633375,32.78,1,14.38,13.707,3.65,27,6.02,4.08,0.401,0.272,42.88,51.37260633375,55.02260633375
433,Valle de Trápaga/Trapagaran,10120,903,True,370.0,284.0,2.3443998975,2.53,187.5519918,169.0,Calculado,Mapeado,13.6443998975,8.77,0,5.917,5.634,0.0,32,1.72,2.53,0.114,0.169,13.02,13.6443998975,13.6443998975
434,Virgen del Puerto,110,903,True,562.0,245.0,0.6764284899999999,4.57,54.1142792,304.0,Calculado,Mapeado,42.976428489999996,37.73,1,14.846,14.446,4.82,28,1.45,4.57,0.096,0.304,43.75,42.976428489999996,47.79642849
435,Zabaloetxe,914,903,True,408.0,278.0,6.577492712500001,2.5,526.199417,166.0,Calculado,Mapeado,54.707492712500006,45.63,1,25.241,24.706,1.38,10,5.53,2.5,0.369,0.166,53.67,54.707492712500006,56.08749271250001
436,Zaldibar,2832,901,True,1425.0,1078.0,4.9584720437500005,0.91846033625,396.6777635,73.4768269,Calculado,Calculado,36.04693238,30.17,1,28.698,28.284,0.4,20,5.28,0.93,0.353,0.062,36.38,36.04693238,36.44693238
437,Zaldu,148,903,True,877.0,283.0,7.678175738749999,4.08,614.2540591,272.0,Calculado,Mapeado,44.78817573875,33.03,1,20.843,20.041,0.55,1,7.95,4.08,0.53,0.272,45.07,44.78817573875,45.338175738749996
438,Zangroiz,29,903,True,477.0,2064.0,6.86848694625,2.5,549.4789557,166.0,Calculado,Mapeado,24.868486946250002,15.5,0,10.385,9.809,0.0,13,6.13,2.5,0.409,0.166,24.13,24.868486946250002,24.868486946250002
439,Zaramillo,382,902,True,888.0,249.0,1.9434647875,1.52,155.477183,101.0,Calculado,Mapeado,19.583464787500002,16.12,0,9.978,9.744,0.0,32,1.98,1.52,0.133,0.101,19.62,19.583464787500002,19.583464787500002
440,Zaratamo,216,901,True,1655.0,1004.0,0.9661937525,2.95083712375,77.2955002,236.0669699,Calculado,Calculado,30.61703087625,26.7,0,12.405,11.185,0.0,46,16.5,1.8,1.099,0.12,45.0,30.61703087625,30.61703087625
441,Zarrageta,500,904,True,2069.0,2219.0,2.14589953125,0.79330144375,171.6719625,63.4641155,Calculado,Calculado,25.369200975,22.43,0,9.99,9.823,0.0,15,1.58,0.93,0.105,0.062,24.95,25.369200975,25.369200975
442,Zeinka-Zearregi,47,901,True,1493.0,1078.0,43.32740062625,0.91846033625,3466.1920501,73.4768269,Calculado,Calculado,85.6958609625,41.45,0,40.635,38.422,0.0,15,32.25,0.93,2.15,0.062,74.63,85.6958609625,85.6958609625
443,Zelaia Arantzazu,287,901,True,1529.0,1078.0,3.5685691475,0.91846033625,285.4855318,73.4768269,Calculado,Calculado,22.93702948375,18.45,0,12.181,11.949,0.0,30,2.55,0.93,0.17,0.062,21.93,22.93702948375,22.93702948375
444,Zelaia Mendexa,151,901,True,2181.0,1078.0,30.52156219625,0.91846033625,2441.7249757,73.4768269,Calculado,Calculado,112.8200225325,81.38,0,55.005,53.479,0.0,26,21.97,0.93,1.464,0.062,104.28,112.8200225325,112.8200225325
445,Zelaieta,621,901,True,1061.0,1078.0,2.771822405,0.91846033625,221.7457924,73.4768269,Calculado,Calculado,43.01028274125,39.32,0,29.493,29.349,0.0,8,1.23,0.93,0.082,0.062,41.48,43.01028274125,43.01028274125
446,Zollo-Elexalde,47,901,True,1567.0,1005.0,65.3308639375,1.089115005,5226.469115,87.1292004,Calculado,Calculado,108.3399789425,41.92,0,21.461,18.725,0.0,28,39.93,1.1,2.662,0.074,82.95,108.3399789425,108.3399789425
447,Zubero,26,901,True,1257.0,1078.0,19.7656732075,0.91846033625,1581.2538566,73.4768269,Calculado,Calculado,88.33413354375001,67.65,0,44.987,43.838,0.0,8,16.32,0.93,1.087,0.062,84.9,88.33413354375001,88.33413354375001
448,Zubialde,387,901,True,1324.0,1078.0,2.9268388025,0.91846033625,234.1471042,73.4768269,Calculado,Calculado,54.52529913875,50.68,1,23.164,22.863,10.05,12,3.58,0.93,0.238,0.062,55.2,54.52529913875,64.57529913875
449,Zubiaur Bakio,601,904,True,1141.0,2220.0,6.43863562125,0.90773412,515.0908497,72.6187296,Calculado,Calculado,52.12636974125,44.78,1,24.012,23.683,1.37,15,4.22,0.7,0.282,0.047,49.7,52.12636974125,53.49636974125
450,Zubiaur Orozko,1778,901,True,1560.0,1004.0,1.06004024875,2.95083712375,84.8032199,236.0669699,Calculado,Calculado,82.63087737250001,78.62,0,34.648,34.464,0.0,23,0.95,1.8,0.063,0.12,81.37,82.63087737250001,82.63087737250001
451,Zubieta,53,901,True,1392.0,1078.0,9.99718818125,0.91846033625,799.7750545,73.4768269,Calculado,Calculado,18.3656485175,7.45,0,4.609,4.405,0.0,65,2.12,0.93,0.142,0.062,10.5,18.3656485175,18.3656485175
452,Zubiete,425,903,True,937.0,283.0,20.19208181375,4.08,1615.3665451,272.0,Calculado,Mapeado,59.15208181375,34.88,1,20.231,19.524,6.32,14,6.53,4.08,0.435,0.272,45.5,59.15208181375,65.47208181375001
453,Zuloaga,119,901,True,1563.0,1005.0,9.19155118875,1.089115005,735.3240951,87.1292004,Calculado,Calculado,57.060666193749995,46.78,0,22.535,22.08,0.0,27,5.73,1.1,0.382,0.074,53.62,57.060666193749995,57.060666193749995
