Zona_Origen;Poblacion_Origen;Zona_Destino;Usa_Transporte_Publico;Parada_Origen;Parada_Destino;Tiempo_Acceso_Minutos;Tiempo_Salida_Minutos;Distancia_Acceso_Metros;Distancia_Salida_Metros;Tiempo_Viaje_Total_Minutos;Tiempo_Trayecto_Minutos;Numero_Transbordos;Distancia_Viaje_Total_Km;Distancia_Trayecto_Km;Tiempo_Espera_Transbordo_Minutos;Frecuencia_Servicio;Tiempo_Acceso_Original;Tiempo_Salida_Original;Distancia_Acceso_Original_Km;Distancia_Salida_Original_Km;Tiempo_Viaje_Original_Minutos;Tiempo_Total_Puerta_a_Puerta_Minutos;Verificacion_Tiempo_Total
1;1559;905;True;1475;2236;1.48;0.63;118.25;42.00;79.33;77.22;3;43.655;43.576;25.93;6;0.57;0.63;0.037;0.042;78.42;79.32806782;105.2580678
2;25;905;True;582;2236;10.80;0.63;864.30;42.00;88.08;76.65;2;39.989;39.402;7.85;27;8.17;0.63;0.545;0.042;85.45;88.08373937;95.93373937
3;42;905;True;1390;2236;6.44;0.63;515.24;42.00;96.19;89.12;2;51.974;51.233;33.92;19;10.48;0.63;0.699;0.042;100.23;96.19045281;130.1104528
4;22;905;True;1201;17;24.20;9.87;1935.78;658.00;93.47;59.40;1;34.911;33.741;3.58;20;7.68;9.87;0.512;0.658;76.95;93.46726576;97.04726576
5;2272;905;True;163;2236;7.72;0.63;617.97;42.00;52.92;44.57;3;18.145;17.672;16.47;19;6.47;0.63;0.431;0.042;51.67;52.92467727;69.39467727
6;1258;905;True;2130;2236;9.11;0.63;728.54;42.00;79.42;69.68;1;22.211;21.709;24.07;6;6.9;0.63;0.46;0.042;77.22;79.41672034;103.4867203
7;102;905;True;786;2236;30.85;0.63;2468.19;42.00;184.38;152.90;4;67.539;66.409;60.43;7;16.32;0.63;1.087;0.042;169.85;184.3824354;244.8124354
8;194;905;True;1376;2236;8.88;0.63;710.41;42.00;80.08;70.57;1;39.26;38.683;33.55;6;8.02;0.63;0.535;0.042;79.22;80.08012246;113.6301225
9;52;905;True;1071;2236;62.70;0.63;5015.90;42.00;122.88;59.55;1;38.285;35.193;18.17;7;45.75;0.63;3.05;0.042;105.93;122.8787272;141.0487272
10;24;905;True;2051;2236;9.32;0.63;745.53;42.00;32.53;22.58;2;10.363;9.827;1.83;13;7.4;0.63;0.493;0.042;30.62;32.52913781;34.35913781
11;34;905;True;1294;2236;22.08;0.63;1766.50;42.00;178.81;156.10;2;60.315;59.234;56.68;4;15.58;0.63;1.039;0.042;172.32;178.8112641;235.4912641
12;22;905;True;1059;2236;44.12;0.63;3529.69;42.00;152.03;107.28;2;55.655;52.854;41.47;6;41.4;0.63;2.76;0.042;149.32;152.0311511;193.5011511
13;45;905;True;1266;2236;51.25;0.63;4099.65;42.00;159.40;107.52;2;56.43;53.973;39.55;5;36.22;0.63;2.415;0.042;144.37;159.3955959;198.9455959
14;11;905;True;1557;2236;11.10;0.63;887.92;42.00;160.61;148.88;5;63.886;62.955;34.22;3;13.33;0.63;0.889;0.042;162.85;160.6089611;194.8289611
15;296;905;True;1191;2236;2.76;0.63;220.70;42.00;97.91;94.52;2;32.2;31.935;30.37;8;3.35;0.63;0.223;0.042;98.5;97.9088111;128.2788111
16;47;905;True;776;2236;97.11;0.63;7769.01;42.00;257.81;160.07;4;77.154;73.919;60.43;7;47.9;0.63;3.193;0.042;208.6;257.8126236;318.2426236
17;495;905;True;511;2236;5.91;0.63;472.43;42.00;60.01;53.47;1;13.056;12.714;31.87;22;4.48;0.63;0.299;0.042;58.58;60.00538161;91.87538161
18;7;905;True;727;2236;62.15;0.63;4972.14;42.00;283.71;220.93;5;58.269;55.351;138.17;5;43.13;0.63;2.876;0.042;264.7;283.7118117;421.8818117
19;37980;905;True;33;2236;4.44;0.63;355.59;42.00;39.92;34.85;1;8.047;7.707;15.37;20;4.47;0.63;0.298;0.042;39.95;39.92484887;55.29484887
20;33;905;True;1200;17;23.80;9.87;1903.72;658.00;95.09;61.42;1;36.775;34.857;3.58;22;18.9;9.87;1.26;0.658;90.18;95.08654686;98.66654686
21;1827;905;True;893;2236;7.38;0.63;590.25;42.00;80.64;72.63;3;25.984;25.742;28.03;13;3;0.63;0.2;0.042;76.27;80.63818011;108.6681801
22;828;905;True;1103;2236;37.67;0.63;3013.32;42.00;121.90;83.60;2;50.982;49.206;25.4;18;26.02;0.63;1.734;0.042;110.25;121.8964535;147.2964535
23;10645;905;True;525;2236;3.19;0.63;254.98;42.00;14.65;10.83;0;6.425;6.194;0;17;2.83;0.63;0.189;0.042;14.3;14.64725554;14.64725554
24;25;905;True;33541;2236;35.60;0.63;2847.67;42.00;157.28;121.05;2;56.411;55.05;14.78;19;19.8;0.63;1.32;0.042;141.48;157.2758859;172.0558859
25;125;905;True;33541;2236;3.52;0.63;281.24;42.00;125.20;121.05;2;55.374;55.05;14.78;19;4.23;0.63;0.283;0.042;125.92;125.1954972;139.9754972
26;440;905;True;784;2236;3.10;0.63;248.04;42.00;158.35;154.62;4;67.984;67.801;60.43;7;2.12;0.63;0.141;0.042;157.37;158.3505035;218.7805035
27;91;905;True;1148;17;11.48;9.87;918.18;658.00;61.45;40.10;1;23.529;22.2;3.58;9;10.07;9.87;0.671;0.658;60.03;61.4472708;65.0272708
28;17603;905;True;1073;2236;2.87;0.63;229.99;42.00;53.22;49.72;1;28.829;28.644;18.17;7;2.15;0.63;0.143;0.042;52.5;53.22490888;71.39490888
29;23;905;True;1836;2236;30.60;9.87;2447.62;658.00;172.32;131.85;2;57.186;55.391;8.15;13;17.07;9.87;1.138;0.658;158.78;172.3152104;180.4652104
30;36;905;True;1191;2236;9.38;0.63;750.52;42.00;104.53;94.52;2;32.46;31.935;30.37;5;7.25;0.63;0.483;0.042;102.4;104.5315528;134.9015528
31;13139;905;True;30;2236;10.88;0.63;870.74;42.00;52.23;40.72;1;10.33;9.866;15.37;18;6.35;0.63;0.423;0.042;47.7;52.2342036;67.6042036
32;100;905;True;1706;2236;2.15;0.63;172.20;42.00;82.18;79.40;3;36.417;36.255;16.47;7;1.8;0.63;0.12;0.042;81.83;82.18254952;98.65254952
33;167;905;True;2106;2236;1.55;0.63;124.01;42.00;105.56;103.38;2;31.265;31.123;44.98;23;1.5;0.63;0.1;0.042;105.52;105.5601532;150.5401532
34;934;905;True;1479;2236;5.14;0.63;411.04;42.00;90.40;84.63;3;47.01;46.656;25.93;6;4.68;0.63;0.312;0.042;89.95;90.39797641;116.3279764
35;5;905;True;1564;17;20.72;9.87;1657.39;658.00;115.77;85.18;3;36.461;35.202;5.88;15;9;9.87;0.601;0.658;104.05;115.767356;121.647356
36;1543;905;True;1066;2236;5.08;0.63;406.02;42.00;74.91;69.20;1;42.337;41.968;20.82;7;4.9;0.63;0.327;0.042;74.73;74.90530086;95.72530086
37;1909;905;True;637;2236;4.12;0.63;329.21;42.00;89.03;84.28;4;36.58;36.395;28.58;8;2.15;0.63;0.143;0.042;87.07;89.02514506;117.6051451
38;81;905;True;1392;2236;7.50;9.87;599.65;658.00;95.49;78.12;2;31.91;30.981;8.15;19;4.05;9.87;0.27;0.658;92.03;95.48564662;103.6356466
39;32;905;True;1529;2236;4.75;0.63;379.74;42.00;111.01;105.63;2;45.505;45.196;14.78;19;4.02;0.63;0.267;0.042;110.28;111.0067332;125.7867332
40;20;905;True;1340;2236;8.75;0.63;700.20;42.00;129.03;119.65;3;39.837;39.596;30.87;9;2.98;0.63;0.199;0.042;123.27;129.0324974;159.9024974
41;247;905;True;890;2236;2.22;0.63;177.66;42.00;77.53;74.68;3;27.467;27.26;28.03;13;2.48;0.63;0.165;0.042;77.8;77.53072759;105.5607276
42;1245;905;True;1523;2236;3.35;0.63;267.85;42.00;116.25;112.27;2;50.279;50.126;14.78;19;1.67;0.63;0.111;0.042;114.57;116.2481363;131.0281363
43;25409;905;True;821;2236;6.45;0.63;516.00;42.00;39.05;31.97;2;13.691;13.28;1.83;18;5.55;0.63;0.37;0.042;38.15;39.04996016;40.87996016
44;76;905;True;1334;2236;1.61;0.63;128.88;42.00;125.92;123.68;3;41.91;41.75;30.87;9;1.78;0.63;0.119;0.042;126.1;125.9209669;156.7909669
45;35;905;True;1422;2236;8.78;0.63;702.62;42.00;100.41;91.00;1;51.309;50.746;33.55;6;7.82;0.63;0.521;0.042;99.45;100.4127785;133.9627785
46;7;905;True;698;2236;10.03;0.63;802.04;42.00;102.39;91.73;3;47.76;47.426;14.65;17;4.38;0.63;0.292;0.042;96.75;102.3855077;117.0355077
47;487;905;True;1567;17;1.63;9.87;130.17;658.00;93.90;82.40;3;33.839;33.053;5.88;15;1.92;9.87;0.128;0.658;94.18;93.89715096;99.77715096
48;544;905;True;463;2236;15.09;0.63;1207.46;42.00;83.25;67.53;1;15.607;15.405;40.3;21;2.4;0.63;0.16;0.042;70.57;83.25329468;123.5532947
49;33744;905;True;186;17;6.39;9.87;510.88;658.00;70.61;54.35;2;20.838;19.97;5.07;14;3.17;9.87;0.211;0.658;67.38;70.6059643;75.6759643
50;900;905;True;1361;2236;4.86;0.63;389.14;42.00;55.44;49.95;3;19.827;19.551;16.47;19;3.5;0.63;0.233;0.042;54.08;55.44425613;71.91425613
51;66;905;True;1336;2236;2.89;0.63;231.07;42.00;125.60;122.08;3;41.175;40.968;30.87;9;2.48;0.63;0.165;0.042;125.2;125.5983379;156.4683379
52;608;905;True;2109;2236;0.41;0.63;32.66;42.00;113.06;112.02;2;35.607;35.551;44.98;15;0.2;0.63;0.014;0.042;112.85;113.0582983;158.0382983
53;48;905;True;1109;2236;12.05;0.63;964.29;42.00;89.50;76.82;2;44.716;44.13;25.4;8;8.17;0.63;0.544;0.042;85.62;89.50358386;114.9035839
54;365;905;True;1536;17;0.86;9.87;68.88;658.00;91.50;80.77;2;33.065;32.352;8.15;19;0.82;9.87;0.055;0.658;91.45;91.50095979;99.65095979
55;53;905;True;331603;17;35.40;9.87;2832.17;658.00;127.82;82.55;2;35.514;33.798;8.15;18;15.88;9.87;1.058;0.658;108.3;127.8221275;135.9721275
56;58;905;True;2232;2236;1.21;0.63;97.08;42.00;122.91;121.07;2;51.862;51.717;59.78;5;1.55;0.63;0.103;0.042;123.25;122.9134645;182.6934645
57;512;905;True;149;2236;1.09;0.63;87.11;42.00;17.42;15.70;0;8.744;8.643;0;17;0.9;0.63;0.06;0.042;17.23;17.41883796;17.41883796
58;6159;905;True;179;17;5.13;9.87;410.28;658.00;81.90;66.90;2;26.701;25.741;4.68;7;4.52;9.87;0.301;0.658;81.28;81.89855935;86.57855935
59;30;905;True;999;2236;43.77;0.63;3501.71;42.00;145.12;100.72;2;56.468;55.321;35.77;7;16.57;0.63;1.105;0.042;117.92;145.1214118;180.8914118
60;925;905;True;37;2236;5.80;0.63;463.86;42.00;37.05;30.62;1;5.829;5.491;15.37;14;4.43;0.63;0.296;0.042;35.68;37.0482117;52.4182117
61;1185;905;True;15;2236;8.04;0.63;642.98;42.00;30.29;21.62;1;3.86;3.199;15.37;13;9.28;0.63;0.619;0.042;31.53;30.28721471;45.65721471
62;2381;905;True;466;2236;2.01;0.63;160.78;42.00;65.97;63.33;1;13.47;13.282;40.3;20;2.2;0.63;0.146;0.042;66.17;65.96973798;106.269738
63;3761;905;True;512;2236;15.53;0.63;1242.76;42.00;67.23;51.07;1;12.581;11.926;31.87;22;9.18;0.63;0.612;0.042;60.88;67.23450215;99.10450215
64;30;905;True;1348;17;53.81;9.87;4304.81;658.00;135.53;71.85;3;30.989;28.205;5.88;17;31.9;9.87;2.126;0.658;113.62;135.5301868;141.4101868
65;45;905;True;1394;2236;5.42;9.87;433.84;658.00;89.06;73.77;2;30.191;29.108;8.15;20;6.37;9.87;0.424;0.658;90;89.06294423;97.21294423
66;50;905;True;1405;2236;2.22;0.63;177.37;42.00;89.60;86.75;2;49.85;49.686;33.92;17;1.83;0.63;0.122;0.042;89.22;89.59716608;123.5171661
67;43;905;True;2174;2236;30.14;0.63;2411.23;42.00;146.22;115.45;2;52.326;51.425;14.78;19;12.88;0.63;0.859;0.042;128.97;146.2204101;161.0004101
68;28;905;True;1490;2236;37.09;0.63;2967.43;42.00;159.99;122.27;2;70.985;70.23;35.77;7;10.7;0.63;0.713;0.042;133.6;159.9928967;195.7628967
69;10312;905;True;527;2236;2.36;0.63;188.62;42.00;8.97;5.98;0;3.649;3.465;0;17;2.12;0.63;0.142;0.042;8.73;8.967714784;8.967714784
70;53;905;True;1107;2236;3.62;0.63;289.94;42.00;82.70;78.45;2;45.339;45.115;25.4;8;2.73;0.63;0.182;0.042;81.82;82.70425267;108.1042527
71;155;905;True;1688;17;9.50;9.87;760.02;658.00;67.39;48.02;2;29.519;28.155;5.77;20;10.58;9.87;0.706;0.658;68.47;67.39030958;73.16030958
72;372;905;True;1257;2236;3.85;0.63;307.60;42.00;129.48;125.00;2;63.958;63.714;39.55;4;3.03;0.63;0.202;0.042;128.67;129.4750613;169.0250613
73;787;905;True;1101;2236;1.03;0.63;82.23;42.00;88.23;86.57;2;51.017;50.887;25.4;18;1.33;0.63;0.089;0.042;88.53;88.22790303;113.627903
74;33;905;True;1391;2236;12.36;9.87;988.88;658.00;101.23;79.00;2;32.929;31.633;8.15;19;9.57;9.87;0.638;0.658;98.43;101.2309953;109.3809953
75;22;905;True;1413;2236;29.23;0.63;2338.53;42.00;104.34;74.48;2;43.124;42.038;33.92;14;15.67;0.63;1.044;0.042;90.78;104.341624;138.261624
76;32;905;True;1109;2236;38.32;0.63;3065.42;42.00;115.77;76.82;2;46.319;44.13;25.4;13;32.2;0.63;2.147;0.042;109.65;115.7676876;141.1676876
77;7575;905;True;679;2236;14.32;0.63;1145.27;42.00;117.30;102.35;4;47.676;47.078;26.47;12;8.33;0.63;0.556;0.042;111.32;117.2958967;143.7658967
78;6;905;True;1047;2236;19.47;0.63;1557.72;42.00;155.40;135.30;2;70.197;68.798;41.47;7;20.35;0.63;1.357;0.042;156.28;155.4014924;196.8714924
79;89;905;True;1200;17;13.27;9.87;1061.44;658.00;84.56;61.42;1;36.063;34.857;3.58;22;8.22;9.87;0.548;0.658;79.5;84.55804796;88.13804796
80;56;905;True;1975;17;45.26;9.87;3620.90;658.00;155.05;99.92;2;43.881;42.317;8.15;13;13.6;9.87;0.907;0.658;123.38;155.0512064;163.2012064
81;59;905;True;1532;17;10.75;9.87;860.11;658.00;106.42;85.80;2;37.136;36.369;8.15;18;1.63;9.87;0.109;0.658;97.3;106.4213239;114.5713239
82;2494;905;True;2077;17;4.91;9.87;393.07;658.00;57.05;42.27;1;20.999;20.082;0.53;13;3.88;9.87;0.258;0.658;56.02;57.0533508;57.5833508
83;24;905;True;1059;2236;16.38;0.63;1310.64;42.00;124.29;107.28;2;54.033;52.854;41.47;4;17.07;0.63;1.137;0.042;124.98;124.2930188;165.7630188
84;3737;905;True;475;2236;1.15;0.63;92.40;42.00;48.48;46.70;1;9.1;8.961;31.87;22;1.45;0.63;0.096;0.042;48.78;48.48498451;80.35498451
85;37;905;True;1192;2236;25.36;0.63;2028.86;42.00;116.31;90.32;2;31.038;30.384;30.37;5;9.18;0.63;0.612;0.042;100.13;116.3107001;146.6807001
86;38;905;True;1862;2236;0.79;0.63;63.52;42.00;134.27;132.85;2;67.086;67.006;41.47;4;0.58;0.63;0.038;0.042;134.07;134.2740414;175.7440414
87;35;905;True;2050;2236;16.50;0.63;1319.73;42.00;47.75;30.62;1;6.246;5.491;15.37;28;10.68;0.63;0.712;0.042;41.93;47.7466508;63.1166508
88;71;905;True;972;2236;8.87;0.63;709.78;42.00;67.30;57.80;3;22.633;22.052;16.47;21;8.08;0.63;0.539;0.042;66.52;67.30222064;83.77222064
89;45;905;True;1561;17;1.28;9.87;102.02;658.00;116.53;105.38;3;47.899;47.19;5.88;14;0.77;9.87;0.051;0.658;116.02;116.5252569;122.4052569
90;4544;905;True;2132;2236;2.40;0.63;192.16;42.00;48.95;45.92;1;11.12;10.961;23.53;7;1.75;0.63;0.116;0.042;48.3;48.95197232;72.48197232
91;16507;905;True;1199;17;4.68;9.87;374.44;658.00;76.83;62.28;1;36.563;35.61;3.58;21;4.42;9.87;0.294;0.658;76.57;76.83046334;80.41046334
92;36;905;True;1413;2236;35.87;0.63;2869.65;42.00;110.98;74.48;2;43.48;42.038;33.92;16;21;0.63;1.4;0.042;96.12;110.9806173;144.9006173
93;26;905;True;750;2236;63.19;0.63;5055.40;42.00;219.80;155.98;4;72.613;69.359;60.43;7;48.18;0.63;3.213;0.042;204.8;219.8024556;280.2324556
94;2046;905;True;1696;2236;3.60;0.63;287.65;42.00;70.88;66.65;2;18.098;17.877;36.63;16;2.68;0.63;0.179;0.042;69.97;70.8756257;107.5056257
95;100;905;True;1483;2236;32.49;0.63;2599.57;42.00;125.52;92.40;3;52.161;50.506;25.93;15;24.2;0.63;1.613;0.042;117.23;125.5246546;151.4546546
96;3804;905;True;1714;2236;2.14;0.63;171.22;42.00;89.10;86.33;1;46.152;45.442;33.55;6;10.03;0.63;0.669;0.042;97;89.10020402;122.650204
97;36;905;True;811;2236;15.73;0.63;1258.75;42.00;143.53;127.17;4;47.361;46.373;60.43;7;14.18;0.63;0.946;0.042;141.98;143.5344222;203.9644222
98;79;905;True;748;2236;17.86;0.63;1429.08;42.00;171.84;153.35;4;67.675;66.771;60.43;7;12.93;0.63;0.862;0.042;166.92;171.8435541;232.2735541
99;41;905;True;1394;2236;2.31;9.87;185.08;658.00;85.95;73.77;2;29.937;29.108;8.15;20;2.57;9.87;0.171;0.658;86.2;85.95345173;94.10345173
100;94;905;True;1973;17;40.08;9.87;3206.49;658.00;145.95;96.00;2;43.047;40.702;8.15;13;25.3;9.87;1.687;0.658;131.17;145.9511219;154.1011219
101;348605;905;True;1832;2236;4.52;9.87;361.49;658.00;37.74;23.35;0;13.232;11.467;0;24;16.6;9.87;1.106;0.658;49.82;37.73868142;37.73868142
102;174;905;True;1493;2236;25.33;0.63;2026.05;42.00;128.99;103.03;2;59.53;57.665;35.77;7;27.35;0.63;1.823;0.042;131.02;128.9856628;164.7556628
103;36;905;True;784;2236;21.22;0.63;1697.95;42.00;176.47;154.62;4;68.843;67.801;60.43;7;15;0.63;1;0.042;170.25;176.4743719;236.9043719
104;40;905;True;1404;2236;6.33;0.63;506.70;42.00;96.08;89.12;2;51.574;51.233;33.92;18;4.48;0.63;0.298;0.042;94.23;96.08379372;130.0037937
105;36;905;True;1761;17;25.56;0.63;2044.44;42.00;114.59;88.40;2;28.758;27.483;40.57;3;18.5;0.63;1.233;0.042;107.53;114.5855587;155.1555587
106;27;905;True;182;17;24.83;9.87;1986.65;658.00;97.25;62.55;2;25.341;23.885;4.68;12;11.97;9.87;0.798;0.658;84.38;97.25308895;101.933089
107;6;905;True;178;17;31.49;9.87;2519.04;658.00;109.08;67.72;2;27.802;26.072;4.68;7;16.08;9.87;1.072;0.658;93.67;109.0779741;113.7579741
108;27;905;True;587;2236;27.27;0.63;2181.38;42.00;99.33;71.43;2;18.823;18.12;27.15;25;9.92;0.63;0.661;0.042;81.98;99.32720769;126.4772077
109;743;905;True;11;2236;2.51;0.63;200.93;42.00;28.27;25.13;1;4.443;4.282;15.37;13;1.78;0.63;0.119;0.042;27.55;28.27156884;43.64156884
110;81;905;True;710;2236;0.96;0.63;77.08;42.00;103.01;101.42;3;48.401;48.317;9.25;7;0.63;0.63;0.042;0.042;102.68;103.0134891;112.2634891
111;452;905;True;750;2236;1.71;0.63;137.20;42.00;158.32;155.98;4;69.536;69.359;60.43;7;2.03;0.63;0.135;0.042;158.65;158.3249632;218.7549632
112;25;905;True;580;2236;31.34;0.63;2507.35;42.00;111.49;79.52;2;41.858;40.91;7.85;28;13.6;0.63;0.907;0.042;93.75;111.4919163;119.3419163
113;36;905;True;2185;2236;21.82;0.63;1745.76;42.00;171.67;149.22;5;59.611;58.649;64.52;1;13.8;0.63;0.92;0.042;163.65;171.672049;236.192049
114;22;905;True;1096;17;20.80;9.87;1664.04;658.00;93.90;63.23;1;37.86;36.14;3.58;22;15.93;9.87;1.063;0.658;89.03;93.9005523;97.4805523
115;5752;905;True;164;2236;4.62;0.63;369.45;42.00;47.30;42.05;3;16.608;16.275;16.47;19;4.37;0.63;0.291;0.042;47.05;47.29814315;63.76814315
116;25;905;True;1411;2236;13.74;0.63;1099.43;42.00;91.55;77.18;2;45.926;45.09;33.92;16;11.92;0.63;0.794;0.042;89.73;91.55289309;125.4728931
117;7;905;True;1393;2236;17.57;9.87;1405.38;658.00;103.47;76.03;2;31.113;30.132;8.15;19;4.85;9.87;0.323;0.658;90.75;103.4672231;111.6172231
118;29816;905;True;1997;2236;8.37;0.63;669.37;42.00;72.40;63.40;2;39.889;39.343;23.75;6;7.57;0.63;0.504;0.042;71.6;72.39709156;96.14709156
119;448;905;True;1048;2236;1.83;0.63;146.52;42.00;129.39;126.93;2;64.707;64.574;41.47;4;1.35;0.63;0.09;0.042;128.92;129.3914936;170.8614936
120;78;905;True;1419;2236;36.54;0.63;2923.13;42.00;134.19;97.02;1;56.922;55.223;42.9;12;24.85;0.63;1.656;0.042;122.5;134.1891568;177.0891568
121;72;905;True;786;2236;0.34;0.63;27.20;42.00;153.87;152.90;4;66.504;66.409;60.43;7;0.78;0.63;0.052;0.042;154.32;153.8699924;214.2999924
122;31;905;True;620;2236;1.92;0.63;153.72;42.00;83.72;81.17;3;40.601;40.432;9.43;26;1.92;0.63;0.127;0.042;83.72;83.72146091;93.15146091
123;482;905;True;624;2236;2.28;0.63;182.43;42.00;75.76;72.85;2;38.141;37.978;7.85;26;1.82;0.63;0.121;0.042;75.3;75.76042695;83.61042695
124;251;905;True;662;2236;0.31;0.63;25.03;42.00;97.89;96.95;3;50.514;50.43;14.65;11;0.63;0.63;0.042;0.042;98.22;97.89281822;112.5428182
125;159;905;True;561;2236;3.21;0.63;257.13;42.00;100.94;97.10;3;42.377;41.579;30.53;27;11.35;0.63;0.757;0.042;109.08;100.9440743;131.4740743
126;30;905;True;698;2236;2.47;0.63;197.32;42.00;94.83;91.73;3;47.596;47.426;14.65;17;1.92;0.63;0.128;0.042;94.28;94.82654258;109.4765426
127;26;905;True;417;2236;10.62;0.63;849.50;42.00;77.13;65.88;2;35.64;35.25;9.8;27;5.22;0.63;0.348;0.042;71.73;77.12874036;86.92874036
128;337;905;True;1032;2236;0.79;0.63;63.56;42.00;117.02;115.60;2;58.39;58.304;41.47;4;0.67;0.63;0.044;0.042;116.9;117.0244663;158.4944663
129;113;905;True;1252;2236;0.73;0.63;58.47;42.00;136.43;135.07;2;69.034;68.961;39.55;4;0.47;0.63;0.031;0.042;136.17;136.4308817;175.9808817
130;31;905;True;1328;2236;9.53;0.63;762.57;42.00;118.64;108.48;2;49.045;48.403;14.78;19;9;0.63;0.6;0.042;118.12;118.6421866;133.4221866
131;171;905;True;1246;2236;21.59;0.63;1727.10;42.00;162.09;139.87;2;72.619;71.455;39.55;10;16.82;0.63;1.121;0.042;157.32;162.0887258;201.6387258
132;368;905;True;1142;17;5.67;9.87;453.54;658.00;84.16;68.62;1;29.965;28.955;18.6;17;5.28;9.87;0.352;0.658;83.77;84.15922335;102.7592234
133;3445;905;True;182;17;3.98;9.87;318.14;658.00;76.40;62.55;2;24.801;23.885;4.68;10;3.87;9.87;0.258;0.658;76.28;76.3967031;81.0767031
134;335;905;True;1394;2236;1.98;9.87;158.58;658.00;85.62;73.77;2;29.916;29.108;8.15;19;2.25;9.87;0.149;0.658;85.88;85.62229401;93.77229401
135;753;905;True;1126;2236;11.90;0.63;952.17;42.00;67.93;55.40;1;13.56;13.2;31.87;22;4.77;0.63;0.318;0.042;60.8;67.9321289;99.8021289
136;474;905;True;1107;2236;3.18;0.63;254.58;42.00;82.26;78.45;2;45.243;45.115;25.4;7;1.3;0.63;0.086;0.042;80.38;82.2623045;107.6623045
137;300;905;True;157;2236;8.60;0.63;687.80;42.00;65.33;56.10;3;22.244;21.593;16.47;21;9.13;0.63;0.609;0.042;65.87;65.32748099;81.79748099
138;183;905;True;1761;17;2.12;0.63;169.61;42.00;91.15;88.40;2;27.688;27.483;40.57;3;2.45;0.63;0.164;0.042;91.48;91.15009848;131.7200985
139;3851;905;True;2188;2236;5.33;0.63;426.34;42.00;79.98;74.02;1;23.499;23.179;23.53;6;4.17;0.63;0.277;0.042;78.82;79.97926149;103.5092615
140;431;905;True;1055;2236;9.23;0.63;738.68;42.00;121.33;111.47;2;57.034;56.582;41.47;4;6.15;0.63;0.41;0.042;118.25;121.3334412;162.8034412
141;1765;905;True;1660;17;2.26;9.87;181.08;658.00;100.00;87.87;2;37.976;37.212;8.15;18;1.6;9.87;0.106;0.658;99.33;100.0034591;108.1534591
142;93;905;True;455;2236;1.57;0.63;125.70;42.00;79.60;77.40;1;21.074;20.929;40.3;16;1.55;0.63;0.103;0.042;79.58;79.60128477;119.9012848
143;165;905;True;1803;17;2.71;9.87;217.09;658.00;25.70;13.12;0;8.181;7.412;0;1;1.65;9.87;0.111;0.658;24.63;25.70360964;25.70360964
144;9378;905;True;11;2236;6.18;0.63;494.44;42.00;31.94;25.13;1;4.613;4.282;15.37;13;4.35;0.63;0.29;0.042;30.12;31.94045865;47.31045865
145;78;905;True;1268;2236;23.54;0.63;1883.27;42.00;128.74;104.57;2;53.569;52.435;39.55;4;16.38;0.63;1.092;0.042;121.58;128.7408682;168.2908682
146;91;905;True;1723;2236;52.82;0.63;4225.32;42.00;175.85;122.40;2;65.65;62.359;39.55;7;48.73;0.63;3.249;0.042;171.77;175.8464871;215.3964871
147;13;905;True;1939;17;48.34;9.87;3867.08;658.00;204.48;146.27;3;56.058;53.611;34.9;6;26.83;9.87;1.789;0.658;182.97;204.478552;239.378552
148;722;905;True;2167;2236;4.11;0.63;328.70;42.00;81.02;76.28;2;18.05;17.832;43.13;15;2.63;0.63;0.176;0.042;79.55;81.01875175;124.1487517
149;26;905;True;1185;2236;40.81;0.63;3264.95;42.00;149.17;107.73;2;38.508;36.89;30.37;9;23.63;0.63;1.576;0.042;132;149.1719149;179.5419149
150;93;905;True;1059;2236;21.05;0.63;1683.78;42.00;128.96;107.28;2;54.229;52.854;41.47;4;20;0.63;1.333;0.042;127.92;128.9572121;170.4272121
151;115;905;True;367;2236;2.24;0.63;178.85;42.00;60.59;57.72;2;13.26;12.58;27.15;15;9.57;0.63;0.638;0.042;67.92;60.58568426;87.73568426
152;138;905;True;1392;2236;6.46;9.87;517.13;658.00;94.45;78.12;2;31.966;30.981;8.15;19;4.9;9.87;0.326;0.658;92.88;94.45409578;102.6040958
153;20;905;True;1403;2236;24.72;0.63;1977.20;42.00;116.17;90.82;2;53.921;52.72;33.92;15;17.38;0.63;1.159;0.042;108.83;116.1650454;150.0850454
154;6578;905;True;1485;2236;5.22;0.63;417.90;42.00;95.95;90.10;3;50.293;49.89;25.93;8;5.42;0.63;0.361;0.042;96.15;95.95370248;121.8837025
155;1589;905;True;1647;17;3.45;9.87;276.12;658.00;35.05;21.73;1;13.179;12.366;0.53;1;2.33;9.87;0.156;0.658;33.93;35.05154545;35.58154545
156;418;905;True;473;2236;1.71;0.63;136.79;42.00;50.41;48.07;1;9.945;9.82;31.87;22;1.23;0.63;0.082;0.042;49.93;50.4098829;82.2798829
157;988;905;True;145;2236;12.32;0.63;985.40;42.00;31.10;18.15;0;10.822;10.322;0;18;6.87;0.63;0.458;0.042;25.65;31.09749415;31.09749415
158;441;905;True;978;2236;33.59;0.63;2687.24;42.00;141.99;107.77;2;63.274;60.827;35.77;9;36.07;0.63;2.405;0.042;144.47;141.9904782;177.7604782
159;89;905;True;1765;17;1.67;0.63;133.50;42.00;87.00;84.70;2;25.473;25.311;40.57;3;1.8;0.63;0.121;0.042;87.13;86.99877621;127.5687762
160;311;905;True;1613;17;4.70;9.87;375.62;658.00;38.05;23.48;0;15.76;14.821;0;1;4.23;9.87;0.282;0.658;37.58;38.04526025;38.04526025
161;37;905;True;1329;2236;2.14;0.63;171.25;42.00;133.57;130.80;3;45.317;45.176;30.87;9;1.48;0.63;0.099;0.042;132.92;133.5705708;164.4405708
162;15615;905;True;1420;2236;2.49;0.63;199.59;42.00;97.22;94.10;1;54.511;54.284;33.55;6;2.78;0.63;0.185;0.042;97.52;97.22489692;130.7748969
163;33;905;True;1395;2236;17.18;9.87;1374.80;658.00;98.90;71.85;2;29.673;28.179;8.15;20;12.55;9.87;0.837;0.658;94.27;98.90499882;107.0549988
164;64;905;True;331603;17;20.43;9.87;1634.50;658.00;112.85;82.55;2;34.912;33.798;8.15;18;6.85;9.87;0.456;0.658;99.27;112.8512781;121.0012781
165;324;905;True;320;2236;49.26;0.63;3940.92;42.00;105.54;55.65;3;17.802;15.002;19.78;23;41.37;0.63;2.758;0.042;97.65;105.5415135;125.3215135
166;2512;905;True;1108;2236;8.55;0.63;683.97;42.00;82.56;73.38;1;44.616;43.956;20.82;7;9.28;0.63;0.618;0.042;83.3;82.55960659;103.3796066
167;905;905;True;1491;2236;1.20;0.63;95.66;42.00;119.60;117.77;2;68.421;68.329;35.77;7;0.75;0.63;0.05;0.042;119.15;119.5956951;155.3656951
168;73;905;True;1186;2236;42.47;0.63;3397.60;42.00;148.67;105.57;2;37.753;36.093;30.37;9;24.28;0.63;1.618;0.042;130.48;148.6700056;179.0400056
169;21;905;True;1328;2236;5.39;0.63;431.13;42.00;114.50;108.48;2;48.828;48.403;14.78;19;5.73;0.63;0.383;0.042;114.85;114.4991337;129.2791337
170;956;905;True;11;2236;3.57;0.63;285.60;42.00;29.33;25.13;1;4.607;4.282;15.37;13;4.25;0.63;0.283;0.042;30.02;29.33005521;44.70005521
171;76;905;True;1391;2236;2.01;9.87;160.72;658.00;90.88;79.00;2;32.44;31.633;8.15;19;2.25;9.87;0.15;0.658;91.12;90.87905368;99.02905368
172;74;905;True;1072;2236;32.71;0.63;2617.17;42.00;104.01;70.67;2;32.891;31.639;32.78;7;18.15;0.63;1.21;0.042;89.45;104.0146394;136.7946394
173;244;905;True;326934;2236;8.23;0.63;658.47;42.00;85.29;76.43;2;44.747;44.147;33.92;16;8.38;0.63;0.558;0.042;85.45;85.29088519;119.2108852
174;66;905;True;1059;2236;55.90;0.63;4472.28;42.00;163.81;107.28;2;56.64;52.854;41.47;7;56.17;0.63;3.744;0.042;164.08;163.8134565;205.2834565
175;25;905;True;1107;2236;8.80;0.63;703.64;42.00;87.88;78.45;2;45.743;45.115;25.4;10;8.78;0.63;0.586;0.042;87.87;87.87544211;113.2754421
176;183;905;True;373;2236;14.00;0.63;1120.31;42.00;74.88;60.25;2;14.235;13.618;27.15;13;8.63;0.63;0.575;0.042;69.52;74.88384133;102.0338413
177;4142;905;True;610;2236;2.54;0.63;203.29;42.00;77.60;74.43;2;38.677;38.473;7.85;25;2.43;0.63;0.162;0.042;77.5;77.60108781;85.45108781
178;20;905;True;1554;2236;33.53;0.63;2682.22;42.00;186.54;152.38;5;67.821;65.608;34.22;3;32.57;0.63;2.172;0.042;185.58;186.5377427;220.7577427
179;268;905;True;2131;2236;5.00;0.63;399.78;42.00;74.38;68.75;1;21.722;21.405;24.07;6;4.12;0.63;0.275;0.042;73.5;74.37730638;98.44730638
180;135;905;True;1427;2236;44.99;0.63;3599.60;42.00;127.44;81.82;1;44.101;41.307;33.55;6;41.28;0.63;2.752;0.042;123.73;127.4449699;160.9949699
181;798;905;True;462;2236;2.32;0.63;185.39;42.00;71.95;69.00;1;16.331;16.139;40.3;20;2.23;0.63;0.149;0.042;71.87;71.94731555;112.2473156
182;467;905;True;1530;2236;1.20;0.63;95.89;42.00;106.21;104.38;2;44.728;44.615;14.78;19;1.08;0.63;0.072;0.042;106.1;106.2086116;120.9886116
183;37;905;True;1043;2236;1.26;0.63;100.61;42.00;143.41;141.52;2;73.647;73.56;41.47;7;0.68;0.63;0.045;0.042;142.83;143.4076421;184.8776421
184;32;905;True;1425;2236;22.42;0.63;1793.43;42.00;111.17;88.12;1;48.833;47.526;33.55;6;18.97;0.63;1.265;0.042;107.72;111.1679216;144.7179216
185;33;905;True;1483;2236;19.67;0.63;1573.98;42.00;112.70;92.40;3;51.885;50.506;25.93;15;20.05;0.63;1.337;0.042;113.08;112.7047297;138.6347297
186;27;905;True;1511;2236;25.65;0.63;2052.35;42.00;144.51;118.23;2;63.962;62.74;49;6;17.72;0.63;1.181;0.042;136.58;144.5143143;193.5143143
187;12756;905;True;1065;2236;3.45;0.63;276.02;42.00;75.66;71.58;1;42.817;42.579;20.82;7;2.93;0.63;0.196;0.042;75.15;75.6602737;96.4802737
188;25;905;True;1262;2236;5.88;0.63;470.11;42.00;121.38;114.87;2;58.557;58.108;39.55;4;6.1;0.63;0.407;0.042;121.6;121.3764315;160.9264315
189;953;905;True;1139;17;4.41;9.87;352.49;658.00;86.33;72.05;1;31.623;30.729;18.6;17;3.55;9.87;0.237;0.658;85.47;86.32607532;104.9260753
190;387;905;True;1593;17;19.62;9.87;1569.62;658.00;61.76;32.27;1;18.056;16.087;0.53;14;19.67;9.87;1.311;0.658;61.8;61.76031107;62.29031107
191;230;905;True;1142;17;2.26;9.87;181.20;658.00;80.75;68.62;1;29.774;28.955;18.6;17;2.42;9.87;0.161;0.658;80.9;80.75494489;99.35494489
192;27;905;True;21786;2236;41.73;0.63;3338.32;42.00;114.59;72.23;2;40.79;39.42;33.92;12;19.92;0.63;1.328;0.042;92.78;114.5889868;148.5089868
193;22;905;True;2182;2236;42.45;0.63;3396.23;42.00;193.55;150.47;5;60.67;59.601;64.52;1;15.4;0.63;1.027;0.042;166.5;193.5528853;258.0728853
194;23;905;True;733;2236;37.82;0.63;3025.42;42.00;175.18;136.73;4;55.817;53.826;60.43;7;29.22;0.63;1.948;0.042;166.58;175.1777964;235.6077964
195;50;905;True;1071;2236;20.35;0.63;1627.82;42.00;80.53;59.55;1;36.183;35.193;18.17;7;14.22;0.63;0.948;0.042;74.4;80.52778081;98.69778081
196;1819;905;True;642;2236;0.94;0.63;74.88;42.00;79.37;77.80;4;33.404;33.305;28.58;8;0.85;0.63;0.057;0.042;79.28;79.36594575;107.9459457
197;53;905;True;2114;2236;19.06;0.63;1525.13;42.00;121.99;102.30;2;30.792;30.102;44.98;23;9.73;0.63;0.648;0.042;112.67;121.9941709;166.9741709
198;140;905;True;179;17;11.32;9.87;905.25;658.00;88.09;66.90;2;27.045;25.741;4.68;7;9.68;9.87;0.646;0.658;86.45;88.08561804;92.76561804
199;23;905;True;1655;17;46.54;9.87;3723.30;658.00;124.13;67.72;2;28.382;26.072;4.68;7;24.78;9.87;1.653;0.658;102.37;124.1313119;128.8113119
200;10;905;True;789;2236;13.30;0.63;1063.82;42.00;163.48;149.55;4;64.775;63.796;60.43;7;14.07;0.63;0.937;0.042;164.25;163.4777451;223.9077451
201;129;905;True;681;2236;0.72;0.63;57.30;42.00;95.58;94.23;4;41.446;41.322;26.47;24;1.23;0.63;0.083;0.042;96.1;95.57621771;122.0462177
202;465;905;True;1328;2236;1.17;0.63;93.30;42.00;110.28;108.48;2;48.528;48.403;14.78;19;1.23;0.63;0.083;0.042;110.35;110.2762913;125.0562913
203;41;905;True;1935;2236;7.10;0.63;568.07;42.00;125.40;117.67;2;53.183;52.853;14.78;19;4.32;0.63;0.288;0.042;122.62;125.4008461;140.1808461
204;183;905;True;1394;2236;7.24;9.87;578.87;658.00;90.88;73.77;2;30.32;29.108;8.15;19;8.3;9.87;0.553;0.658;91.93;90.8759334;99.0259334
205;107;905;True;1554;2236;5.08;0.63;406.44;42.00;158.09;152.38;5;65.86;65.608;34.22;3;3.15;0.63;0.21;0.042;156.17;158.0905482;192.3105482
206;30;905;True;1071;2236;40.12;0.63;3209.49;42.00;100.30;59.55;1;37.267;35.193;18.17;7;30.47;0.63;2.031;0.042;90.65;100.2986438;118.4686438
207;18;905;True;1253;2236;80.74;0.63;6458.83;42.00;215.44;134.07;2;72.914;68.438;39.55;9;66.5;0.63;4.433;0.042;201.2;215.4353574;254.9853574
208;29;905;True;2192;17;6.97;9.87;557.73;658.00;122.94;106.10;2;45.654;44.855;8.15;13;2.12;9.87;0.141;0.658;118.08;122.9416528;131.0916528
209;11;905;True;1658;17;39.32;9.87;3145.58;658.00;143.52;94.33;2;42.089;39.881;8.15;13;23.25;9.87;1.55;0.658;127.45;143.519736;151.669736
210;1752;905;True;1391;2236;4.44;9.87;355.48;658.00;93.31;79.00;2;32.535;31.633;8.15;20;3.67;9.87;0.244;0.658;92.53;93.31348513;101.4634851
211;92;905;True;33541;2236;40.27;0.63;3221.29;42.00;161.95;121.05;2;57.275;55.05;14.78;19;32.75;0.63;2.183;0.042;154.43;161.9461343;176.7261343
212;116;905;True;929;2236;8.35;0.63;668.35;42.00;108.15;99.17;3;40.777;40.44;28.03;15;4.42;0.63;0.294;0.042;104.22;108.154342;136.184342
213;798;905;True;894;2236;7.99;0.63;639.59;42.00;79.32;70.70;3;25.671;25.276;28.03;13;5.3;0.63;0.353;0.042;76.63;79.32489917;107.3548992
214;26;905;True;1299;2236;2.94;0.63;234.91;42.00;145.65;142.08;2;50.941;50.748;56.68;5;2.27;0.63;0.151;0.042;144.98;145.646338;202.326338
215;338;905;True;1046;2236;1.98;0.63;158.16;42.00;139.43;136.82;2;70.598;70.46;41.47;4;1.43;0.63;0.096;0.042;138.88;139.4269858;180.8969858
216;972;905;True;2092;2236;64.34;0.63;5146.91;42.00;156.29;91.32;2;24.121;22.359;42.45;19;25.8;0.63;1.72;0.042;117.75;156.2863464;198.7363464
217;31;905;True;2181;2236;28.83;0.63;2306.38;42.00;173.01;143.55;2;74.518;73.355;39.55;10;16.82;0.63;1.121;0.042;161;173.0097034;212.5597034
218;769;905;True;11;2236;3.05;0.63;243.99;42.00;28.81;25.13;1;4.505;4.282;15.37;13;2.72;0.63;0.181;0.042;28.48;28.80982629;44.17982629
219;38;905;True;1390;2236;13.01;0.63;1040.42;42.00;104.46;90.82;2;53.258;52.72;33.92;20;7.45;0.63;0.496;0.042;98.9;104.4552745;138.3752745
220;2874;905;True;1376;2236;2.98;0.63;238.11;42.00;74.18;70.57;1;38.908;38.683;33.55;6;2.75;0.63;0.183;0.042;73.95;74.17634227;107.7263423
221;101;905;True;1432;2236;1.20;0.63;95.62;42.00;94.70;92.87;2;42.801;42.663;38.5;2;1.43;0.63;0.096;0.042;94.93;94.69522313;133.1952231
222;143;905;True;1394;2236;8.95;9.87;716.00;658.00;92.59;73.77;2;30.234;29.108;8.15;19;7.02;9.87;0.468;0.658;90.65;92.58999037;100.7399904
223;61;905;True;1066;2236;16.00;0.63;1279.70;42.00;85.83;69.20;1;43.051;41.968;20.82;7;15.63;0.63;1.042;0.042;85.47;85.82626921;106.6462692
224;78;905;True;754;2236;15.48;0.63;1238.80;42.00;111.96;95.85;3;41.242;40.81;30.53;27;5.85;0.63;0.39;0.042;102.33;111.9649566;142.4949566
225;206;905;True;1062;2236;5.04;0.63;402.88;42.00;104.99;99.32;2;48.568;48.163;41.47;6;5.45;0.63;0.363;0.042;105.4;104.9859957;146.4559957
226;945;905;True;177;2236;15.23;9.87;1218.34;658.00;94.43;69.33;2;27.625;26.712;4.68;10;3.83;9.87;0.256;0.658;83.03;94.42927479;99.10927479
227;5717;905;True;164;2236;8.65;0.63;692.35;42.00;51.33;42.05;3;16.875;16.275;16.47;19;8.37;0.63;0.558;0.042;51.05;51.33442172;67.80442172
228;21062;905;True;1359;2236;8.54;0.63;682.99;42.00;60.84;51.67;3;20.78;20.323;16.47;21;6.23;0.63;0.416;0.042;58.53;60.83740059;77.30740059
229;43;905;True;220863;2236;15.36;0.63;1228.71;42.00;160.01;144.02;2;78.087;77.045;41.47;13;15;0.63;1;0.042;159.65;160.0088399;201.4788399
230;49;905;True;1742;2236;0.83;0.63;66.51;42.00;116.43;114.97;3;51.383;51.262;23.22;9;1.18;0.63;0.079;0.042;116.78;116.4313168;139.6513168
231;445;905;True;60417;2236;1.98;0.63;158.33;42.00;110.49;107.88;3;44.246;44.093;30.28;14;1.68;0.63;0.112;0.042;110.2;110.4891002;140.7691002
232;340;905;True;556;2236;4.55;0.63;364.01;42.00;107.01;101.83;2;32.285;32.004;27.15;25;3.58;0.63;0.238;0.042;106.05;107.0100658;134.1600658
233;76;905;True;581;2236;15.15;0.63;1211.92;42.00;93.51;77.73;2;41.117;40.334;7.85;28;11.12;0.63;0.741;0.042;89.48;93.50894838;101.3589484
234;878;905;True;696;2236;4.35;0.63;348.33;42.00;100.53;95.55;3;49.556;49.438;14.65;12;1.15;0.63;0.076;0.042;97.33;100.5341858;115.1841858
235;14;905;True;758;2236;60.50;0.63;4839.91;42.00;219.21;158.08;4;74.074;71.694;60.43;7;35.07;0.63;2.338;0.042;193.78;219.208915;279.638915
236;14;905;True;772;2236;96.89;0.63;7750.86;42.00;262.14;164.62;4;84.766;78.962;60.43;7;86.43;0.63;5.762;0.042;251.68;262.1356881;322.5656881
237;2186;905;True;2050;2236;12.82;0.63;1025.21;42.00;39.07;25.62;2;11.976;11.324;1.83;17;9.17;0.63;0.611;0.042;35.42;39.06511091;40.89511091
238;305;905;True;559;2236;2.13;0.63;170.66;42.00;99.19;96.43;3;41.492;41.329;30.53;27;1.82;0.63;0.121;0.042;98.88;99.19322408;129.7232241
239;16;905;True;581;2236;14.64;0.63;1171.60;42.00;93.00;77.73;2;40.899;40.334;7.85;27;7.83;0.63;0.523;0.042;86.2;93.00498111;100.8549811
240;317;905;True;2305;2236;0.75;0.63;60.20;42.00;149.85;148.47;5;58.197;58.092;64.52;1;0.95;0.63;0.063;0.042;150.05;149.8525149;214.3725149
241;28;905;True;369;2236;24.46;0.63;1957.15;42.00;89.49;64.40;2;16.445;15.276;27.15;25;16.9;0.63;1.127;0.042;81.93;89.49435108;116.6443511
242;255;905;True;886;2236;3.58;0.63;286.77;42.00;83.04;78.83;3;29.958;29.771;28.03;13;2.18;0.63;0.145;0.042;81.65;83.04456957;111.0745696
243;55;905;True;750;2236;11.27;0.63;901.96;42.00;167.88;155.98;4;70.156;69.359;60.43;7;11.33;0.63;0.756;0.042;167.95;167.8845258;228.3145258
244;43;905;True;726;2236;51.08;0.63;4086.59;42.00;274.01;222.30;5;58.513;56.032;138.17;5;36.58;0.63;2.439;0.042;259.52;274.0123898;412.1823898
245;2905;905;True;2050;2236;5.40;0.63;431.75;42.00;31.65;25.62;2;11.731;11.324;1.83;10;5.47;0.63;0.365;0.042;31.72;31.6468182;33.4768182
246;76;905;True;2256;2236;34.99;0.63;2799.16;42.00;146.75;111.13;2;50.687;49.729;14.78;19;13.75;0.63;0.916;0.042;125.52;146.7494702;161.5294702
247;1025;905;True;180;17;2.77;9.87;221.66;658.00;78.16;65.52;2;26.027;25.186;4.68;10;2.75;9.87;0.183;0.658;78.13;78.1607401;82.8407401
248;3543;905;True;2219;17;3.22;9.87;257.53;658.00;37.79;24.70;1;14.194;13.346;0.53;7;2.83;9.87;0.189;0.658;37.4;37.78913115;38.31913115
249;935;905;True;37;2236;6.21;0.63;497.15;42.00;37.46;30.62;1;5.868;5.491;15.37;14;5.02;0.63;0.335;0.042;36.27;37.46437421;52.83437421
250;119;905;True;1109;2236;1.16;0.63;93.05;42.00;78.61;76.82;2;44.243;44.13;25.4;7;1.07;0.63;0.071;0.042;78.52;78.61312966;104.0131297
251;223;905;True;770;2236;1.94;0.63;155.05;42.00;169.59;167.02;4;81.632;81.485;60.43;7;1.57;0.63;0.105;0.042;169.22;169.588182;230.018182
252;66;905;True;780;2236;81.62;0.63;6529.44;42.00;239.20;156.95;4;74.997;70.438;60.43;7;67.75;0.63;4.517;0.042;225.33;239.1979772;299.6279772
253;17;905;True;1250;2236;1.69;0.63;135.09;42.00;139.64;137.32;2;70.258;70.126;39.55;4;1.35;0.63;0.09;0.042;139.3;139.6385911;179.1885911
254;35;905;True;1536;17;11.23;9.87;898.40;658.00;101.87;80.77;2;33.241;32.352;8.15;19;3.47;9.87;0.231;0.658;94.1;101.8700445;110.0200445
255;162;905;True;1148;17;1.16;9.87;93.20;658.00;51.13;40.10;1;22.921;22.2;3.58;8;0.95;9.87;0.064;0.658;50.92;51.13497331;54.71497331
256;210;905;True;366;2236;35.36;0.63;2828.84;42.00;122.01;86.02;3;17.157;15.89;46.78;26;18.37;0.63;1.225;0.042;105.02;122.0105263;168.7905263
257;42;905;True;750;2236;18.00;0.63;1440.20;42.00;174.61;155.98;4;70.716;69.359;60.43;7;19.73;0.63;1.316;0.042;176.35;174.6125415;235.0425415
258;21;905;True;612;2236;18.60;0.63;1488.30;42.00;100.41;81.18;2;23.379;22.03;27.15;26;19.6;0.63;1.307;0.042;101.42;100.4138052;127.5638052
259;1978;905;True;580;2236;2.28;0.63;182.07;42.00;82.43;79.52;2;41.071;40.91;7.85;28;1.8;0.63;0.12;0.042;81.95;82.42586751;90.27586751
260;43;905;True;662;2236;30.60;0.63;2447.87;42.00;128.18;96.95;3;51.886;50.43;14.65;11;21.22;0.63;1.415;0.042;118.8;128.1784102;142.8284102
261;95;905;True;697;2236;8.94;0.63;715.01;42.00;103.75;94.18;3;49.198;48.71;14.65;12;6.7;0.63;0.447;0.042;101.52;103.7475786;118.3975786
262;35;905;True;2181;2236;20.54;0.63;1643.23;42.00;164.72;143.55;2;74.238;73.355;39.55;10;12.62;0.63;0.841;0.042;156.8;164.7203215;204.2703215
263;455;905;True;975;2236;25.13;0.63;2010.18;42.00;65.01;39.25;3;14.77;14.242;16.47;19;7.28;0.63;0.486;0.042;47.17;65.00728121;81.47728121
264;7180;905;True;220863;2236;12.10;0.63;967.69;42.00;156.75;144.02;2;77.751;77.045;41.47;11;9.97;0.63;0.665;0.042;154.62;156.7461294;198.2161294
265;29;905;True;1258;2236;38.08;0.63;3046.58;42.00;161.86;123.15;2;64.743;62.751;39.55;6;29.23;0.63;1.949;0.042;153.02;161.8622458;201.4122458
266;90;905;True;1390;2236;5.64;0.63;451.47;42.00;97.09;90.82;2;53.213;52.72;33.92;20;6.77;0.63;0.451;0.042;98.22;97.09340318;131.0134032
267;5;905;True;1937;17;76.12;9.87;6089.27;658.00;235.41;149.42;3;59.769;55.367;34.9;6;56.15;9.87;3.743;0.658;215.43;235.4059092;270.3059092
268;124;905;True;113359;2236;2.87;0.63;229.46;42.00;99.43;95.93;3;50.341;50.111;14.22;4;2.83;0.63;0.188;0.042;99.4;99.42827224;113.6482722
269;91;905;True;1785;2236;19.92;0.63;1593.88;42.00;132.63;112.08;3;50.817;50.034;23.22;9;11.1;0.63;0.74;0.042;123.82;132.633502;155.853502
270;101;905;True;1271;2236;1.46;0.63;116.42;42.00;101.21;99.12;2;49.09;48.948;39.55;4;1.5;0.63;0.1;0.042;101.25;101.2052926;140.7552926
271;50;905;True;620;2236;29.00;0.63;2320.40;42.00;110.80;81.17;3;41.368;40.432;9.43;27;13.42;0.63;0.894;0.042;95.22;110.804948;120.234948
272;615;905;True;1652;2236;3.89;0.63;311.24;42.00;74.52;70.00;3;36.668;36.344;9.72;12;4.23;0.63;0.283;0.042;74.87;74.52054943;84.24054943
273;56;905;True;1066;2236;16.23;0.63;1298.55;42.00;86.06;69.20;1;42.955;41.968;20.82;7;14.18;0.63;0.945;0.042;84.02;86.06184581;106.8818458
274;646;905;True;89;2236;17.21;0.63;1376.90;42.00;42.34;24.50;0;14.47;13.976;0;18;6.77;0.63;0.452;0.042;31.9;42.34130071;42.34130071
275;110;905;True;79384;2236;2.19;0.63;175.18;42.00;152.22;149.40;3;64.567;64.366;46.22;7;2.38;0.63;0.159;0.042;152.42;152.2197742;198.4397742
276;19;905;True;1257;2236;34.52;0.63;2761.40;42.00;160.15;125.00;2;65.754;63.714;39.55;6;29.98;0.63;1.998;0.042;155.62;160.147441;199.697441
277;625;905;True;1421;2236;3.58;0.63;286.31;42.00;96.21;92.00;1;52.133;51.875;33.55;6;3.25;0.63;0.217;0.042;95.88;96.20888955;129.7588896
278;17;905;True;787;2236;9.10;0.63;727.74;42.00;160.81;151.08;4;65.428;64.992;60.43;7;5.92;0.63;0.394;0.042;157.63;160.806736;221.236736
279;376;905;True;1435;2236;19.59;0.63;1567.35;42.00;117.62;97.40;2;45.755;45.263;38.5;2;6.75;0.63;0.45;0.042;104.78;117.6218588;156.1218588
280;243;905;True;1149;17;5.96;9.87;476.86;658.00;53.30;37.47;1;21.784;20.768;3.58;8;5.37;9.87;0.358;0.658;52.7;53.30072077;56.88072077
281;4324;905;True;978;2236;2.81;0.63;224.99;42.00;111.21;107.77;2;61.003;60.827;35.77;7;2;0.63;0.133;0.042;110.4;111.2123746;146.9823746
282;28;905;True;1348;17;30.17;9.87;2413.31;658.00;111.89;71.85;3;29.95;28.205;5.88;17;16.3;9.87;1.087;0.658;98.02;111.8863988;117.7663988
283;15;905;True;1479;2236;16.37;0.63;1309.73;42.00;101.63;84.63;3;47.721;46.656;25.93;12;15.33;0.63;1.023;0.042;100.6;101.6316303;127.5616303
284;52;905;True;758;2236;18.05;0.63;1443.62;42.00;176.76;158.08;4;72.715;71.694;60.43;7;14.68;0.63;0.978;0.042;173.4;176.7552342;237.1852342
285;20;905;True;1184;2236;27.27;0.63;2181.36;42.00;136.47;108.57;2;38.511;37.196;30.37;9;19.1;0.63;1.273;0.042;128.3;136.4670516;166.8370516
286;20;905;True;1185;2236;13.73;0.63;1098.19;42.00;122.09;107.73;2;37.104;36.89;30.37;7;2.58;0.63;0.173;0.042;110.95;122.0874228;152.4574228
287;17;905;True;1940;17;70.69;9.87;5655.32;658.00;225.48;144.92;3;57.159;52.86;34.9;6;54.62;9.87;3.641;0.658;209.4;225.4814548;260.3814548
288;15;905;True;2006;2236;15.01;0.63;1200.91;42.00;155.37;139.73;3;58.545;57.359;46.22;7;17.17;0.63;1.144;0.042;157.53;155.3713392;201.5913392
289;1255;905;True;11;2236;8.48;0.63;678.40;42.00;34.24;25.13;1;4.86;4.282;15.37;13;8.05;0.63;0.537;0.042;33.82;34.23997267;49.60997267
290;132;905;True;2145;2236;40.57;0.63;3245.69;42.00;137.72;96.52;2;48.627;47.476;39.55;4;16.63;0.63;1.109;0.042;113.78;137.7211503;177.2711503
291;36;905;True;1393;2236;3.88;9.87;310.45;658.00;89.78;76.03;2;30.884;30.132;8.15;19;1.42;9.87;0.094;0.658;87.32;89.78062489;97.93062489
292;48;905;True;1485;2236;25.06;0.63;2005.00;42.00;115.79;90.10;3;51.682;49.89;25.93;15;26.25;0.63;1.75;0.042;116.98;115.7925586;141.7225586
293;885;905;True;693;2236;1.32;0.63;105.46;42.00;102.70;100.75;3;53.044;52.921;14.65;12;1.22;0.63;0.082;0.042;102.6;102.6982521;117.3482521
294;37;905;True;1258;2236;47.45;0.63;3796.16;42.00;171.23;123.15;2;65.434;62.751;39.55;7;39.62;0.63;2.641;0.042;163.4;171.231956;210.781956
295;147;905;True;1148;17;16.58;9.87;1326.07;658.00;66.55;40.10;1;23.709;22.2;3.58;10;12.77;9.87;0.851;0.658;62.73;66.54583952;70.12583952
296;56;905;True;1107;2236;58.04;0.63;4643.56;42.00;137.12;78.45;2;48.224;45.115;25.4;13;46;0.63;3.067;0.042;125.08;137.1245587;162.5245587
297;5142;905;True;683;2236;6.46;0.63;516.72;42.00;95.17;88.08;4;38.448;38.105;26.47;14;4.52;0.63;0.302;0.042;93.23;95.16896384;121.6389638
298;109;905;True;179;17;5.14;9.87;411.03;658.00;81.91;66.90;2;26.665;25.741;4.68;7;3.98;9.87;0.266;0.658;80.75;81.9078324;86.5878324
299;20;905;True;784;2236;12.57;0.63;1005.94;42.00;167.82;154.62;4;68.517;67.801;60.43;7;10.1;0.63;0.674;0.042;165.35;167.8242966;228.2542966
300;1359;905;True;11;2236;6.39;0.63;511.16;42.00;32.15;25.13;1;4.633;4.282;15.37;13;4.63;0.63;0.309;0.042;30.4;32.14956185;47.51956185
301;22;905;True;699;2236;28.31;0.63;2264.58;42.00;117.69;88.75;3;46.789;45.869;14.65;17;13.18;0.63;0.879;0.042;102.57;117.6872458;132.3372458
302;31;905;True;698;2236;25.48;0.63;2038.65;42.00;117.84;91.73;3;48.498;47.426;14.65;17;15.45;0.63;1.03;0.042;107.82;117.8431546;132.4931546
303;9737;905;True;1593;17;5.60;9.87;447.95;658.00;47.74;32.27;1;17.104;16.087;0.53;7;5.38;9.87;0.359;0.658;47.52;47.73937436;48.26937436
304;1649;905;True;1097;2236;1.53;0.63;122.65;42.00;94.44;92.28;2;54.456;54.323;25.4;18;1.37;0.63;0.091;0.042;94.28;94.44315276;119.8431528
305;12276;905;True;2221;17;5.01;9.87;400.74;658.00;43.66;28.78;0;19.175;18.234;0;1;4.23;9.87;0.282;0.658;42.88;43.65927349;43.65927349
306;239;905;True;1262;2236;0.59;0.63;47.10;42.00;116.09;114.87;2;58.173;58.108;39.55;4;0.35;0.63;0.023;0.042;115.85;116.088711;155.638711
307;1743;905;True;1474;2236;2.27;0.63;181.51;42.00;82.05;79.15;3;44.348;44.159;25.93;6;2.2;0.63;0.147;0.042;81.98;82.04883875;107.9788387
308;52;905;True;581;2236;9.35;0.63;747.70;42.00;87.71;77.73;2;40.923;40.334;7.85;28;8.2;0.63;0.547;0.042;86.57;87.70630898;95.55630898
309;242;905;True;1395;2236;10.21;9.87;816.54;658.00;91.93;71.85;2;29.279;28.179;8.15;21;6.63;9.87;0.442;0.658;88.35;91.92669289;100.0766929
310;115;905;True;1105;2236;3.23;0.63;258.27;42.00;84.16;80.30;2;47.365;47.132;25.4;9;2.87;0.63;0.191;0.042;83.8;84.15843588;109.5584359
311;36;905;True;1562;17;7.32;9.87;585.32;658.00;121.44;104.25;3;47.3;46.049;5.88;15;8.9;9.87;0.593;0.658;123.02;121.4365381;127.3165381
312;45;905;True;1257;2236;18.12;0.63;1449.88;42.00;143.75;125.00;2;64.54;63.714;39.55;4;11.77;0.63;0.784;0.042;137.4;143.7535244;183.3035244
313;199;905;True;2179;2236;3.34;0.63;267.04;42.00;127.82;123.85;2;63.008;62.714;41.47;4;3.78;0.63;0.252;0.042;128.27;127.8180104;169.2880104
314;1529;905;True;13;2236;8.58;0.63;686.78;42.00;39.83;30.62;1;5.981;5.491;15.37;14;6.72;0.63;0.448;0.042;37.97;39.8347409;55.2047409
315;185;905;True;585;2236;5.56;0.63;445.06;42.00;76.42;70.23;2;36.936;36.843;7.85;26;0.77;0.63;0.051;0.042;71.63;76.42324129;84.27324129
316;43;905;True;1975;17;59.15;9.87;4731.66;658.00;168.94;99.92;2;45.244;42.317;8.15;13;34.03;9.87;2.269;0.658;143.82;168.9357521;177.0857521
317;68;905;True;686;2236;1.61;0.63;129.03;42.00;114.29;112.05;3;60.031;59.83;9.03;11;2.4;0.63;0.16;0.042;115.08;114.2928863;123.3228863
318;559;905;True;1660;17;6.55;9.87;524.02;658.00;104.29;87.87;2;38.242;37.212;8.15;18;5.58;9.87;0.372;0.658;103.32;104.2901963;112.4401963
319;36;905;True;75582;2236;2.31;0.63;184.88;42.00;109.89;106.95;2;46.279;46.163;14.78;18;1.1;0.63;0.074;0.042;108.68;109.8910011;124.6710011
320;69;905;True;1973;17;12.42;9.87;993.79;658.00;118.29;96.00;2;41.975;40.702;8.15;13;9.23;9.87;0.615;0.658;115.1;118.2923686;126.4423686
321;537;905;True;190;17;16.84;9.87;1347.06;658.00;75.46;48.75;2;19.557;18.016;5.07;11;13.23;9.87;0.883;0.658;71.85;75.45819779;80.52819779
322;8139;905;True;1487;2236;8.24;0.63;659.10;42.00;138.57;129.70;2;74.055;73.625;43.78;7;5.82;0.63;0.388;0.042;136.15;138.5687425;182.3487425
323;2005;905;True;11;2236;10.84;0.63;867.53;42.00;36.60;25.13;1;4.864;4.282;15.37;13;8.1;0.63;0.54;0.042;33.87;36.60414811;51.97414811
324;35;905;True;1707;2236;16.80;0.63;1343.86;42.00;95.33;77.90;3;35.977;35.407;16.47;4;7.92;0.63;0.528;0.042;86.45;95.32826021;111.7982602
325;42;905;True;1415;2236;51.40;0.63;4112.20;42.00;124.26;72.23;2;41.985;40.393;33.92;13;23.25;0.63;1.55;0.042;96.12;124.2625121;158.1825121
326;7457;905;True;586;2236;2.42;0.63;193.55;42.00;75.57;72.52;2;18.714;18.554;27.15;25;1.77;0.63;0.118;0.042;74.92;75.56934132;102.7193413
327;1265;905;True;2004;2236;2.21;9.87;176.88;658.00;146.45;134.37;2;57.222;56.428;8.15;13;2.05;9.87;0.136;0.658;146.28;146.4509726;154.6009726
328;22;905;True;1520;2236;16.07;0.63;1285.22;42.00;135.43;118.73;2;53.991;53.352;14.78;19;8.95;0.63;0.596;0.042;128.32;135.4252752;150.2052752
329;44;905;True;786;2236;75.12;0.63;6009.44;42.00;228.65;152.90;4;70.178;66.409;60.43;7;55.9;0.63;3.727;0.042;209.43;228.6480358;289.0780358
330;120;905;True;2185;2236;5.62;0.63;449.65;42.00;155.47;149.22;5;59.002;58.649;64.52;1;4.67;0.63;0.312;0.042;154.52;155.4705644;219.9905644
331;34;905;True;1781;2236;27.67;0.63;2213.27;42.00;129.78;101.48;4;48.254;46.626;26.47;12;23.78;0.63;1.586;0.042;125.9;129.7758585;156.2458585
332;44;905;True;363;2236;36.53;0.63;2922.35;42.00;112.21;75.05;3;17.534;15.82;35.48;27;25.08;0.63;1.672;0.042;100.77;112.2093658;147.6893658
333;28;905;True;789;2236;39.60;0.63;3168.38;42.00;189.78;149.55;4;65.466;63.796;60.43;7;24.43;0.63;1.629;0.042;174.62;189.7846919;250.2146919
334;110;905;True;15;2236;14.20;0.63;1135.76;42.00;36.45;21.62;1;4.099;3.199;15.37;14;12.87;0.63;0.858;0.042;35.12;36.44694383;51.81694383
335;1955;905;True;37;2236;6.02;0.63;481.43;42.00;37.27;30.62;1;5.784;5.491;15.37;14;3.75;0.63;0.25;0.042;35;37.26781788;52.63781788
336;523;905;True;1520;2236;2.70;0.63;216.08;42.00;122.06;118.73;2;53.467;53.352;14.78;19;1.08;0.63;0.073;0.042;120.45;122.0609623;136.8409623
337;2684;905;True;2131;2236;8.09;0.63;647.38;42.00;77.47;68.75;1;21.914;21.405;24.07;6;7.02;0.63;0.467;0.042;76.4;77.47219409;101.5421941
338;184;905;True;2297;2236;13.58;0.63;1086.10;42.00;116.23;102.02;2;33.198;32.272;27.15;27;13.25;0.63;0.884;0.042;115.9;116.2262325;143.3762325
339;444;905;True;475;2236;13.66;0.63;1093.01;42.00;60.99;46.70;1;9.854;8.961;31.87;22;12.75;0.63;0.85;0.042;60.08;60.99266938;92.86266938
340;44885;905;True;232;2236;3.80;0.63;303.81;42.00;90.00;85.57;2;26.149;25.894;26.42;24;3.18;0.63;0.213;0.042;89.38;89.99763973;116.4176397
341;18;905;True;1937;17;58.17;9.87;4653.46;658.00;217.46;149.42;3;58.415;55.367;34.9;6;35.85;9.87;2.39;0.658;195.13;217.4582019;252.3582019
342;396;905;True;1392;2236;4.43;9.87;354.51;658.00;92.42;78.12;2;31.964;30.981;8.15;19;4.87;9.87;0.324;0.658;92.85;92.42143624;100.5714362
343;46;905;True;773;2236;31.12;0.63;2489.61;42.00;194.13;162.38;4;78.451;76.48;60.43;7;28.93;0.63;1.929;0.042;191.95;194.1301311;254.5601311
344;195;905;True;581;2236;7.08;0.63;566.45;42.00;85.44;77.73;2;40.643;40.334;7.85;28;4;0.63;0.267;0.042;82.37;85.44061376;93.29061376
345;24;905;True;784;2236;61.16;0.63;4892.73;42.00;216.41;154.62;4;70.67;67.801;60.43;7;42.4;0.63;2.827;0.042;197.65;216.4090688;276.8390688
346;478;905;True;1660;17;2.89;9.87;231.58;658.00;100.63;87.87;2;38.016;37.212;8.15;18;2.18;9.87;0.145;0.658;99.92;100.6347518;108.7847518
347;254;905;True;11;2236;7.41;0.63;592.82;42.00;33.17;25.13;1;4.729;4.282;15.37;13;6.08;0.63;0.405;0.042;31.85;33.17028635;48.54028635
348;55;905;True;1346;17;35.57;9.87;2845.31;658.00;118.76;73.32;3;31.006;29.391;5.88;17;14.37;9.87;0.958;0.658;97.55;118.7563639;124.6363639
349;72;905;True;180;17;3.35;9.87;267.89;658.00;78.74;65.52;2;25.954;25.186;4.68;10;1.65;9.87;0.11;0.658;77.03;78.73861802;83.41861802
350;41;905;True;1486;2236;1.88;0.63;150.24;42.00;90.31;87.80;3;48.945;48.784;25.93;6;1.78;0.63;0.118;0.042;90.22;90.30799833;116.2379983
351;242;905;True;13;2236;8.32;0.63;665.22;42.00;41.22;32.27;1;4.371;3.806;23.53;14;7.85;0.63;0.523;0.042;40.75;41.21527982;64.74527982
352;7;905;True;766;2236;1.11;0.63;88.73;42.00;163.42;161.68;4;75.773;75.699;60.43;7;0.48;0.63;0.032;0.042;162.8;163.4191658;223.8491658
353;131;905;True;780;2236;31.97;0.63;2557.22;42.00;189.55;156.95;4;71.537;70.438;60.43;7;15.85;0.63;1.057;0.042;173.43;189.5452036;249.9752036
354;1850;905;True;511;2236;5.32;0.63;425.58;42.00;59.42;53.47;1;13.032;12.714;31.87;22;4.13;0.63;0.276;0.042;58.23;59.41971247;91.28971247
355;36;905;True;1785;2236;19.12;0.63;1529.63;42.00;131.83;112.08;3;50.723;50.034;23.22;9;9.7;0.63;0.646;0.042;122.42;131.8304029;155.0504029
356;43;905;True;1391;2236;5.91;9.87;472.87;658.00;94.78;79.00;2;32.684;31.633;8.15;20;5.9;9.87;0.393;0.658;94.77;94.78085144;102.9308514
357;54;905;True;1468;2236;0.46;0.63;36.44;42.00;116.16;115.07;2;49.121;49.029;48.95;5;0.75;0.63;0.05;0.042;116.45;116.1555295;165.1055295
358;6038;905;True;554;2236;6.69;0.63;535.37;42.00;93.84;86.52;2;43.682;43.261;14.35;22;5.68;0.63;0.379;0.042;92.83;93.8420953;108.1920953
359;299;905;True;1660;17;10.91;9.87;873.00;658.00;108.65;87.87;2;38.506;37.212;8.15;18;9.53;9.87;0.635;0.658;107.27;108.6525028;116.8025028
360;399;905;True;11;2236;6.02;0.63;481.28;42.00;31.78;25.13;1;4.612;4.282;15.37;13;4.32;0.63;0.288;0.042;30.08;31.77599404;47.14599404
361;44;905;True;79384;2236;4.78;0.63;382.27;42.00;154.81;149.40;3;64.6;64.366;46.22;7;2.88;0.63;0.192;0.042;152.92;154.8083707;201.0283707
362;241;905;True;2141;2236;5.73;0.63;458.62;42.00;105.98;99.62;2;29.466;29.237;27.15;25;2.82;0.63;0.188;0.042;103.07;105.9828115;133.1328115
363;118;905;True;557;2236;0.29;0.63;23.28;42.00;99.57;98.65;3;42.219;42.15;30.53;27;0.4;0.63;0.026;0.042;99.68;99.57096167;130.1009617
364;145;905;True;691;2236;2.84;0.63;227.06;42.00;106.87;103.40;3;54.593;54.35;14.65;12;3.02;0.63;0.201;0.042;107.05;106.868217;121.518217
365;117;905;True;726;2236;0.23;0.63;18.25;42.00;223.16;222.30;5;56.093;56.032;138.17;5;0.28;0.63;0.019;0.042;223.22;223.158166;361.328166
366;44;905;True;582;2236;4.74;0.63;379.14;42.00;82.02;76.65;2;39.777;39.402;7.85;28;4.98;0.63;0.333;0.042;82.27;82.01927943;89.86927943
367;242;905;True;1739;2236;1.59;0.63;127.13;42.00;120.62;118.40;3;52.863;52.722;23.22;9;1.48;0.63;0.099;0.042;120.52;120.6190732;143.8390732
368;84;905;True;1069;2236;2.88;0.63;230.69;42.00;67.59;64.08;1;39.011;38.74;18.17;7;3.43;0.63;0.228;0.042;68.15;67.59357423;85.76357423
369;28;905;True;559;2236;1.89;0.63;151.21;42.00;98.95;96.43;3;41.497;41.329;30.53;27;1.9;0.63;0.126;0.042;98.97;98.9501184;129.4801184
370;101375;905;True;828;2236;85.09;0.63;6807.51;42.00;115.87;30.15;2;12.868;12.678;1.83;19;2.22;0.63;0.148;0.042;33;115.8738735;117.7038735
371;968;905;True;933;2236;1.53;0.63;122.37;42.00;97.53;95.37;3;37.991;37.827;28.03;18;1.83;0.63;0.122;0.042;97.83;97.52966314;125.5596631
372;1830;905;True;584;2236;5.22;0.63;417.71;42.00;77.45;71.60;2;37.942;37.442;7.85;27;6.87;0.63;0.458;0.042;79.1;77.45131848;85.30131848
373;44;905;True;772;2236;3.21;0.63;256.69;42.00;168.46;164.62;4;79.221;78.962;60.43;7;3.25;0.63;0.217;0.042;168.5;168.4586287;228.8886287
374;54;905;True;728;2236;20.16;0.63;1613.18;42.00;240.36;219.57;5;55.838;54.604;138.17;5;17.87;0.63;1.191;0.042;238.07;240.3647162;378.5347162
375;2939;905;True;190;17;15.53;9.87;1242.46;658.00;74.15;48.75;2;19.789;18.016;5.07;11;16.73;9.87;1.115;0.658;75.35;74.15074779;79.22074779
376;68;905;True;582;2236;6.78;0.63;542.46;42.00;81.84;74.43;2;38.959;38.473;7.85;27;6.67;0.63;0.444;0.042;81.73;81.84073527;89.69073527
377;40;905;True;1968;17;27.58;9.87;2206.03;658.00;127.07;89.62;2;40.207;38.021;8.15;13;22.92;9.87;1.528;0.658;122.4;127.0654048;135.2154048
378;32;905;True;784;2236;64.63;0.63;5170.37;42.00;219.88;154.62;4;70.181;67.801;60.43;7;35.08;0.63;2.338;0.042;190.33;219.8796608;280.3096608
379;156;905;True;702;2236;2.04;0.63;163.40;42.00;84.87;82.20;3;42.636;42.441;14.65;28;2.3;0.63;0.153;0.042;85.13;84.87245773;99.52245773
380;28;905;True;1465;2236;1.60;0.63;127.99;42.00;120.70;118.47;2;50.627;50.492;48.95;5;1.4;0.63;0.093;0.042;120.5;120.6999331;169.6499331
381;171;905;True;1665;2236;12.35;0.63;988.08;42.00;17.15;4.17;0;3.108;2.318;0;17;11.22;0.63;0.748;0.042;16.02;17.15094324;17.15094324
382;53;905;True;1664;2236;8.28;0.63;662.29;42.00;10.93;2.02;0;1.985;1.395;0;16;8.22;0.63;0.547;0.042;10.87;10.92862896;10.92862896
383;46088;905;True;227;2236;6.26;0.63;501.14;42.00;88.34;81.45;3;37.024;36.725;18.88;27;3.85;0.63;0.257;0.042;85.93;88.34430453;107.2243045
384;1558;905;True;15;2236;6.99;0.63;559.23;42.00;29.24;21.62;1;3.613;3.199;15.37;13;5.58;0.63;0.372;0.042;27.83;29.24034675;44.61034675
385;28255;905;True;269;2236;1.23;0.63;98.19;42.00;53.44;51.58;3;15.969;15.848;19.37;15;1.18;0.63;0.079;0.042;53.4;53.43738965;72.80738965
386;31;905;True;780;2236;31.76;0.63;2540.87;42.00;189.34;156.95;4;71.826;70.438;60.43;7;20.18;0.63;1.345;0.042;177.77;189.340831;249.770831
387;4165;905;True;645;2236;5.22;0.63;417.99;42.00;92.00;86.15;3;33.367;33.296;28.03;15;0.43;0.63;0.029;0.042;87.22;92.00483954;120.0348395
388;582;905;True;682;2236;21.91;0.63;1752.83;42.00;124.57;102.03;3;53.242;52.731;16.93;13;7.02;0.63;0.468;0.042;109.68;124.5703648;141.5003648
389;242;905;True;756;2236;3.97;0.63;317.43;42.00;161.65;157.05;4;70.849;70.541;60.43;7;4;0.63;0.267;0.042;161.68;161.6478342;222.0778342
390;290;905;True;1098;2236;2.13;0.63;170.55;42.00;92.36;89.60;2;52.911;52.702;25.4;18;2.52;0.63;0.167;0.042;92.75;92.36190105;117.7619011
391;56;905;True;1390;2236;0.94;0.63;75.02;42.00;92.39;90.82;2;52.957;52.72;33.92;18;2.92;0.63;0.195;0.042;94.37;92.38778428;126.3077843
392;231;905;True;36;2236;12.01;0.63;960.42;42.00;44.46;31.82;1;6.948;6.229;15.37;14;10.15;0.63;0.677;0.042;42.6;44.45520007;59.82520007
393;6;905;True;1262;2236;20.62;0.63;1649.95;42.00;136.12;114.87;2;58.961;58.108;39.55;4;12.15;0.63;0.81;0.042;127.65;136.124375;175.674375
394;3725;905;True;1427;2236;1.91;0.63;152.51;42.00;84.36;81.82;1;41.473;41.307;33.55;6;1.85;0.63;0.124;0.042;84.3;84.35641001;117.90641
395;126;905;True;806;2236;2.79;0.63;222.85;42.00;134.45;131.03;4;49.637;49.388;60.43;7;3.12;0.63;0.207;0.042;134.78;134.4456323;194.8756323
396;55;905;True;796;2236;3.47;0.63;277.96;42.00;138.77;134.67;4;52.515;52.228;60.43;7;3.68;0.63;0.245;0.042;138.98;138.7745226;199.2045226
397;58;905;True;617;2236;7.43;0.63;594.72;42.00;113.53;105.47;3;42.737;42.116;30.28;14;8.68;0.63;0.579;0.042;114.78;113.533972;143.813972
398;169;905;True;1149;17;6.84;9.87;547.42;658.00;54.18;37.47;1;21.717;20.768;3.58;8;4.37;9.87;0.291;0.658;51.7;54.18271125;57.76271125
399;611;905;True;2131;2236;11.11;0.63;888.47;42.00;80.49;68.75;1;21.935;21.405;24.07;7;7.33;0.63;0.489;0.042;76.72;80.48588822;104.5558882
400;129;905;True;1391;2236;12.85;9.87;1028.03;658.00;103.49;80.77;2;33.501;32.352;8.15;19;7.37;9.87;0.491;0.658;98;103.4904274;111.6404274
401;1002;905;True;2050;2236;14.49;0.63;1159.55;42.00;44.47;29.35;1;5.765;4.977;15.37;30;11.18;0.63;0.746;0.042;41.17;44.474387;59.844387
402;31;905;True;1273;2236;1.66;0.63;132.83;42.00;96.94;94.65;2;46.695;46.497;39.55;7;2.35;0.63;0.156;0.042;97.63;96.94037708;136.4903771
403;21;905;True;53;2236;9.27;0.63;741.58;42.00;16.62;6.72;0;4.295;3.726;0;17;7.92;0.63;0.528;0.042;15.27;16.61970424;16.61970424
404;4092;905;True;1344;17;23.36;9.87;1868.46;658.00;108.58;75.35;2;31.681;30.613;4.68;7;6.15;9.87;0.41;0.658;91.37;108.5757555;113.2557555
405;33;905;True;992;2236;1.22;0.63;97.40;42.00;144.38;142.53;2;72.923;72.826;39.55;8;0.82;0.63;0.055;0.042;143.98;144.3775284;183.9275284
406;463;905;True;1973;17;0.43;9.87;34.14;658.00;106.30;96.00;2;41.396;40.702;8.15;13;0.55;9.87;0.037;0.658;106.42;106.2967405;114.4467405
407;36;905;True;1525;2236;1.12;0.63;89.39;42.00;111.77;110.02;2;49.165;49.061;14.78;19;0.93;0.63;0.062;0.042;111.58;111.7674361;126.5474361
408;260;905;True;1171;2236;4.03;0.63;322.20;42.00;113.81;109.15;2;48.813;48.536;45.88;7;3.52;0.63;0.235;0.042;113.3;113.8075135;159.6875135
409;12;905;True;1938;17;80.56;9.87;6444.65;658.00;238.55;148.12;3;58.231;54.64;34.9;6;43.98;9.87;2.932;0.658;201.97;238.5481256;273.4481256
410;691;905;True;374;2236;2.22;0.63;177.61;42.00;64.47;61.62;3;17.156;17.067;19.78;18;0.72;0.63;0.048;0.042;62.97;64.47006457;84.25006457
411;5208;905;True;1593;17;15.00;9.87;1199.62;658.00;57.14;32.27;1;17.666;16.087;0.53;7;13.82;9.87;0.921;0.658;55.95;57.13522462;57.66522462
412;403;905;True;1847;17;2.88;9.87;230.26;658.00;19.28;6.53;0;5.326;4.477;0;1;2.87;9.87;0.191;0.658;19.27;19.27831161;19.27831161
413;36;905;True;33541;2236;18.04;0.63;1443.16;42.00;139.72;121.05;2;56.018;55.05;14.78;19;13.9;0.63;0.926;0.042;135.58;139.7194668;154.4994668
414;44;905;True;1109;2236;12.48;0.63;998.32;42.00;89.93;76.82;2;44.798;44.13;25.4;9;9.4;0.63;0.627;0.042;86.85;89.92902084;115.3290208
415;1599;905;True;2191;2236;1.75;0.63;140.05;42.00;49.73;47.35;3;18.296;18.131;16.47;19;1.85;0.63;0.123;0.042;49.83;49.73059985;66.20059985
416;3591;905;True;1587;17;5.33;9.87;426.17;658.00;169.22;154.02;3;59.622;58.715;34.9;6;3.73;9.87;0.249;0.658;167.62;169.2171579;204.1171579
417;300;905;True;2188;2236;16.70;0.63;1336.20;42.00;91.35;74.02;1;24.199;23.179;23.53;6;14.65;0.63;0.977;0.042;89.3;91.35249126;114.8824913
418;1513;905;True;457;2236;5.66;0.63;452.84;42.00;80.72;74.43;1;20.146;19.716;40.3;21;5.82;0.63;0.388;0.042;80.88;80.72046048;121.0204605
419;13;905;True;1937;17;50.68;9.87;4054.25;658.00;209.97;149.42;3;57.93;55.367;34.9;6;28.57;9.87;1.905;0.658;187.85;209.9680728;244.8680728
420;112;905;True;1567;17;16.52;9.87;1321.60;658.00;108.79;82.40;3;34.326;33.053;5.88;15;9.22;9.87;0.615;0.658;101.48;108.7900141;114.6700141
421;29;905;True;1253;2236;73.24;0.63;5859.00;42.00;207.94;134.07;2;72.039;68.438;39.55;7;53.37;0.63;3.558;0.042;188.07;207.9375285;247.4875285
422;42;905;True;1521;2236;25.54;0.63;2043.08;42.00;142.54;116.37;2;53.787;52.198;14.78;19;23.22;0.63;1.547;0.042;140.22;142.5385392;157.3185392
423;51;905;True;1554;2236;26.50;0.63;2120.17;42.00;179.51;152.38;5;67.204;65.608;34.22;3;23.3;0.63;1.554;0.042;176.32;179.5121405;213.7321405
424;28;905;True;1339;2236;26.42;0.63;2113.95;42.00;147.20;120.15;3;41.405;39.847;30.87;9;22.75;0.63;1.516;0.042;143.53;147.2043158;178.0743158
425;892;905;True;589;2236;3.63;0.63;290.36;42.00;73.04;68.78;2;17.376;17.061;27.15;24;4.1;0.63;0.273;0.042;73.52;73.03948746;100.1894875
426;270;905;True;2116;2236;5.53;0.63;442.75;42.00;105.48;99.32;2;29.192;28.698;44.98;23;6.78;0.63;0.452;0.042;106.73;105.4843173;150.4643173
427;453;905;True;1140;17;2.30;9.87;183.90;658.00;83.09;70.92;1;30.998;30.148;18.6;17;2.87;9.87;0.191;0.658;83.65;83.08877461;101.6887746
428;41;905;True;1258;2236;18.35;0.63;1467.72;42.00;142.13;123.15;2;63.918;62.751;39.55;4;16.87;0.63;1.124;0.042;140.65;142.1264741;181.6764741
429;47;905;True;1246;2236;28.40;0.63;2272.14;42.00;168.90;139.87;2;72.237;71.455;39.55;8;11.1;0.63;0.74;0.042;151.6;168.9017264;208.4517264
430;3322;905;True;1078;2236;9.28;9.87;742.67;658.00;87.05;67.90;2;27.743;26.576;8.15;23;7.65;9.87;0.509;0.658;85.42;87.05337197;95.20337197
431;48;905;True;1070;2236;11.22;0.63;897.42;42.00;74.47;62.62;1;38.22;37.655;18.17;7;7.85;0.63;0.524;0.042;71.1;74.46769824;92.63769824
432;110;905;True;754;2236;14.51;0.63;1161.01;42.00;110.99;95.85;3;41.254;40.81;30.53;27;6.02;0.63;0.401;0.042;102.5;110.9926063;141.5226063
433;10120;905;True;370;2236;2.34;0.63;187.55;42.00;66.29;63.32;2;14.998;14.842;27.15;16;1.72;0.63;0.114;0.042;65.67;66.2943999;93.4443999
434;110;905;True;562;2236;0.68;0.63;54.11;42.00;98.41;97.10;3;42.488;41.579;30.53;27;13.02;0.63;0.867;0.042;110.75;98.40642849;128.9364285
435;914;905;True;405;17;6.20;9.87;495.98;658.00;21.44;5.37;0;4.595;3.553;0;1;5.75;9.87;0.384;0.658;20.98;21.43973613;21.43973613
436;2832;905;True;1425;2236;4.96;0.63;396.68;42.00;93.71;88.12;1;47.921;47.526;33.55;6;5.28;0.63;0.353;0.042;94.03;93.70847204;127.258472
437;148;905;True;877;2236;7.68;0.63;614.25;42.00;126.34;118.03;3;37.036;36.464;60.18;6;7.95;0.63;0.53;0.042;126.62;126.3381757;186.5181757
438;29;905;True;376;17;10.34;9.87;827.06;658.00;28.26;8.05;0;5.868;4.844;0;18;5.48;9.87;0.366;0.658;23.4;28.25823381;28.25823381
439;382;905;True;888;2236;1.94;0.63;155.48;42.00;79.32;76.75;3;28.328;28.153;28.03;13;1.98;0.63;0.133;0.042;79.37;79.32346479;107.3534648
440;216;905;True;1655;17;0.97;9.87;77.30;658.00;77.74;66.90;2;27.499;25.741;4.68;7;16.5;9.87;1.099;0.658;93.27;77.73619375;82.41619375
441;500;905;True;36;2236;9.50;0.63;760.06;42.00;41.95;31.82;1;6.731;6.229;15.37;14;6.9;0.63;0.46;0.042;39.35;41.95073721;57.32073721
442;47;905;True;1493;2236;43.33;0.63;3466.19;42.00;146.99;103.03;2;59.857;57.665;35.77;7;32.25;0.63;2.15;0.042;135.92;146.9874006;182.7574006
443;287;905;True;1529;2236;3.57;0.63;285.49;42.00;109.83;105.63;2;45.407;45.196;14.78;19;2.55;0.63;0.17;0.042;108.82;109.8285691;124.6085691
444;151;905;True;2181;2236;30.52;0.63;2441.72;42.00;174.70;143.55;2;74.861;73.355;39.55;10;21.97;0.63;1.464;0.042;166.15;174.7015622;214.2515622
445;621;905;True;1061;2236;2.77;0.63;221.75;42.00;104.62;101.22;2;49.464;49.341;41.47;6;1.23;0.63;0.082;0.042;103.08;104.6218224;146.0918224
446;47;905;True;1568;17;67.04;9.87;5362.88;658.00;158.11;81.20;3;35.164;32.043;5.88;15;36.95;9.87;2.464;0.658;128.02;158.1060409;163.9860409
447;26;905;True;1257;2236;19.77;0.63;1581.25;42.00;145.40;125.00;2;64.843;63.714;39.55;4;16.32;0.63;1.087;0.042;141.95;145.3956732;184.9456732
448;387;905;True;1332;2236;3.76;0.63;300.87;42.00;130.41;126.02;3;43.52;43.186;30.87;9;4.37;0.63;0.291;0.042;131.02;130.4108527;161.2808527
449;601;905;True;1141;17;6.44;9.87;515.09;658.00;86.01;69.70;1;30.454;29.515;18.6;17;4.22;9.87;0.282;0.658;83.78;86.00863562;104.6086356
450;1778;905;True;1560;17;1.06;9.87;84.80;658.00;119.50;108.57;3;49.725;49.004;5.88;14;0.95;9.87;0.063;0.658;119.38;119.5000402;125.3800402
451;53;905;True;1392;2236;10.00;9.87;799.78;658.00;97.99;78.12;2;31.781;30.981;8.15;19;2.12;9.87;0.142;0.658;90.1;97.98718818;106.1371882
452;425;905;True;937;2236;20.19;0.63;1615.37;42.00;112.72;91.90;3;36.424;35.947;28.03;18;6.53;0.63;0.435;0.042;99.07;112.7220818;140.7520818
453;119;905;True;1563;17;9.19;9.87;735.32;658.00;105.91;86.85;3;37.43;36.39;5.88;15;5.73;9.87;0.382;0.658;102.45;105.9115512;111.7915512
