Zona_Origen;Poblacion_Origen;Zona_Destino;Usa_Transporte_Publico;Parada_Origen;Parada_Destino;Tiempo_Acceso_Minutos;Tiempo_Salida_Minutos;Distancia_Acceso_Metros;Distancia_Salida_Metros;Tiempo_Viaje_Total_Minutos;Tiempo_Trayecto_Minutos;Numero_Transbordos;Distancia_Viaje_Total_Km;Distancia_Trayecto_Km;Tiempo_Espera_Transbordo_Minutos;Frecuencia_Servicio
1;1559;616;False;;;0.57;1.72;37.00;114.00;2.28;0;0;0.152;0;0;0
2;25;579;True;582;610;10.80;0.69;864.30;55.54;13.02;1.52;0;1.523;0.929;0;18
3;42;675;True;1390;1392;6.44;6.75;515.24;540.31;15.22;2.03;0;2.207;1.369;0;75
4;22;569;True;1218;1096;24.44;5.50;1955.29;440.33;33.50;3.55;0;3.335;2.514;0;38
5;2272;620;False;;;2.65;2.48;177.00;166.00;5.13;0;0;0.343;0;0;0
6;1258;694;True;2093;2094;5.96;2.65;476.76;211.82;9.54;0.93;0;1.007;0.521;0;96
7;102;641;True;748;750;33.82;2.82;2705.66;225.94;39.27;2.63;0;3.882;2.588;0;7
8;194;665;False;;;4.78;2.23;319.00;149.00;7.02;0;0;0.467;0;0;0
9;52;689;True;1013;1016;62.69;1.49;5014.98;118.90;68.59;4.42;0;7.61;4.452;0;55
10;24;515;True;23;26;3.47;0.29;277.41;23.05;8.06;4.3;0;1.767;1.608;0;40
11;34;662;True;1284;1029;28.67;1.02;2293.27;81.98;33.02;3.33;0;3.239;2.086;0;5
12;22;662;True;1025;1029;44.34;1.02;3547.39;81.98;49.05;3.68;0;6.528;3.698;0;9
13;45;628;True;1266;1271;51.25;0.89;4099.65;70.80;59.30;7.17;0;7.497;5.025;0;8
14;11;692;True;1557;1570;11.10;2.47;887.92;164.00;15.32;1.75;0;2.785;1.731;0;4
15;296;653;False;;;3.03;4.32;202.00;288.00;7.35;0;0;0.49;0;0;0
16;47;641;True;776;750;97.11;2.82;7769.01;225.94;104.02;4.08;0;7.975;4.56;0;7
17;495;574;True;511;512;5.91;0.83;472.43;66.47;8.27;1.53;0;1.151;0.788;0;84
18;7;631;True;2186;804;54.71;11.68;4376.84;934.54;73.76;7.37;0;6.885;3.937;0;2
19;37980;561;True;46;66;2.96;0.48;236.40;38.53;5.92;2.48;0;1.406;1.16;0;65
20;33;569;True;1200;1096;23.80;5.50;1903.72;440.33;31.30;2;0;3.025;1.455;0;39
21;1827;617;True;893;894;7.38;1.40;590.25;111.80;9.30;0.52;0;0.791;0.466;0;46
22;828;688;True;1103;1105;37.67;1.31;3013.32;104.46;40.85;1.88;0;3.882;2.074;0;32
23;10645;576;True;63;128;0.28;3.71;22.55;296.52;6.51;2.52;0;1.285;0.995;0;18
24;25;707;True;33541;1520;35.60;2.40;2847.67;192.34;39.50;1.5;0;3.085;1.697;0;35
25;125;707;True;33541;1520;3.52;2.40;281.24;192.34;7.42;1.5;0;2.048;1.697;0;35
26;440;641;True;113250;750;2.82;2.82;225.33;225.94;6.99;1.35;0;1.898;1.535;0;7
27;91;684;True;1815;1816;3.65;0.97;291.97;77.34;5.10;0.48;0;0.846;0.499;0;4
28;17603;562;True;1011;1679;2.14;0.91;171.57;73.19;3.84;0.78;0;0.695;0.525;0;87
29;23;693;True;1835;2307;30.64;2.15;2451.36;171.62;35.02;2.23;0;2.622;1.453;0;15
30;36;653;False;;;7.15;4.32;476.00;288.00;11.47;0;0;0.764;0;0;0
31;13139;561;True;30;31;10.88;3.16;870.74;252.93;14.97;0.92;0;1.031;0.383;0;33
32;100;685;False;;;1.80;0.50;120.00;34.00;2.30;0;0;0.154;0;0;0
33;167;676;True;2106;2116;1.55;3.05;124.01;244.15;7.27;2.67;0;2.71;2.424;0;19
34;934;616;True;1479;1475;5.14;2.16;411.04;172.43;11.71;4.42;0;3.506;3.08;0;48
35;5;627;True;1564;1567;20.72;1.60;1657.39;127.94;24.84;2.52;0;2.774;2.149;0;31
36;1543;689;True;1066;1068;5.08;0.94;406.02;75.34;8.57;2.55;0;2.593;2.215;0;94
37;1909;622;False;;;2.15;4.15;143.00;276.00;6.30;0;0;0.42;0;0;0
38;81;675;False;;;4.05;5.52;270.00;368.00;9.57;0;0;0.638;0;0;0
39;32;623;False;;;3.88;0.38;259.00;26.00;4.27;0;0;0.285;0;0;0
40;20;701;True;1340;1344;8.75;2.05;700.20;164.40;16.26;5.45;0;2.997;2.764;0;10
41;247;706;True;844;846;2.01;1.11;161.19;88.44;4.22;1.1;0;1.121;0.892;0;45
42;1245;624;False;;;1.60;1.62;107.00;108.00;3.22;0;0;0.215;0;0;0
43;25409;515;True;827;3;0.48;5.02;38.52;401.99;8.06;2.55;0;1.267;0.943;0;10
44;76;708;True;1322;97126;1.57;0.12;125.22;9.30;4.25;2.57;0;2.147;2.005;0;10
45;35;704;True;1422;1425;8.78;1.84;702.62;147.26;11.79;1.17;0;3.867;3.22;0;23
46;7;696;True;659;661;10.44;3.09;835.08;247.26;15.80;2.27;0;2.442;1.888;0;21
47;487;627;False;;;1.58;0.43;106.00;29.00;2.02;0;0;0.134;0;0;0
48;544;677;True;447;448;16.12;2.54;1289.83;203.40;19.84;1.17;0;1.262;0.875;0;51
49;33744;566;True;186;1351;6.39;1.18;510.88;94.18;9.44;1.88;0;1.086;0.834;0;93
50;900;511;True;1356;1992;4.88;1.04;390.69;83.16;11.09;5.17;0;2.764;2.474;0;110
51;66;708;True;1320;97126;2.85;0.12;228.10;9.30;6.95;3.98;0;2.977;2.788;0;10
52;608;626;False;;;0.20;1.18;14.00;78.00;1.38;0;0;0.092;0;0;0
53;48;652;True;1083;1085;11.29;0.83;903.17;66.08;13.49;1.37;0;1.822;1.178;0;32
54;365;675;True;1536;1392;0.86;6.75;68.88;540.31;9.19;1.58;0;1.794;1.371;0;75
55;53;583;True;1538;1531;35.28;1.13;2822.57;90.08;41.93;5.52;0;4.797;3.688;0;47
56;58;616;True;2232;1475;1.21;2.16;97.08;172.43;16.59;13.22;0;8.358;8.141;0;15
57;512;576;True;149;151;1.09;1.67;87.11;133.93;4.49;1.73;0;1.206;1.07;0;17
58;6159;563;False;;;2.32;0.17;155.00;11.00;2.48;0;0;0.166;0;0;0
59;30;593;True;983;978;43.60;1.99;3488.34;159.57;51.72;6.12;0;6.604;5.386;0;47
60;925;589;True;37;39;5.80;4.87;463.86;389.59;12.10;1.43;0;1.277;0.835;0;161
61;1185;589;True;2150;39;1.06;4.87;84.68;389.59;9.23;3.3;0;1.211;1.007;0;151
62;2381;574;True;466;495;2.01;0.86;160.78;68.65;5.07;2.2;0;2.474;2.289;0;47
63;3761;574;False;;;8.58;0.58;573.00;39.00;9.17;0;0;0.611;0;0;0
64;30;701;True;1307;1311;56.06;1.80;4484.70;144.10;60.68;2.82;0;4.284;2.167;0;51
65;45;636;False;;;6.37;3.02;424.00;201.00;9.38;0;0;0.625;0;0;0
66;50;562;True;1405;262540;2.22;2.89;177.37;231.30;8.56;3.45;0;1.892;1.637;0;33
67;43;624;True;2174;1523;30.14;1.43;2411.23;114.07;33.44;1.87;0;2.272;1.299;0;35
68;28;638;True;1490;1491;37.09;0.99;2967.43;79.14;41.01;2.93;0;2.669;1.901;0;31
69;10312;564;True;61;69146;0.87;0.78;69.23;62.49;1.93;0.28;0;0.271;0.16;0;18
70;53;652;False;;;1.63;0.67;109.00;44.00;2.30;0;0;0.153;0;0;0
71;155;656;True;1631;1633;9.44;1.68;755.58;113.00;13.69;2.57;0;2.325;1.493;0;18
72;372;632;False;;;3.03;0.75;202.00;50.00;3.78;0;0;0.252;0;0;0
73;787;640;True;1101;1102;1.03;2.39;82.23;190.95;4.26;0.85;0;0.826;0.62;0;32
74;33;623;True;1537;1544;7.47;0.77;597.61;61.30;16.04;7.8;0;6.489;6.089;0;32
75;22;665;True;1413;1417;29.23;1.65;2338.53;131.61;33.85;2.97;0;4.468;3.355;0;33
76;32;652;True;1083;1085;37.55;0.83;3004.30;66.08;39.75;1.37;0;3.389;1.178;0;32
77;7575;565;False;;;8.33;2.95;556.00;197.00;11.28;0;0;0.752;0;0;0
78;6;664;True;1040;1041;18.94;1.15;1515.01;91.73;22.05;1.97;0;2.831;1.525;0;9
79;89;569;True;1219;1096;9.52;5.50;761.97;440.33;15.95;0.92;0;1.554;0.683;0;39
80;56;642;True;1975;1973;45.26;2.59;3620.90;207.51;50.13;2.27;0;2.659;1.615;0;15
81;59;583;True;1541;1531;11.37;1.13;909.49;90.08;13.97;1.48;0;1.193;1.007;0;47
82;2494;637;True;2077;2265;4.91;0.23;393.07;18.43;9.79;4.65;0;1.96;1.679;0;30
83;24;662;True;1025;1029;16.18;1.02;1294.07;81.98;20.88;3.68;0;4.903;3.698;0;9
84;3737;574;True;435;495;0.98;0.86;78.69;68.65;5.74;3.9;0;3.194;3.081;0;67
85;37;653;True;1157;1158;25.36;4.87;2028.51;389.34;32.25;2.03;0;2.438;1.538;0;7
86;38;643;True;1862;1048;0.79;0.07;63.52;5.85;5.40;4.53;0;2.476;2.431;0;8
87;35;515;True;25;26;7.18;0.29;574.52;23.05;9.49;2.02;0;1.116;0.755;0;42
88;71;511;True;972;1992;8.87;1.04;709.78;83.16;13.58;3.67;0;2.036;1.447;0;84
89;45;692;True;1580;1569;1.52;2.47;121.28;164.00;8.54;4.55;0;3.122;2.828;0;27
90;4544;637;True;2154;2265;4.09;0.23;327.46;18.43;4.70;0.38;0;0.466;0.198;0;17
91;16507;569;False;;;3.55;4.65;237.00;309.00;8.20;0;0;0.546;0;0;0
92;36;665;True;1413;1417;35.87;1.65;2869.65;131.61;40.49;2.97;0;4.824;3.355;0;33
93;26;641;False;;;48.18;3.33;3213.00;222.00;51.52;0;0;3.435;0;0;0
94;2046;574;True;1696;512;3.60;0.83;287.65;66.47;14.23;9.8;0;6.194;5.951;0;17
95;100;646;True;1484;1485;32.13;5.14;2570.73;410.82;37.79;0.52;0;2.467;0.587;0;33
96;3804;639;False;;;3.45;7.12;230.00;474.00;10.57;0;0;0.704;0;0;0
97;36;631;True;649;722;16.01;3.04;1280.83;242.81;25.10;6.05;0;4.5;3.406;0;7
98;79;641;True;113250;750;27.94;2.82;2235.05;225.94;32.11;1.35;0;2.696;1.535;0;7
99;41;636;False;;;2.57;3.02;171.00;201.00;5.58;0;0;0.372;0;0;0
100;94;642;False;;;25.07;1.65;1672.00;110.00;26.72;0;0;1.782;0;0;0
101;348605;603;False;;;4.58;0.83;306.00;56.00;5.42;0;0;0.361;0;0;0
102;174;593;True;1502;978;25.15;1.99;2012.10;159.57;31.45;4.3;0;5.018;3.07;0;47
103;36;641;True;113250;750;21.51;2.82;1720.66;225.94;25.68;1.35;0;2.757;1.535;0;7
104;40;562;True;1404;262540;6.33;2.89;506.70;231.30;14.53;5.3;0;3.616;3.184;0;33
105;36;651;False;;;18.50;2.45;1233.00;163.00;20.95;0;0;1.396;0;0;0
106;27;563;True;199;203;25.43;0.10;2034.61;7.93;29.11;3.58;0;2.743;1.923;0;87
107;6;645;False;;;15.82;0.43;1054.00;29.00;16.25;0;0;1.083;0;0;0
108;27;517;False;;;9.92;0.58;661.00;39.00;10.50;0;0;0.699;0;0;0
109;743;589;False;;;2.62;2.18;175.00;146.00;4.80;0;0;0.32;0;0;0
110;81;598;True;710;555;0.96;1.13;77.08;90.48;11.07;8.98;0;5.815;5.717;0;8
111;452;641;False;;;2.03;3.33;135.00;222.00;5.37;0;0;0.357;0;0;0
112;25;673;False;;;13.60;1.50;907.00;100.00;15.10;0;0;1.006;0;0;0
113;36;699;False;;;13.80;4.33;920.00;288.00;18.13;0;0;1.209;0;0;0
114;22;569;False;;;15.93;4.65;1063.00;309.00;20.58;0;0;1.372;0;0;0
115;5752;578;False;;;3.70;3.87;246.00;258.00;7.57;0;0;0.504;0;0;0
116;25;562;True;1382;262540;12.17;2.89;973.41;231.30;17.68;2.62;0;4.158;3.279;0;31
117;7;636;True;1393;1394;17.57;2.25;1405.38;179.72;22.04;2.23;0;1.548;1.024;0;81
118;29816;665;True;1997;1376;8.37;1.58;669.37;126.18;10.47;0.53;0;1.233;0.66;0;97
119;448;643;False;;;1.35;0.10;90.00;6.00;1.45;0;0;0.097;0;0;0
120;78;577;True;1419;1886;36.54;4.83;2923.13;386.17;41.95;0.58;0;2.567;0.632;0;54
121;72;641;True;747;750;0.78;2.82;52.00;225.94;6.77;3.17;0;3.25;2.976;0;7
122;31;579;True;620;623;1.92;2.14;153.72;171.27;8.18;4.12;0;2.103;1.873;0;100
123;482;579;True;650;611;3.18;1.14;254.78;90.89;4.95;0.63;0;0.803;0.61;0;142
124;251;696;True;662;696;0.31;2.20;25.03;176.14;3.88;1.37;0;1.206;0.991;0;7
125;159;709;True;542;545;3.53;3.69;282.39;295.12;10.32;3.1;0;2.386;2.17;0;18
126;30;696;True;659;661;2.88;3.09;230.37;247.26;8.24;2.27;0;2.277;1.888;0;21
127;26;512;True;415;339;10.75;0.08;859.78;6.23;12.50;1.67;0;1.46;1.078;0;171
128;337;644;False;;;0.67;3.05;44.00;204.00;3.72;0;0;0.248;0;0;0
129;113;658;False;;;0.47;1.52;31.00;102.00;1.98;0;0;0.132;0;0;0
130;31;630;True;2020;2273;2.77;1.46;221.64;116.74;5.55;1.32;0;0.913;0.712;0;3
131;171;658;True;1246;1252;21.59;1.53;1727.10;122.52;25.85;2.73;0;3.717;2.494;0;8
132;368;633;False;;;4.08;1.87;272.00;124.00;5.95;0;0;0.396;0;0;0
133;3445;563;True;199;203;3.38;0.10;270.18;7.93;7.06;3.58;0;2.137;1.923;0;87
134;335;636;False;;;2.00;2.78;133.00;185.00;4.78;0;0;0.318;0;0;0
135;753;574;True;510;512;5.81;0.83;464.86;66.47;9.94;3.3;0;1.902;1.592;0;83
136;474;652;False;;;1.30;1.13;86.00;75.00;2.43;0;0;0.161;0;0;0
137;300;511;True;1994;1992;13.42;1.04;1073.96;83.16;14.89;0.43;0;1.054;0.418;0;82
138;183;651;False;;;2.45;2.45;164.00;163.00;4.90;0;0;0.327;0;0;0
139;3851;582;False;;;2.55;2.30;170.00;154.00;4.85;0;0;0.324;0;0;0
140;431;662;True;2254;1055;4.42;0.98;353.81;78.50;5.98;0.58;0;0.64;0.386;0;8
141;1765;583;False;;;3.55;0.75;236.00;50.00;4.30;0;0;0.286;0;0;0
142;93;672;True;455;2015;1.57;1.44;125.70;115.22;4.84;1.83;0;1.382;1.206;0;38
143;165;674;False;;;1.65;1.88;111.00;126.00;3.53;0;0;0.236;0;0;0
144;9378;589;True;10;11;5.28;6.67;422.20;533.94;12.65;0.7;0;0.725;0.38;0;163
145;78;628;True;1268;1271;23.54;0.89;1883.27;70.80;29.23;4.8;0;4.636;3.486;0;8
146;91;632;False;;;48.23;0.75;3215.00;50.00;48.98;0;0;3.265;0;0;0
147;13;691;True;1952;1654;48.41;3.91;3873.05;312.44;57.30;4.98;0;6.929;4.872;0;7
148;722;634;False;;;2.63;2.48;176.00;166.00;5.12;0;0;0.342;0;0;0
149;26;685;True;1166;1706;41.36;0.88;3308.62;70.72;48.07;5.83;0;4.917;3.254;0;2
150;93;662;True;1025;1029;21.27;1.02;1701.48;81.98;25.97;3.68;0;5.099;3.698;0;9
151;115;609;True;832;364;7.45;1.09;596.20;87.24;12.14;3.6;0;2.34;2.027;0;84
152;138;675;False;;;4.90;5.52;326.00;368.00;10.42;0;0;0.694;0;0;0
153;20;623;True;1537;1544;21.36;0.77;1708.48;61.30;29.92;7.8;0;7.295;6.089;0;32
154;6578;646;True;1484;1485;3.74;5.14;299.44;410.82;9.40;0.52;0;1.14;0.587;0;6
155;1589;702;True;1647;1648;3.45;1.31;276.12;105.00;7.43;2.67;0;1.136;0.888;0;21
156;418;574;True;437;495;2.09;0.86;167.10;68.65;5.78;2.83;0;2.371;2.239;0;67
157;988;647;True;1810;97;9.21;2.56;736.54;204.92;12.65;0.88;0;0.931;0.535;0;68
158;441;593;False;;;36.07;2.10;2405.00;140.00;38.17;0;0;2.545;0;0;0
159;89;655;False;;;1.65;0.12;110.00;7.00;1.77;0;0;0.117;0;0;0
160;311;680;False;;;4.23;2.82;282.00;187.00;7.05;0;0;0.469;0;0;0
161;37;708;True;1329;1331;2.14;0.45;171.25;36.02;4.97;2.38;0;1.513;1.391;0;10
162;15615;577;True;1420;1446;2.49;5.19;199.59;414.87;7.73;0.05;0;0.534;0.048;0;16
163;33;636;False;;;11.03;2.78;736.00;185.00;13.82;0;0;0.921;0;0;0
164;64;583;True;1538;1531;20.55;1.13;1644.10;90.08;27.20;5.52;0;4.195;3.688;0;47
165;324;601;False;;;41.37;3.57;2758.00;238.00;44.93;0;0;2.996;0;0;0
166;2512;529;False;;;1.23;0.48;83.00;32.00;1.72;0;0;0.115;0;0;0
167;905;638;False;;;0.75;0.82;50.00;55.00;1.57;0;0;0.105;0;0;0
168;73;685;True;1163;1706;41.86;0.88;3348.87;70.72;51.04;8.3;0;6.414;4.762;0;2
169;21;630;False;;;5.53;1.72;369.00;114.00;7.25;0;0;0.483;0;0;0
170;956;589;True;38;39;2.88;4.87;230.03;389.59;8.28;0.53;0;0.622;0.322;0;5
171;76;675;True;1391;1392;2.01;6.75;160.72;540.31;9.61;0.85;0;1.169;0.651;0;61
172;74;562;True;1072;1682;32.71;0.97;2617.17;77.67;36.16;2.47;0;3.712;2.452;0;18
173;244;562;True;337766;262540;8.10;2.89;648.03;231.30;14.36;3.37;0;4.747;4.056;0;31
174;66;662;True;1025;1029;56.12;1.02;4489.97;81.98;60.83;3.68;0;7.515;3.698;0;9
175;25;652;False;;;7.62;0.67;508.00;44.00;8.28;0;0;0.552;0;0;0
176;183;609;True;606;369;1.31;1.30;105.00;103.67;6.86;4.25;0;2.729;2.522;0;82
177;4142;579;False;;;1.42;1.53;95.00;103.00;2.95;0;0;0.198;0;0;0
178;20;692;True;1554;1570;33.53;2.47;2682.22;164.00;41.03;5.03;0;6.72;4.384;0;4
179;268;694;True;2091;2094;4.60;2.65;367.61;211.82;9.89;2.65;0;1.825;1.425;0;68
180;135;575;True;1427;1428;44.99;0.69;3599.60;54.94;47.75;2.07;0;4.286;1.473;0;65
181;798;677;False;;;2.23;2.17;149.00;145.00;4.40;0;0;0.294;0;0;0
182;467;623;True;1543;1544;1.03;0.77;82.33;61.30;2.60;0.8;0;0.914;0.797;0;33
183;37;590;True;1043;220863;1.26;1.43;100.61;114.56;5.12;2.43;0;3.555;3.483;0;9
184;32;704;False;;;19.27;1.03;1285.00;69.00;20.30;0;0;1.353;0;0;0
185;33;646;True;1484;1485;19.31;5.14;1545.13;410.82;24.97;0.52;0;2.193;0.587;0;33
186;27;593;True;1518;978;25.58;1.99;2046.79;159.57;38.85;11.27;0;9.833;8.514;0;16
187;12756;529;True;97207;1689;4.96;0.75;396.62;59.70;6.68;0.98;0;1;0.786;0;23
188;25;687;False;;;6.10;1.12;407.00;75.00;7.22;0;0;0.482;0;0;0
189;953;633;True;1139;1142;4.41;3.14;352.49;251.26;10.37;2.82;0;2.234;1.774;0;18
190;387;634;True;2158;2161;12.46;3.19;996.53;255.17;17.85;2.2;0;2.612;1.57;0;17
191;230;633;False;;;3.33;1.87;222.00;124.00;5.20;0;0;0.346;0;0;0
192;27;665;True;21786;1417;41.73;1.65;3338.32;131.61;44.67;1.3;0;2.133;0.737;0;33
193;22;699;True;2182;2185;42.45;3.27;3396.23;261.35;46.57;0.85;0;2.268;0.953;0;7
194;23;631;True;733;806;37.82;3.06;3025.42;244.74;46.58;5.7;0;6.617;4.438;0;13
195;50;689;True;1013;1016;20.36;1.49;1628.74;118.90;26.27;4.42;0;5.509;4.452;0;55
196;1819;661;True;629;630;0.81;0.68;65.14;54.09;2.82;1.33;0;1.175;1.066;0;45
197;53;676;True;2112;2111;8.90;2.95;712.11;236.19;12.37;0.52;0;1.198;0.57;0;25
198;140;645;False;;;6.42;0.43;428.00;29.00;6.85;0;0;0.457;0;0;0
199;23;645;False;;;19.92;0.43;1328.00;29.00;20.35;0;0;1.357;0;0;0
200;10;641;True;744;750;12.93;2.82;1034.74;225.94;22.69;6.93;0;6.682;5.523;0;7
201;129;565;True;677;1780;0.95;11.51;75.89;920.91;19.49;7.03;0;5.632;5.358;0;39
202;465;630;False;;;1.23;1.72;83.00;114.00;2.95;0;0;0.197;0;0;0
203;41;707;True;1936;1553;8.88;2.03;710.29;162.61;11.58;0.67;0;1.064;0.703;0;32
204;183;636;False;;;8.07;2.78;538.00;185.00;10.85;0;0;0.723;0;0;0
205;107;692;True;1554;1570;5.08;2.47;406.44;164.00;12.58;5.03;0;4.759;4.384;0;4
206;30;689;True;1013;1016;40.11;1.49;3208.58;118.90;46.01;4.42;0;6.592;4.452;0;55
207;18;658;True;1241;1242;80.34;1.19;6426.99;95.41;82.41;0.88;0;5.013;0.532;0;8
208;29;642;True;2192;1973;6.97;2.59;557.73;207.51;14.69;5.12;0;4.432;4.153;0;15
209;11;642;True;1662;1972;38.94;2.20;3115.23;176.16;42.39;1.25;0;2.481;0.82;0;15
210;1752;675;True;1391;1392;4.44;6.75;355.48;540.31;12.05;0.85;0;1.263;0.651;0;61
211;92;707;True;33541;1520;40.27;2.40;3221.29;192.34;44.17;1.5;0;3.949;1.697;0;35
212;116;659;True;929;935;8.35;1.32;668.35;105.24;13.67;4;0;3.976;3.612;0;17
213;798;617;False;;;4.95;1.45;330.00;97.00;6.40;0;0;0.427;0;0;0
214;26;657;True;1299;1060;2.94;1.87;234.91;149.20;7.58;2.78;0;2.174;1.846;0;5
215;338;664;False;;;1.43;0.43;96.00;29.00;1.87;0;0;0.125;0;0;0
216;972;676;True;2106;2116;95.37;3.05;7629.43;244.15;101.09;2.67;0;4.11;2.424;0;19
217;31;590;True;989;220863;19.86;1.43;1588.73;114.56;24.96;3.67;0;4.704;3.566;0;17
218;769;589;False;;;2.72;3.18;181.00;212.00;5.90;0;0;0.393;0;0;0
219;38;675;True;1390;1392;13.01;6.75;1040.42;540.31;21.79;2.03;0;2.261;1.369;0;80
220;2874;665;False;;;0.78;2.23;52.00;149.00;3.02;0;0;0.2;0;0;0
221;101;666;False;;;0.58;0.35;39.00;23.00;0.93;0;0;0.062;0;0;0
222;143;636;False;;;6.95;2.78;463.00;185.00;9.73;0;0;0.649;0;0;0
223;61;529;True;1018;1689;16.11;0.75;1288.91;59.70;18.96;2.1;0;2.678;1.622;0;50
224;78;709;True;754;545;15.48;3.69;1238.80;295.12;19.60;0.43;0;1.029;0.608;0;33
225;206;657;True;1022;1023;5.13;2.70;410.23;216.21;9.33;1.5;0;1.689;1.131;0;14
226;945;563;False;;;6.32;0.17;422.00;11.00;6.48;0;0;0.433;0;0;0
227;5717;578;False;;;8.37;3.95;558.00;263.00;12.32;0;0;0.821;0;0;0
228;21062;511;True;1991;1993;5.71;0.92;456.59;73.40;7.30;0.68;0;0.684;0.374;0;157
229;43;590;False;;;15.00;0.40;1000.00;27.00;15.40;0;0;1.027;0;0;0
230;49;654;True;1733;1739;38.94;1.96;3115.26;157.02;46.58;5.68;0;3.29;2.654;0;6
231;445;667;False;;;1.68;2.52;112.00;168.00;4.20;0;0;0.28;0;0;0
232;340;598;True;547;548;4.46;1.12;356.99;89.34;9.95;4.37;0;4.18;3.884;0;46
233;76;673;True;598;599;14.87;1.73;1189.84;138.38;17.45;0.85;0;1.44;0.594;0;92
234;878;696;False;;;1.15;2.60;76.00;173.00;3.75;0;0;0.249;0;0;0
235;14;641;True;758;750;60.50;2.82;4839.91;225.94;65.42;2.1;0;4.895;2.335;0;7
236;14;671;True;768;770;96.71;1.28;7736.78;102.00;100.65;2.67;0;8.184;2.387;0;7
237;2186;515;True;25;26;3.42;0.29;273.63;23.05;5.73;2.02;0;0.929;0.755;0;42
238;305;709;False;;;1.22;0.47;81.00;31.00;1.68;0;0;0.112;0;0;0
239;16;673;True;598;599;14.37;1.73;1149.52;138.38;16.95;0.85;0;1.223;0.594;0;92
240;317;699;False;;;0.87;4.10;58.00;273.00;4.97;0;0;0.331;0;0;0
241;28;609;True;366;369;20.20;1.30;1616.08;103.67;23.05;1.55;0;1.323;0.614;0;102
242;255;706;True;886;888;3.58;1.11;286.77;88.93;6.30;1.6;0;1.826;1.618;0;45
243;55;641;False;;;11.33;3.33;756.00;222.00;14.67;0;0;0.978;0;0;0
244;43;631;True;803;804;53.82;11.68;4305.21;934.54;66.42;0.92;0;3.265;0.717;0;7
245;2905;515;True;25;26;5.37;0.29;429.58;23.05;7.68;2.02;0;1.019;0.755;0;42
246;76;624;False;;;13.57;1.62;905.00;108.00;15.18;0;0;1.013;0;0;0
247;1025;563;True;201;203;2.27;0.10;181.80;7.93;3.50;1.13;0;0.766;0.599;0;88
248;3543;702;False;;;2.15;0.32;144.00;22.00;2.47;0;0;0.165;0;0;0
249;935;589;True;2073;39;1.93;4.87;154.66;389.59;10.33;3.53;0;2.044;1.721;0;141
250;119;652;True;1083;1085;1.93;0.83;154.17;66.08;4.12;1.37;0;1.448;1.178;0;32
251;223;671;False;;;1.57;0.53;105.00;35.00;2.10;0;0;0.14;0;0;0
252;66;641;True;780;750;81.62;2.82;6529.44;225.94;85.41;0.97;0;5.819;1.08;0;7
253;17;658;True;1250;1252;1.69;1.53;135.09;122.52;4.50;1.28;0;1.356;1.165;0;8
254;35;675;True;1536;1392;11.23;6.75;898.40;540.31;19.56;1.58;0;1.97;1.371;0;61
255;162;597;True;1148;1718;1.16;5.49;93.20;438.84;11.30;4.65;0;3.869;3.557;0;58
256;210;667;False;;;12.73;2.52;849.00;168.00;15.25;0;0;1.017;0;0;0
257;42;641;False;;;19.73;3.33;1316.00;222.00;23.07;0;0;1.537;0;0;0
258;21;579;True;614;623;6.50;2.14;519.76;171.27;12.66;4.02;0;2.721;2.298;0;91
259;1978;673;False;;;1.80;1.50;120.00;100.00;3.30;0;0;0.219;0;0;0
260;43;696;True;662;696;30.60;2.20;2447.87;176.14;34.17;1.37;0;2.579;0.991;0;7
261;95;696;True;660;661;8.96;3.09;716.48;247.26;12.98;0.93;0;1.402;0.693;0;29
262;35;590;True;2180;220863;22.11;1.43;1768.58;114.56;24.99;1.45;0;2.672;1.717;0;25
263;455;606;True;975;976;25.13;6.69;2010.18;535.11;32.92;1.1;0;2.092;1.319;0;142
264;7180;590;False;;;9.97;0.40;665.00;27.00;10.37;0;0;0.692;0;0;0
265;29;632;False;;;28.78;0.75;1919.00;50.00;29.53;0;0;1.969;0;0;0
266;90;675;True;1390;1392;5.64;6.75;451.47;540.31;14.43;2.03;0;2.046;1.369;0;58
267;5;627;True;1937;1567;76.12;1.60;6089.27;127.94;115.12;37.4;0;26.082;22.314;0;7
268;124;629;False;;;2.83;1.38;188.00;93.00;4.22;0;0;0.281;0;0;0
269;91;654;True;1784;1739;3.68;1.96;294.39;157.02;15.74;10.1;0;5.607;5.392;0;10
270;101;628;False;;;0.45;0.25;30.00;16.00;0.70;0;0;0.046;0;0;0
271;50;579;True;620;623;29.00;2.14;2320.40;171.27;35.27;4.12;0;2.87;1.873;0;61
272;615;656;False;;;4.23;1.68;283.00;113.00;5.92;0;0;0.395;0;0;0
273;56;529;True;97207;1689;17.53;0.75;1402.15;59.70;19.25;0.98;0;1.824;0.786;0;53
274;646;647;True;91;94;20.13;6.96;1610.16;556.80;29.12;2.03;0;2.346;1.557;0;41
275;110;700;False;;;2.38;2.65;159.00;177.00;5.03;0;0;0.336;0;0;0
276;19;632;False;;;29.98;0.75;1998.00;50.00;30.73;0;0;2.048;0;0;0
277;625;679;False;;;3.25;3.18;217.00;213.00;6.43;0;0;0.429;0;0;0
278;17;641;True;746;750;8.20;2.82;656.14;225.94;15.86;4.83;0;4.9;4.284;0;7
279;376;681;False;;;6.75;1.92;450.00;128.00;8.67;0;0;0.578;0;0;0
280;243;597;True;1149;1718;5.96;5.49;476.86;438.84;14.45;3;0;2.732;2.126;0;54
281;4324;593;False;;;2.00;2.10;133.00;140.00;4.10;0;0;0.273;0;0;0
282;28;701;True;1307;1311;32.41;1.80;2593.20;144.10;37.04;2.82;0;3.248;2.167;0;50
283;15;616;True;1470;1475;3.23;2.16;258.65;172.43;12.41;7.02;0;4.43;4.204;0;48
284;52;641;True;758;750;18.05;2.82;1443.62;225.94;22.97;2.1;0;3.536;2.335;0;7
285;20;685;True;1165;1706;27.47;0.88;2197.66;70.72;34.73;6.38;0;4.9;3.593;0;2
286;20;685;True;1164;1706;13.82;0.88;1105.47;70.72;21.63;6.93;0;4.129;3.922;0;2
287;17;627;True;1940;1567;70.69;1.60;5655.32;127.94;106.22;33.93;0;23.472;19.807;0;7
288;15;693;True;2006;1838;15.01;2.38;1200.91;190.77;20.98;3.58;0;4.233;3.041;0;8
289;1255;589;True;10;11;3.75;6.67;300.26;533.94;11.13;0.7;0;0.789;0.38;0;140
290;132;628;True;2144;1223;40.76;0.42;3261.04;33.93;43.37;2.18;0;2.396;1.27;0;8
291;36;636;True;1393;1394;3.88;2.25;310.45;179.72;8.36;2.23;0;1.318;1.024;0;81
292;48;646;False;;;26.15;4.23;1743.00;282.00;30.38;0;0;2.025;0;0;0
293;885;697;False;;;1.22;2.22;82.00;148.00;3.43;0;0;0.229;0;0;0
294;37;632;False;;;38.98;0.75;2598.00;50.00;39.73;0;0;2.648;0;0;0
295;147;684;False;;;2.18;1.47;146.00;98.00;3.65;0;0;0.243;0;0;0
296;56;652;False;;;46.00;1.13;3067.00;75.00;47.13;0;0;3.142;0;0;0
297;5142;622;True;2311;637;3.73;7.04;298.60;563.37;12.32;1.55;0;2.174;1.624;0;48
298;109;563;False;;;5.30;0.17;353.00;11.00;5.47;0;0;0.364;0;0;0
299;20;641;True;113250;750;12.86;2.82;1028.66;225.94;17.03;1.35;0;2.431;1.535;0;14
300;1359;589;False;;;4.63;3.18;309.00;212.00;7.82;0;0;0.521;0;0;0
301;22;696;True;658;661;27.30;3.09;2184.15;247.26;34.26;3.87;0;4.712;3.571;0;21
302;31;696;True;659;661;25.90;3.09;2071.69;247.26;31.26;2.27;0;3.18;1.888;0;21
303;9737;608;True;1649;1651;5.12;0.90;409.23;71.61;8.04;2.03;0;1.206;0.802;0;34
304;1649;686;False;;;1.37;2.28;91.00;153.00;3.65;0;0;0.244;0;0;0
305;12276;597;False;;;4.23;1.38;282.00;93.00;5.62;0;0;0.375;0;0;0
306;239;687;False;;;0.35;1.12;23.00;75.00;1.47;0;0;0.098;0;0;0
307;1743;616;True;1474;1475;2.27;2.16;181.51;172.43;5.22;0.8;0;0.844;0.583;0;33
308;52;673;True;598;599;9.07;1.73;725.63;138.38;11.65;0.85;0;1.238;0.594;0;90
309;242;636;True;1398;1399;10.84;1.90;866.81;151.88;14.83;2.1;0;1.667;1.039;0;80
310;115;688;False;;;2.87;1.10;191.00;74.00;3.97;0;0;0.265;0;0;0
311;36;692;True;1579;1569;7.03;2.47;562.67;164.00;15.58;6.08;0;4.631;3.873;0;27
312;45;632;False;;;11.77;0.75;784.00;50.00;12.52;0;0;0.834;0;0;0
313;199;643;True;2178;1039;2.85;0.11;227.95;8.62;5.49;2.53;0;2.094;1.824;0;9
314;1529;589;True;2073;39;5.59;4.87;447.16;389.59;13.99;3.53;0;2.119;1.721;0;157
315;185;517;True;585;587;5.56;0.93;445.06;74.17;8.96;2.47;0;1.689;1.599;0;105
316;43;642;True;1975;1973;59.15;2.59;4731.66;207.51;64.01;2.27;0;4.022;1.615;0;15
317;68;697;True;686;693;1.61;2.33;129.03;186.34;13.54;9.6;0;6.438;6.13;0;8
318;559;583;False;;;4.57;0.75;305.00;50.00;5.32;0;0;0.355;0;0;0
319;36;623;True;75582;1529;2.31;1.54;184.88;123.31;4.60;0.75;0;1.138;0.968;0;36
320;69;642;False;;;9.42;1.65;628.00;110.00;11.07;0;0;0.738;0;0;0
321;537;570;False;;;9.18;1.80;613.00;120.00;10.98;0;0;0.733;0;0;0
322;8139;599;True;1713;1488;8.51;5.07;680.64;405.58;16.56;2.98;0;2.463;1.96;0;34
323;2005;589;False;;;7.25;2.18;484.00;146.00;9.43;0;0;0.629;0;0;0
324;35;685;True;1705;1706;16.73;0.88;1338.74;70.72;19.92;2.3;0;1.415;0.853;0;4
325;42;665;True;1415;1417;51.40;1.65;4112.20;131.61;54.35;1.3;0;3.329;1.71;0;33
326;7457;517;True;586;587;2.42;0.93;193.55;74.17;4.13;0.78;0;0.59;0.434;0;97
327;1265;693;True;2005;2307;1.48;2.15;118.08;171.62;4.25;0.63;0;0.591;0.43;0;15
328;22;707;False;;;8.78;1.13;586.00;76.00;9.92;0;0;0.662;0;0;0
329;44;641;False;;;54.10;3.33;3607.00;222.00;57.43;0;0;3.829;0;0;0
330;120;699;False;;;4.67;4.33;312.00;288.00;9.00;0;0;0.6;0;0;0
331;34;565;False;;;23.33;2.95;1555.00;197.00;26.28;0;0;1.752;0;0;0
332;44;667;False;;;12.75;2.52;850.00;168.00;15.27;0;0;1.018;0;0;0
333;28;641;True;744;750;39.24;2.82;3139.30;225.94;49.00;6.93;0;7.373;5.523;0;7
334;110;589;True;2150;39;13.41;4.87;1073.16;389.59;21.58;3.3;0;1.934;1.007;0;105
335;1955;589;True;37;39;6.02;4.87;481.43;389.59;12.32;1.43;0;1.232;0.835;0;160
336;523;707;False;;;1.08;1.02;73.00;68.00;2.10;0;0;0.141;0;0;0
337;2684;694;False;;;3.53;1.83;236.00;123.00;5.37;0;0;0.358;0;0;0
338;184;598;True;711;951;0.96;4.22;76.62;337.55;12.20;7.02;0;4.122;3.833;0;47
339;444;574;True;435;495;13.49;0.86;1079.30;68.65;18.25;3.9;0;3.968;3.081;0;67
340;44885;573;True;303;224;1.90;2.03;152.35;162.54;4.37;0.43;0;0.502;0.228;0;12
341;18;627;True;1937;1567;58.17;1.60;4653.46;127.94;97.17;37.4;0;24.729;22.314;0;7
342;396;675;False;;;4.87;5.52;324.00;368.00;10.38;0;0;0.692;0;0;0
343;46;671;True;767;770;31.88;1.28;2550.61;102.00;40.18;7.02;0;6.963;4.962;0;7
344;195;673;True;598;599;6.80;1.73;544.37;138.38;9.38;0.85;0;0.962;0.594;0;91
345;24;641;True;113250;750;61.44;2.82;4915.44;225.94;65.62;1.35;0;4.584;1.535;0;14
346;478;583;False;;;0.65;0.75;43.00;50.00;1.40;0;0;0.094;0;0;0
347;254;589;True;2029;11;2.95;6.67;235.85;533.94;11.02;1.4;0;0.755;0.37;0;30
348;55;701;True;1342;1344;20.67;2.05;1653.44;164.40;23.59;0.87;0;1.526;0.54;0;107
349;72;563;True;201;203;2.85;0.10;228.03;7.93;4.08;1.13;0;0.729;0.599;0;88
350;41;646;True;1481;1482;3.21;5.11;257.13;408.90;9.11;0.78;0;1.435;1;0;36
351;242;589;True;2264;39;3.66;4.87;293.19;389.59;13.63;5.1;0;2.872;2.42;0;150
352;7;671;True;766;770;1.11;1.28;88.73;102.00;10.61;8.23;0;5.749;5.682;0;7
353;131;641;True;780;750;31.97;2.82;2557.22;225.94;35.76;0.97;0;2.358;1.08;0;7
354;1850;574;True;511;512;5.32;0.83;425.58;66.47;7.68;1.53;0;1.128;0.788;0;84
355;36;654;True;1731;1739;9.78;1.96;782.74;157.02;20.07;8.32;0;4.747;4.239;0;10
356;43;675;True;1391;1392;5.91;6.75;472.87;540.31;13.51;0.85;0;1.412;0.651;0;61
357;54;616;True;1468;1475;0.46;2.16;36.44;172.43;11.48;8.87;0;5.617;5.453;0;15
358;6038;598;True;765;764;1.25;3.90;99.83;312.36;6.53;1.38;0;0.955;0.722;0;24
359;299;583;False;;;8.42;0.75;561.00;50.00;9.17;0;0;0.611;0;0;0
360;399;589;True;10;11;4.17;6.67;333.26;533.94;11.54;0.7;0;0.74;0.38;0;128
361;44;700;False;;;2.88;2.65;192.00;177.00;5.53;0;0;0.369;0;0;0
362;241;598;True;2141;548;5.73;1.12;458.62;89.34;8.60;1.75;0;1.844;1.6;0;58
363;118;709;True;557;558;0.29;4.02;23.28;321.94;5.34;1.02;0;0.748;0.572;0;33
364;145;697;True;691;693;2.84;2.33;227.06;186.34;7.35;2.18;0;1.778;1.429;0;14
365;117;631;True;802;804;0.51;11.68;41.08;934.54;14.00;1.8;0;1.38;1.194;0;7
366;44;579;True;582;610;4.74;0.69;379.14;55.54;6.95;1.52;0;1.311;0.929;0;56
367;242;654;False;;;1.48;1.90;99.00;127.00;3.38;0;0;0.226;0;0;0
368;84;689;True;1015;1016;0.40;1.49;32.37;118.90;2.42;0.53;0;0.857;0.707;0;56
369;28;709;True;544;545;1.21;3.69;96.76;295.12;5.28;0.38;0;0.388;0.267;0;18
370;101375;587;True;282;283;1.66;1.70;132.83;136.12;3.69;0.33;0;0.451;0.22;0;201
371;968;659;True;933;935;1.53;1.32;122.37;105.24;4.22;1.37;0;1.189;0.999;0;17
372;1830;709;True;751;545;4.42;3.69;353.38;295.12;12.64;4.53;0;3.474;3.255;0;17
373;44;671;True;768;770;3.03;1.28;242.62;102.00;6.98;2.67;0;2.639;2.387;0;7
374;54;631;True;2186;804;3.14;11.68;250.90;934.54;22.19;7.37;0;4.299;3.937;0;7
375;2939;570;False;;;11.32;1.80;755.00;120.00;13.12;0;0;0.875;0;0;0
376;68;579;True;2212;623;1.20;2.14;95.73;171.27;7.42;4.08;0;2.226;2.111;0;3
377;40;583;True;1968;1660;27.58;2.69;2206.03;215.51;31.64;1.37;0;2.521;0.809;0;15
378;32;641;True;113250;750;64.91;2.82;5193.09;225.94;69.09;1.35;0;4.096;1.535;0;7
379;156;673;True;702;580;2.04;1.77;163.40;141.23;7.44;3.63;0;2.562;2.31;0;80
380;28;616;True;1465;1475;1.60;2.16;127.99;172.43;15.28;11.52;0;7.124;6.916;0;15
381;171;564;True;58;61;9.82;1.25;785.22;99.87;14.11;3.05;0;2.169;1.517;0;17
382;53;678;True;1663;408;0.14;3.53;10.98;282.61;9.35;5.68;0;5.017;4.799;0;9
383;46088;592;False;;;2.52;0.73;168.00;49.00;3.25;0;0;0.217;0;0;0
384;1558;589;True;21;22;7.04;7.10;562.88;567.81;15.93;1.8;0;1.644;0.957;0;45
385;28255;586;False;;;1.18;0.43;79.00;29.00;1.62;0;0;0.108;0;0;0
386;31;641;True;780;750;31.76;2.82;2540.87;225.94;35.56;0.97;0;2.647;1.08;0;7
387;4165;607;False;;;0.28;2.77;19.00;185.00;3.05;0;0;0.203;0;0;0
388;582;622;True;2195;637;7.92;7.04;633.60;563.37;18.13;3.17;0;3.29;2.545;0;20
389;242;641;True;756;750;3.97;2.82;317.43;225.94;7.86;1.07;0;1.671;1.182;0;7
390;290;698;False;;;2.52;3.03;167.00;202.00;5.55;0;0;0.37;0;0;0
391;56;675;True;1390;1392;0.94;6.75;75.02;540.31;9.72;2.03;0;1.836;1.369;0;76
392;231;589;True;2264;39;2.10;4.87;168.22;389.59;12.07;5.1;0;2.71;2.42;0;113
393;6;687;False;;;12.15;1.12;810.00;75.00;13.27;0;0;0.885;0;0;0
394;3725;559;False;;;1.63;1.38;109.00;92.00;3.02;0;0;0.201;0;0;0
395;126;631;False;;;1.92;2.23;128.00;148.00;4.15;0;0;0.276;0;0;0
396;55;631;True;796;806;3.47;3.06;277.96;244.74;10.16;3.63;0;3.315;2.84;0;13
397;58;667;True;616;60417;7.74;2.39;618.98;191.46;12.41;2.28;0;2.705;1.958;0;14
398;169;597;True;1149;1718;6.84;5.49;547.42;438.84;15.33;3;0;2.665;2.126;0;54
399;611;694;True;2164;2165;4.57;15.58;365.73;1246.54;21.33;1.18;0;1.195;0.625;0;16
400;129;623;True;1537;1544;3.94;0.77;314.96;61.30;12.50;7.8;0;6.401;6.089;0;32
401;1002;515;True;25;26;5.18;0.29;414.34;23.05;7.49;2.02;0;1.053;0.755;0;42
402;31;628;True;1221;1223;1.50;0.42;120.25;33.93;5.78;3.85;0;2.311;2.222;0;8
403;21;589;True;9;11;1.56;6.67;124.63;533.94;10.98;2.75;0;1.035;0.715;0;163
404;4092;701;False;;;1.60;0.52;106.00;34.00;2.12;0;0;0.14;0;0;0
405;33;590;True;990;220863;1.20;1.43;96.22;114.56;4.83;2.2;0;2.454;2.372;0;25
406;463;642;False;;;0.55;2.07;37.00;137.00;2.62;0;0;0.174;0;0;0
407;36;630;True;1525;1328;1.12;2.07;89.39;165.35;3.91;0.73;0;0.834;0.657;0;35
408;260;689;True;1171;1174;4.03;3.06;322.20;244.54;8.53;1.45;0;1.857;1.507;0;7
409;12;691;True;1952;1654;74.01;3.91;5920.45;312.44;82.89;4.98;0;8.281;4.872;0;7
410;691;586;True;360;299;1.87;7.15;149.78;572.01;12.99;3.97;0;2.919;2.696;0;64
411;5208;608;False;;;13.55;1.05;903.00;70.00;14.60;0;0;0.973;0;0;0
412;403;674;True;1844;1802;2.89;2.65;230.85;211.79;11.01;5.48;0;3.261;2.945;0;8
413;36;707;True;33541;1520;18.04;2.40;1443.16;192.34;21.94;1.5;0;2.692;1.697;0;35
414;44;652;False;;;10.88;1.13;726.00;75.00;12.02;0;0;0.801;0;0;0
415;1599;620;True;1354;171;3.38;4.12;270.55;329.22;8.67;1.17;0;1.103;0.725;0;7
416;3591;691;False;;;3.00;4.02;200.00;268.00;7.02;0;0;0.468;0;0;0
417;300;582;True;2098;2259;1.84;2.96;147.17;237.11;8.48;3.68;0;2.243;1.964;0;48
418;1513;672;True;964;2143;3.29;1.52;262.99;121.69;5.48;0.67;0;0.536;0.306;0;16
419;13;691;True;1653;1654;62.85;3.91;5027.75;312.44;69.10;2.35;0;4.724;2.322;0;7
420;112;627;False;;;9.03;0.43;602.00;29.00;9.47;0;0;0.631;0;0;0
421;29;658;True;1241;1242;72.84;1.19;5827.17;95.41;74.91;0.88;0;4.115;0.532;0;8
422;42;707;True;1552;1553;25.34;2.03;2027.59;162.61;28.86;1.48;0;2.842;1.221;0;32
423;51;692;True;1554;1570;26.50;2.47;2120.17;164.00;34.00;5.03;0;6.102;4.384;0;4
424;28;708;True;1318;97126;29.02;0.12;2322.00;9.30;34.37;5.23;0;5.151;3.576;0;10
425;892;609;True;589;369;3.63;1.30;290.36;103.67;6.38;1.45;0;2.138;1.785;0;72
426;270;676;True;2112;2111;1.69;2.95;135.51;236.19;5.17;0.52;0;0.88;0.57;0;25
427;453;633;True;1140;1142;2.30;3.14;183.90;251.26;7.32;1.88;0;1.609;1.194;0;18
428;41;632;True;1236;1237;18.12;2.39;1449.91;191.43;22.12;1.6;0;2.115;0.941;0;8
429;47;590;True;989;220863;22.76;1.43;1820.81;114.56;27.86;3.67;0;4.234;3.566;0;22
430;3322;703;False;;;5.80;5.05;387.00;336.00;10.85;0;0;0.723;0;0;0
431;48;689;True;1014;1016;11.12;1.49;889.89;118.90;14.46;1.85;0;2.612;1.984;0;56
432;110;709;True;543;545;3.70;3.69;296.00;295.12;9.27;1.88;0;1.511;1.222;0;35
433;10120;609;True;363;364;2.37;1.09;189.83;87.24;4.39;0.93;0;0.775;0.544;0;113
434;110;709;True;541;545;0.62;3.69;49.51;295.12;8.06;3.75;0;2.533;2.406;0;18
435;914;678;True;402;403;2.79;1.31;223.40;104.71;4.62;0.52;0;0.712;0.427;0;17
436;2832;704;False;;;4.40;1.03;294.00;69.00;5.43;0;0;0.362;0;0;0
437;148;607;True;877;881;7.68;2.65;614.25;211.88;15.20;4.87;0;3.894;3.168;0;7
438;29;678;True;376;378;10.34;1.47;827.06;117.68;13.84;2.03;0;1.788;1.317;0;30
439;382;706;False;;;1.98;0.95;133.00;63.00;2.93;0;0;0.196;0;0;0
440;216;645;False;;;1.00;0.43;66.00;29.00;1.43;0;0;0.095;0;0;0
441;500;589;True;2072;39;2.26;4.87;180.53;389.59;11.58;4.45;0;2.393;2.141;0;125
442;47;593;True;1502;978;43.50;1.99;3480.14;159.57;49.80;4.3;0;5.354;3.07;0;47
443;287;623;False;;;1.78;0.38;119.00;26.00;2.17;0;0;0.145;0;0;0
444;151;590;True;989;220863;27.82;1.43;2225.56;114.56;32.92;3.67;0;5.084;3.566;0;17
445;621;657;False;;;1.23;2.10;82.00;140.00;3.33;0;0;0.222;0;0;0
446;47;627;True;1568;1574;67.04;1.82;5362.88;145.72;69.83;0.97;0;3.521;1.029;0;15
447;26;632;False;;;16.32;0.75;1087.00;50.00;17.07;0;0;1.137;0;0;0
448;387;708;False;;;3.22;0.35;214.00;23.00;3.57;0;0;0.237;0;0;0
449;601;633;False;;;6.12;1.87;407.00;124.00;7.98;0;0;0.531;0;0;0
450;1778;692;False;;;2.80;2.47;187.00;164.00;5.27;0;0;0.351;0;0;0
451;53;675;False;;;2.12;5.52;142.00;368.00;7.63;0;0;0.509;0;0;0
452;425;659;True;903;905;22.25;1.59;1780.20;127.43;25.40;1.55;0;1.828;1.24;0;27
453;119;627;True;1563;1567;9.19;1.60;735.32;127.94;14.97;4.18;0;3.744;3.338;0;31
