Zona_Origen,Poblacion_Origen,Zona_Destino,Usa_Transporte_Publico,Parada_Origen,Parada_Destino,Tiempo_Acceso_Minutos,Tiempo_Salida_Minutos,Distancia_Acceso_Metros,Distancia_Salida_Metros,Fuente_Datos_Acceso,Fuente_Datos_Salida,Tiempo_Viaje_Total_Minutos,Tiempo_Trayecto_Minutos,Distancia_Viaje_Total_Km,Distancia_Trayecto_Km,Numero_Transbordos,Tiempo_Espera_Transbordo_Minutos,Frecuencia_Servicio,Tiempo_Acceso_Original,Tiempo_Salida_Original,Distancia_Acceso_Original_Km,Distancia_Salida_Original_Km,Tiempo_Viaje_Original_Minutos,Distancia_Viaje_Original_Km,Verificacion_Tiempo_Total,Verificacion_Distancia_Total_Km
1,1559.0,718,True,1475,278,1.4780678225,1.32,118.2454258,88.0,Calculado,Mapeado,57.6680678225,54.87,40.4062454258,40.2,1.0,3.42,28.0,0.57,1.32,0.037,0.088,56.75,40.326,57.6680678225,40.4062454258
2,25.0,718,True,610,284,10.381505725,2.53,830.520458,169.0,Calculado,Mapeado,39.511505725000006,26.6,16.197520458,15.198,0.0,0.0,36.0,5.13,2.53,0.343,0.169,34.27,15.709,39.511505725000006,16.197520458
3,42.0,718,True,1390,278,6.440452806250001,1.32,515.2362245,88.0,Calculado,Mapeado,53.49045280625,45.73,23.912236224500003,23.309,1.0,2.27,41.0,14.17,1.32,0.945,0.088,61.22,24.342,53.49045280625,23.912236224500003
4,22.0,718,True,1201,2064,24.197265755,2.5,1935.7812604,166.0,Calculado,Mapeado,93.897265755,67.2,40.494781260399996,38.393,1.0,5.47,12.0,7.68,2.5,0.512,0.166,77.38,39.071,93.897265755,40.494781260399996
5,2272.0,718,True,162,284,4.2985756425,2.53,343.8860514,169.0,Calculado,Mapeado,42.2085756425,35.38,16.0648860514,15.552,1.0,0.48,45.0,2.65,2.53,0.177,0.169,40.57,15.897,42.2085756425,16.0648860514
6,1258.0,718,True,2130,278,9.106720335,2.5,728.5376268,166.0,Calculado,Mapeado,86.426720335,74.82,28.279537626800003,27.385,2.0,22.27,32.0,6.9,2.5,0.46,0.166,84.22,28.011,86.426720335,28.279537626800003
7,102.0,718,True,786,278,30.85243540125,4.08,2468.1948321,272.0,Calculado,Mapeado,132.96243540125002,98.03,54.0631948321,51.323,1.0,12.52,7.0,16.32,4.08,1.087,0.272,118.43,52.682,132.96243540125002,54.0631948321
8,194.0,718,True,1376,284,8.880122465,2.53,710.4097972,169.0,Calculado,Mapeado,46.390122465,34.98,36.0764097972,35.197,1.0,1.05,53.0,8.02,2.53,0.535,0.169,45.53,35.901,46.390122465,36.0764097972
9,52.0,718,True,1071,284,62.69872717,2.53,5015.8981736,169.0,Calculado,Mapeado,113.57872717000001,48.35,37.773898173599996,32.589,2.0,4.57,43.0,45.75,2.53,3.05,0.169,96.63,35.807,113.57872717000001,37.773898173599996
10,24.0,718,True,8,2064,4.60397649,2.5,368.3181192,166.0,Calculado,Mapeado,23.78397649,16.68,9.7563181192,9.222,0.0,0.0,15.0,2.87,2.5,0.191,0.166,22.05,9.579,23.78397649,9.7563181192
11,34.0,718,True,1294,278,22.08126405125,1.32,1766.5011241,88.0,Calculado,Mapeado,130.12126405125,106.72,59.9835011241,58.129,3.0,19.6,5.0,15.58,1.32,1.039,0.088,123.62,59.256,130.12126405125,59.9835011241
12,22.0,718,True,1059,278,44.12115105125,1.32,3529.6920841,88.0,Calculado,Mapeado,130.76115105124998,85.32,56.6176920841,53.0,2.0,15.87,8.0,41.4,1.32,2.76,0.088,128.03,55.848,130.76115105124998,56.6176920841
13,45.0,718,True,1266,284,51.245595885,2.53,4099.6476708,169.0,Calculado,Mapeado,131.475595885,77.7,57.9036476708,53.635,2.0,2.7,10.0,36.22,2.53,2.415,0.169,116.45,56.219,131.475595885,57.9036476708
14,11.0,718,True,1557,278,11.0989610625,1.32,887.916885,88.0,Calculado,Mapeado,140.3189610625,127.9,52.987916885000004,52.012,3.0,28.17,4.0,13.33,1.32,0.889,0.088,142.55,52.989,140.3189610625,52.987916885000004
15,296.0,718,True,1191,278,2.75881109625,2.5,220.7048877,166.0,Calculado,Mapeado,64.42881109625,59.17,29.9607048877,29.574,1.0,0.7,2.0,3.35,2.5,0.223,0.166,65.02,29.963,64.42881109625,29.9607048877
16,47.0,718,True,776,278,97.11262355875,4.08,7769.0098847,272.0,Calculado,Mapeado,206.39262355875002,105.2,66.87300988470001,58.832,1.0,12.52,7.0,47.9,4.08,3.193,0.272,157.18,62.297,206.39262355875002,66.87300988470001
17,495.0,718,True,511,2064,5.90538161125,2.5,472.4305289,166.0,Calculado,Mapeado,32.62538161125,24.22,15.7414305289,15.103,0.0,0.0,13.0,4.48,2.5,0.299,0.166,31.2,15.568,32.62538161125,15.7414305289
18,7.0,718,True,727,278,62.151811695000006,4.08,4972.1449356,272.0,Calculado,Mapeado,170.95181169500003,104.72,45.5091449356,40.265,2.0,31.5,5.0,43.13,4.08,2.876,0.272,151.93,43.412,170.95181169500003,45.5091449356
19,37980.0,718,True,2088,2064,11.19846875,2.5,895.8775,166.0,Calculado,Mapeado,36.098468749999995,22.4,13.2288775,12.167,0.0,0.0,29.0,10.67,2.5,0.711,0.166,35.57,13.044,36.098468749999995,13.2288775
20,33.0,718,True,1200,2064,23.7965468625,2.5,1903.723749,166.0,Calculado,Mapeado,95.3665468625,69.07,41.578723749,39.509,1.0,5.47,12.0,18.9,2.5,1.26,0.166,90.47,40.935,95.3665468625,41.578723749
21,1827.0,718,True,893,284,7.378180111250001,4.08,590.2544089,272.0,Calculado,Mapeado,24.13818011125,12.68,10.181254408900001,9.319,0.0,0.0,14.0,3.0,4.08,0.2,0.272,19.77,9.791,24.13818011125,10.181254408900001
22,828.0,718,True,1103,284,37.666453515,2.53,3013.3162812,169.0,Calculado,Mapeado,107.326453515,67.13,49.783316281199994,46.601,2.0,4.57,41.0,26.02,2.53,1.734,0.169,95.68,48.504,107.326453515,49.783316281199994
23,10645.0,718,True,525,278,3.18725554,2.5,254.9804432,166.0,Calculado,Mapeado,56.887255540000005,51.2,16.7059804432,16.285,1.0,11.87,32.0,2.83,2.5,0.189,0.166,56.53,16.641,56.887255540000005,16.7059804432
24,25.0,718,True,33541,278,35.595885894999995,1.32,2847.6708716,88.0,Calculado,Mapeado,106.69588589499999,69.78,42.9906708716,40.055,1.0,6.88,25.0,19.8,1.32,1.32,0.088,90.9,41.463,106.69588589499999,42.9906708716
25,125.0,718,True,33541,278,3.51549720625,1.32,281.2397765,88.0,Calculado,Mapeado,74.61549720625,69.78,40.4242397765,40.055,1.0,6.88,24.0,4.23,1.32,0.283,0.088,75.33,40.426,74.61549720625,40.4242397765
26,440.0,718,True,784,278,3.10050352,4.08,248.0402816,272.0,Calculado,Mapeado,106.93050352,99.75,53.2350402816,52.715,1.0,12.52,7.0,2.12,4.08,0.141,0.272,105.95,53.127,106.93050352,53.2350402816
27,91.0,718,True,1148,2064,11.47727080125,2.5,918.1816641,166.0,Calculado,Mapeado,62.997270801250004,49.02,27.9361816641,26.852,1.0,5.47,12.0,10.07,2.5,0.671,0.166,61.58,27.689,62.997270801250004,27.9361816641
28,17603.0,718,True,1073,284,2.8749088825,2.53,229.9927106,169.0,Calculado,Mapeado,43.6549088825,38.25,29.0239927106,28.625,2.0,2.7,59.0,2.15,2.53,0.143,0.169,42.93,28.936,43.6549088825,29.0239927106
29,23.0,718,True,1836,278,30.59521040625,1.32,2447.6168325,88.0,Calculado,Mapeado,111.49521040625,79.58,49.602616832500004,47.067,2.0,9.35,15.0,17.07,1.32,1.138,0.088,97.97,48.293,111.49521040625,49.602616832500004
30,36.0,718,True,1191,278,9.38155278625,2.5,750.5242229,166.0,Calculado,Mapeado,71.05155278625,59.17,30.490524222900003,29.574,1.0,0.7,2.0,7.25,2.5,0.483,0.166,68.92,30.223,71.05155278625,30.490524222900003
31,13139.0,718,True,30,2064,10.88420359875,2.5,870.7362879,166.0,Calculado,Mapeado,39.45420359875,26.07,14.8917362879,13.855,0.0,0.0,18.0,6.35,2.5,0.423,0.166,34.92,14.444,39.45420359875,14.8917362879
32,100.0,718,True,1706,278,2.15254951875,2.5,172.2039615,166.0,Calculado,Mapeado,78.80254951875,74.15,35.5192039615,35.181,1.0,0.7,10.0,14.88,2.5,0.992,0.166,91.53,36.339,78.80254951875,35.5192039615
33,167.0,718,True,2106,284,1.550153175,2.5,124.012254,166.0,Calculado,Mapeado,86.78015317500001,82.73,33.379012253999996,33.089,1.0,24.53,15.0,1.5,2.5,0.1,0.166,86.73,33.355,86.78015317500001,33.379012253999996
34,934.0,718,True,1479,278,5.13797641375,1.32,411.0381131,88.0,Calculado,Mapeado,67.33797641375,60.88,43.7800381131,43.281,1.0,3.42,28.0,4.68,1.32,0.312,0.088,66.88,43.681,67.33797641375,43.7800381131
35,5.0,718,True,1564,284,20.7173559775,2.53,1657.3884782,169.0,Calculado,Mapeado,101.5673559775,78.32,29.3893884782,27.563,3.0,7.02,21.0,9.0,2.53,0.601,0.169,89.85,28.332,101.5673559775,29.3893884782
36,1543.0,718,True,1066,284,5.0753008625,2.53,406.024069,169.0,Calculado,Mapeado,63.8853008625,56.28,39.938024068999994,39.363,2.0,4.57,61.0,4.9,2.53,0.327,0.169,63.72,39.859,63.8853008625,39.938024068999994
37,1909.0,718,True,637,283,4.11514505625,4.08,329.2116045,272.0,Calculado,Mapeado,40.27514505625,32.08,23.6452116045,23.044,0.0,0.0,14.0,2.15,4.08,0.143,0.272,38.32,23.459,40.27514505625,23.6452116045
38,81.0,718,True,1392,278,7.495646618749999,1.32,599.6517295,88.0,Calculado,Mapeado,53.21564661875,44.4,23.345651729500002,22.658,1.0,2.27,34.0,4.05,1.32,0.27,0.088,49.77,23.016,53.21564661875,23.345651729500002
39,32.0,718,True,1529,278,4.746733186249999,1.32,379.7386549,88.0,Calculado,Mapeado,61.796733186249995,55.73,30.6687386549,30.201,1.0,6.88,24.0,4.02,1.32,0.267,0.088,61.07,30.556,61.796733186249995,30.6687386549
40,20.0,718,True,1340,284,8.75249743375,2.53,700.1997947,169.0,Calculado,Mapeado,101.30249743374999,90.02,28.728199794700004,27.859,3.0,13.0,9.0,2.98,2.53,0.199,0.169,95.53,28.227,101.30249743374999,28.728199794700004
41,247.0,718,True,890,284,2.22072758625,4.08,177.6582069,272.0,Calculado,Mapeado,20.600727586250002,14.3,11.2866582069,10.837,0.0,0.0,14.0,2.48,4.08,0.165,0.272,20.87,11.274,20.600727586250002,11.2866582069
42,1245.0,718,True,1523,278,3.34813628,1.32,267.8509024,88.0,Calculado,Mapeado,66.58813628,61.92,35.4868509024,35.131,1.0,6.88,24.0,1.67,1.32,0.111,0.088,64.9,35.331,66.58813628,35.4868509024
43,25409.0,718,True,6,2064,7.27476440375,2.5,581.9811523,166.0,Calculado,Mapeado,31.54476440375,21.77,11.5129811523,10.765,0.0,0.0,21.0,7.55,2.5,0.503,0.166,31.82,11.434,31.54476440375,11.5129811523
44,76.0,718,True,1322,278,1.56526593375,1.32,125.2212747,88.0,Calculado,Mapeado,96.78526593375,93.9,44.389221274700006,44.176,3.0,24.83,9.0,1.78,1.32,0.119,0.088,97.0,44.383,96.78526593375,44.389221274700006
45,35.0,718,True,1422,278,8.7827784675,1.32,702.6222774,88.0,Calculado,Mapeado,71.83277846749999,61.73,48.650622277400004,47.86,2.0,4.62,27.0,7.82,1.32,0.521,0.088,70.87,48.469,71.83277846749999,48.650622277400004
46,7.0,718,True,1744,284,9.96026555625,2.53,796.8212445,169.0,Calculado,Mapeado,64.57026555624999,52.08,25.5338212445,24.568,0.0,0.0,21.0,4.38,2.53,0.292,0.169,59.0,25.028,64.57026555624999,25.5338212445
47,487.0,718,True,1567,284,1.6271509600000005,2.53,130.1720768,169.0,Calculado,Mapeado,79.52715096,75.37,25.7121720768,25.413,3.0,7.02,21.0,1.92,2.53,0.128,0.169,79.82,25.709,79.52715096,25.7121720768
48,544.0,718,True,463,278,15.09329468125,2.5,1207.4635745,166.0,Calculado,Mapeado,65.66329468125,48.07,22.9314635745,21.558,1.0,12.77,19.0,2.4,2.5,0.16,0.166,52.97,21.885,65.66329468125,22.9314635745
49,33744.0,718,True,196,284,4.25314280625,2.53,340.2514245,169.0,Calculado,Mapeado,56.763142806249995,49.98,15.2442514245,14.735,2.0,6.62,42.0,3.17,2.53,0.211,0.169,55.68,15.114,56.763142806249995,15.2442514245
50,900.0,718,True,1356,284,4.8836529275,2.53,390.6922342,169.0,Calculado,Mapeado,44.4136529275,37.0,17.2626922342,16.703,1.0,0.48,45.0,9.07,2.53,0.604,0.169,48.6,17.475,44.4136529275,17.2626922342
51,66.0,718,True,1336,284,2.8883379062500003,2.53,231.0670325,169.0,Calculado,Mapeado,97.86833790625,92.45,29.631067032500003,29.231,3.0,13.0,9.0,2.48,2.53,0.165,0.169,97.47,29.565,97.86833790625,29.631067032500003
52,608.0,718,True,2109,2064,0.4082983462499999,2.5,32.6638677,166.0,Calculado,Mapeado,92.32829834625001,89.42,37.7166638677,37.518,2.0,25.43,25.0,0.2,2.5,0.014,0.166,92.12,37.698,92.32829834625001,37.7166638677
53,48.0,718,True,1109,284,12.05358385875,2.53,964.2867087,169.0,Calculado,Mapeado,76.60358385875,62.02,42.6582867087,41.525,2.0,4.57,32.0,8.17,2.53,0.544,0.169,72.72,42.238,76.60358385875,42.6582867087
54,365.0,718,True,1536,278,0.86095978875,1.32,68.8767831,88.0,Calculado,Mapeado,49.450959788750005,47.27,24.1858767831,24.029,1.0,2.27,32.0,0.82,1.32,0.055,0.088,49.4,24.172,49.450959788750005,24.1858767831
55,53.0,718,True,331603,278,35.40212754125,1.32,2832.1702033,88.0,Calculado,Mapeado,86.27212754125,49.55,28.3941702033,25.474,1.0,6.88,30.0,15.88,1.32,1.058,0.088,66.75,26.621,86.27212754125,28.3941702033
56,58.0,718,True,2232,284,1.21346450125,2.53,97.0771601,169.0,Calculado,Mapeado,77.47346450125,73.73,48.501077160099996,48.235,2.0,8.18,14.0,1.55,2.53,0.103,0.169,77.82,48.507,77.47346450125,48.501077160099996
57,512.0,718,True,92,2064,20.58174676875,2.5,1646.5397415,166.0,Calculado,Mapeado,47.351746768750004,24.27,13.0705397415,11.258,1.0,4.43,11.0,7.5,2.5,0.5,0.166,34.27,11.924,47.351746768750004,13.0705397415
58,6159.0,718,True,179,284,5.12855934625,2.53,410.2847477,169.0,Calculado,Mapeado,70.18855934625,62.53,21.086284747700002,20.507,2.0,6.57,26.0,4.52,2.53,0.301,0.169,69.58,20.977,70.18855934625,21.086284747700002
59,30.0,718,True,999,284,43.77141175625,2.53,3501.7129405,169.0,Calculado,Mapeado,107.68141175625,61.38,53.34271294049999,49.672,1.0,5.55,44.0,16.57,2.53,1.105,0.169,80.48,50.945,107.68141175625,53.34271294049999
60,925.0,718,True,37,2064,5.79821170375,2.5,463.8569363,166.0,Calculado,Mapeado,24.57821170375,16.28,9.9398569363,9.31,0.0,0.0,31.0,4.43,2.5,0.296,0.166,23.22,9.772,24.57821170375,9.9398569363
61,1185.0,718,True,13,283,1.00020321125,2.5,80.0162569,166.0,Calculado,Mapeado,18.48020321125,14.98,9.0420162569,8.796,0.0,0.0,24.0,8.2,2.5,0.547,0.166,25.68,9.509,18.48020321125,9.0420162569
62,2381.0,718,True,466,2064,2.00973798375,2.5,160.7790387,166.0,Calculado,Mapeado,44.83973798375,40.33,16.8217790387,16.495,1.0,12.77,15.0,2.2,2.5,0.146,0.166,45.03,16.808,44.83973798375,16.8217790387
63,3761.0,718,True,512,2064,15.53450215,2.5,1242.760172,166.0,Calculado,Mapeado,39.90450215,21.87,15.722760172000001,14.314,0.0,0.0,13.0,9.18,2.5,0.612,0.166,33.55,15.093,39.90450215,15.722760172000001
64,30.0,718,True,1348,284,53.8101867725,2.53,4304.8149418,169.0,Calculado,Mapeado,121.4701867725,65.13,25.038814941800002,20.565,3.0,7.02,27.0,31.9,2.53,2.126,0.169,99.57,22.86,121.4701867725,25.038814941800002
65,45.0,718,True,1394,278,5.4229442325,1.32,433.8355386,88.0,Calculado,Mapeado,47.6429442325,40.9,21.3068355386,20.785,1.0,2.27,34.0,6.37,1.32,0.424,0.088,48.58,21.297,47.6429442325,21.3068355386
66,50.0,718,True,1388,278,1.8441773825,1.32,147.5341906,88.0,Calculado,Mapeado,58.3941773825,55.23,27.074534190599998,26.839,2.0,7.02,45.0,1.35,1.32,0.09,0.088,57.9,27.018,58.3941773825,27.074534190599998
67,43.0,718,True,2174,278,30.140410107500003,1.32,2411.2328086,88.0,Calculado,Mapeado,95.6804101075,64.22,38.9292328086,36.43,1.0,6.88,24.0,12.88,1.32,0.859,0.088,78.42,37.378,95.6804101075,38.9292328086
68,28.0,718,True,1490,284,37.09289674875,1.32,2967.4317399,88.0,Calculado,Mapeado,132.03289674875,93.62,76.92143173989999,73.866,1.0,1.78,30.0,10.7,1.32,0.713,0.088,105.63,74.667,132.03289674875,76.92143173989999
69,10312.0,718,True,56,283,11.02825626875,4.08,882.2605015,272.0,Calculado,Mapeado,49.158256268749994,34.05,13.918260501499999,12.764,2.0,4.17,31.0,7.9,4.08,0.527,0.272,46.03,13.563,49.158256268749994,13.918260501499999
70,53.0,718,True,1107,284,3.624252665,2.53,289.9402132,169.0,Calculado,Mapeado,69.404252665,63.25,42.9699402132,42.511,2.0,4.57,34.0,2.73,2.53,0.182,0.169,68.52,42.861,69.404252665,42.9699402132
71,155.0,718,True,1685,2064,12.6768007225,2.5,1014.1440578,166.0,Calculado,Mapeado,59.8468007225,44.67,26.7971440578,25.617,1.0,0.97,12.0,13.07,2.5,0.871,0.166,60.23,26.654,59.8468007225,26.7971440578
72,372.0,718,True,1257,284,3.84506127,2.53,307.6049016,169.0,Calculado,Mapeado,99.32506127,92.95,63.852604901599996,63.376,2.0,2.7,13.0,3.03,2.53,0.202,0.169,98.52,63.746,99.32506127,63.852604901599996
73,787.0,718,True,1101,284,1.0279030275,2.53,82.2322422,169.0,Calculado,Mapeado,73.1879030275,69.63,48.53323224219999,48.282,2.0,4.57,42.0,1.33,2.53,0.089,0.169,73.5,48.539,73.1879030275,48.53323224219999
74,33.0,718,True,1391,278,12.36099525,1.32,988.87962,88.0,Calculado,Mapeado,59.41099525,45.73,24.38587962,23.309,1.0,2.27,37.0,9.57,1.32,0.638,0.088,56.62,24.035,59.41099525,24.38587962
75,22.0,718,True,1413,278,29.231624,1.32,2338.52992,88.0,Calculado,Mapeado,81.02162399999999,50.47,41.57852992,39.152,2.0,5.32,46.0,15.67,1.32,1.044,0.088,67.45,40.285,81.02162399999999,41.57852992
76,32.0,718,True,1109,284,38.3176875575,2.53,3065.4150046,169.0,Calculado,Mapeado,102.8676875575,62.02,44.759415004599994,41.525,2.0,4.57,32.0,32.2,2.53,2.147,0.169,96.75,43.841,102.8676875575,44.759415004599994
77,7575.0,718,True,679,283,14.31589673125,4.08,1145.2717385,272.0,Calculado,Mapeado,69.81589673124999,51.42,38.0412717385,36.624,0.0,0.0,14.0,8.33,4.08,0.556,0.272,63.83,37.451,69.81589673124999,38.0412717385
78,6.0,718,True,1047,278,19.47149238625,1.32,1557.7193909,88.0,Calculado,Mapeado,131.92149238624998,111.13,70.59071939089999,68.945,2.0,15.87,12.0,20.35,1.32,1.357,0.088,132.8,70.39,131.92149238624998,70.59071939089999
79,89.0,718,True,1200,2064,13.268047963750002,2.5,1061.4438371,166.0,Calculado,Mapeado,84.83804796375,69.07,40.7364438371,39.509,1.0,5.47,28.0,8.22,2.5,0.548,0.166,79.78,40.223,84.83804796375,40.7364438371
80,56.0,718,True,1975,278,45.26120641875,1.32,3620.8965135,88.0,Calculado,Mapeado,110.78120641875,64.2,37.7018965135,33.993,2.0,9.35,15.0,13.6,1.32,0.907,0.088,79.12,34.988,110.78120641875,37.7018965135
81,59.0,718,True,1532,278,10.751323935,1.32,860.1059148,88.0,Calculado,Mapeado,64.201323935,52.13,28.993105914800005,28.045,1.0,6.88,28.0,1.63,1.32,0.109,0.088,55.08,28.242,64.201323935,28.993105914800005
82,2494.0,718,True,2085,2064,3.70103419125,2.5,296.0827353,166.0,Calculado,Mapeado,34.88103419125,28.68,14.324082735300001,13.862,1.0,0.07,27.0,2.73,2.5,0.182,0.166,33.92,14.211,34.88103419125,14.324082735300001
83,24.0,718,True,1059,278,16.383018817499998,1.32,1310.6415054,88.0,Calculado,Mapeado,103.02301881749999,85.32,54.3986415054,53.0,2.0,15.87,8.0,17.07,1.32,1.137,0.088,103.7,54.226,103.02301881749999,54.3986415054
84,3737.0,718,True,475,2064,1.154984505,2.5,92.3987604,166.0,Calculado,Mapeado,21.574984505000003,17.92,11.6083987604,11.35,0.0,0.0,13.0,1.45,2.5,0.096,0.166,21.87,11.612,21.574984505000003,11.6083987604
85,37.0,718,True,1192,278,25.36070007375,2.5,2028.8560059,166.0,Calculado,Mapeado,82.83070007375,54.97,30.2168560059,28.022,1.0,0.7,2.0,9.18,2.5,0.612,0.166,66.65,28.8,82.83070007375,30.2168560059
86,38.0,718,True,1862,278,0.7940414474999999,1.32,63.5233158,88.0,Calculado,Mapeado,110.8440414475,108.73,67.30352331579999,67.152,2.0,15.87,12.0,0.58,1.32,0.038,0.088,110.63,67.279,110.8440414475,67.30352331579999
87,35.0,718,True,7,2064,7.14562119,2.5,571.6496952,166.0,Calculado,Mapeado,28.67562119,19.03,10.854649695200001,10.117,0.0,0.0,31.0,5.02,2.5,0.334,0.166,26.55,10.618,28.67562119,10.854649695200001
88,71.0,718,True,1006,284,14.1549338375,2.53,1132.394707,169.0,Calculado,Mapeado,40.8349338375,24.15,20.605394707,19.304,2.0,2.7,37.0,10.6,2.53,0.707,0.169,37.28,20.18,40.8349338375,20.605394707
89,45.0,718,True,1561,284,1.27525690375,2.53,102.0205523,169.0,Calculado,Mapeado,104.48525690375001,100.68,39.82102055229999,39.55,3.0,7.02,16.0,0.77,2.53,0.051,0.169,103.98,39.77,104.48525690375001,39.82102055229999
90,4544.0,718,True,2082,2064,1.36414918,2.5,109.1319344,166.0,Calculado,Mapeado,36.03414918,32.17,15.1581319344,14.883,1.0,0.07,27.0,1.05,2.5,0.07,0.166,35.72,15.12,36.03414918,15.1581319344
91,16507.0,718,True,1199,2064,4.68046334,2.5,374.4370672,166.0,Calculado,Mapeado,77.11046334000001,69.93,40.802437067199996,40.262,1.0,5.47,32.0,4.42,2.5,0.294,0.166,76.85,40.723,77.11046334000001,40.802437067199996
92,36.0,718,True,1413,278,35.8706173075,1.32,2869.6493846,88.0,Calculado,Mapeado,87.66061730749999,50.47,42.109649384600004,39.152,2.0,5.32,46.0,21.0,1.32,1.4,0.088,72.78,40.64,87.66061730749999,42.109649384600004
93,26.0,718,True,750,278,63.1924555825,4.08,5055.3964466,272.0,Calculado,Mapeado,168.39245558250002,101.12,59.5993964466,54.272,1.0,12.52,7.0,48.18,4.08,3.213,0.272,153.38,57.757,168.39245558250002,59.5993964466
94,2046.0,718,True,1696,2064,3.59562569875,2.5,287.6500559,166.0,Calculado,Mapeado,51.11562569875,45.02,20.7186500559,20.265,1.0,9.22,13.0,2.68,2.5,0.179,0.166,50.2,20.611,51.11562569875,20.7186500559
95,100.0,718,True,1484,278,32.13408319875,1.32,2570.7266559,88.0,Calculado,Mapeado,102.52408319874999,69.07,49.7607266559,47.102,1.0,3.42,22.0,23.88,1.32,1.593,0.088,94.27,48.782,102.52408319874999,49.7607266559
96,3804.0,718,True,1684,284,6.3744720125,2.53,509.957761,169.0,Calculado,Mapeado,58.9844720125,50.08,41.309957761,40.631,1.0,5.55,33.0,8.47,2.53,0.565,0.169,61.08,41.364,58.9844720125,41.309957761
97,36.0,718,True,811,278,15.73442221625,4.08,1258.7537773,272.0,Calculado,Mapeado,92.11442221624999,72.3,32.8177537773,31.287,1.0,12.52,7.0,14.18,4.08,0.946,0.272,90.57,32.504,92.11442221624999,32.8177537773
98,79.0,718,True,748,278,17.8635540625,4.08,1429.084325,272.0,Calculado,Mapeado,120.4235540625,98.48,53.386084325,51.685,1.0,12.52,7.0,12.93,4.08,0.862,0.272,115.5,52.819,120.4235540625,53.386084325
99,41.0,718,True,1394,278,2.3134517312500003,1.32,185.0761385,88.0,Calculado,Mapeado,44.53345173125,40.9,21.058076138500002,20.785,1.0,2.27,32.0,2.57,1.32,0.171,0.088,44.78,21.044,44.53345173125,21.058076138500002
100,94.0,718,True,1973,278,40.08112193875,1.32,3206.4897551,88.0,Calculado,Mapeado,102.68112193875,61.28,35.6724897551,32.378,2.0,9.35,15.0,25.3,1.32,1.687,0.088,87.9,34.153,102.68112193875,35.6724897551
101,348605.0,718,True,1823,284,3.880949215,2.53,310.4759372,169.0,Calculado,Mapeado,18.610949215,12.2,5.7174759372,5.238,0.0,0.0,102.0,6.72,2.53,0.448,0.169,21.45,5.854,18.610949215,5.7174759372
102,174.0,718,True,1493,284,25.32566284875,2.53,2026.0530279,169.0,Calculado,Mapeado,91.58566284874999,63.73,54.210053027899995,52.015,1.0,5.55,44.0,27.35,2.53,1.823,0.169,93.62,54.007,91.58566284874999,54.210053027899995
103,36.0,718,True,784,278,21.2243718575,4.08,1697.9497486,272.0,Calculado,Mapeado,125.0543718575,99.75,54.684949748600005,52.715,1.0,12.52,7.0,15.0,4.08,1.0,0.272,118.83,53.986,125.0543718575,54.684949748600005
104,40.0,718,True,1389,278,3.20522266625,1.32,256.4178133,88.0,Calculado,Mapeado,57.89522266625,53.37,25.6234178133,25.279,2.0,7.02,43.0,4.95,1.32,0.33,0.088,59.63,25.698,57.89522266625,25.6234178133
105,36.0,718,True,1761,2064,25.55555867625,2.5,2044.4446941,166.0,Calculado,Mapeado,96.13555867625,68.08,32.0814446941,29.871,1.0,12.63,4.0,18.5,2.5,1.233,0.166,89.08,31.27,96.13555867625,32.0814446941
106,27.0,718,True,182,284,24.8330889525,2.53,1986.6471162,169.0,Calculado,Mapeado,85.5430889525,58.18,20.8066471162,18.651,2.0,6.57,30.0,11.97,2.53,0.798,0.169,72.68,19.617,85.5430889525,20.8066471162
107,6.0,718,True,178,284,31.48797414875,2.53,2519.0379319,169.0,Calculado,Mapeado,97.36797414875,63.35,23.5250379319,20.837,2.0,6.57,28.0,16.08,2.53,1.072,0.169,81.97,22.078,97.36797414875,23.5250379319
108,27.0,718,True,587,284,27.267207685,2.53,2181.3766148,169.0,Calculado,Mapeado,42.527207685,12.73,11.2633766148,8.913,0.0,0.0,31.0,9.92,2.53,0.661,0.169,25.18,9.742,42.527207685,11.2633766148
109,743.0,718,True,39,2064,4.48793335375,2.5,359.0346683,166.0,Calculado,Mapeado,20.76793335375,13.78,9.0000346683,8.475,0.0,0.0,31.0,2.62,2.5,0.175,0.166,18.9,8.816,20.76793335375,9.0000346683
110,81.0,718,True,710,284,0.96348907,4.08,77.0791256,272.0,Calculado,Mapeado,60.89348907,55.85,23.740079125599998,23.391,1.0,0.03,8.0,0.63,4.08,0.042,0.272,60.57,23.705,60.89348907,23.740079125599998
111,452.0,718,True,750,278,1.71496319,4.08,137.1970552,272.0,Calculado,Mapeado,106.91496319000001,101.12,54.681197055199995,54.272,1.0,12.52,7.0,2.03,4.08,0.135,0.272,107.23,54.679,106.91496319000001,54.681197055199995
112,25.0,718,True,580,284,31.34191632125,2.53,2507.3533057,169.0,Calculado,Mapeado,66.44191632125,32.57,19.9493533057,17.273,0.0,0.0,38.0,13.6,2.53,0.907,0.169,48.7,18.348,66.44191632125,19.9493533057
113,36.0,718,True,2185,278,21.82204902625,4.08,1745.7639221,272.0,Calculado,Mapeado,136.95204902625002,111.05,45.57976392209999,43.562,2.0,47.38,2.0,13.8,4.08,0.92,0.272,128.93,44.754,136.95204902625002,45.57976392209999
114,22.0,718,True,1096,2064,20.80055230125,2.5,1664.0441841,166.0,Calculado,Mapeado,94.12055230125,70.82,42.6220441841,40.792,1.0,5.47,32.0,15.93,2.5,1.063,0.166,89.25,42.021,94.12055230125,42.6220441841
115,5752.0,718,True,164,284,4.61814314625,2.53,369.4514517,169.0,Calculado,Mapeado,38.82814314625,31.68,14.2704514517,13.732,1.0,0.48,44.0,4.37,2.53,0.291,0.169,38.58,14.192,38.82814314625,14.2704514517
116,25.0,718,True,1411,278,13.7428930875,1.32,1099.431447,88.0,Calculado,Mapeado,68.3628930875,53.3,43.391431447,42.204,2.0,5.32,45.0,11.92,1.32,0.794,0.088,66.53,43.086,68.3628930875,43.391431447
117,7.0,718,True,1393,278,17.567223103750003,1.32,1405.3778483,88.0,Calculado,Mapeado,62.18722310375,43.3,23.3013778483,21.808,1.0,2.27,34.0,4.85,1.32,0.323,0.088,49.47,22.22,62.18722310375,23.3013778483
118,29816.0,718,True,1375,284,7.986715173749999,2.53,638.9372139,169.0,Calculado,Mapeado,48.56671517375,38.05,36.6179372139,35.81,1.0,1.05,44.0,7.72,2.53,0.515,0.169,48.3,36.493,48.56671517375,36.6179372139
119,448.0,718,True,1048,278,1.83149356375,1.32,146.5194851,88.0,Calculado,Mapeado,106.60149356375,103.45,64.9555194851,64.721,2.0,15.87,12.0,1.35,1.32,0.09,0.088,106.12,64.899,106.60149356375,64.9555194851
120,78.0,718,True,1419,278,36.53915675875,1.32,2923.1325407,88.0,Calculado,Mapeado,92.45915675875,54.6,51.2891325407,48.278,1.0,0.02,33.0,24.85,1.32,1.656,0.088,80.77,50.022,92.45915675875,51.2891325407
121,72.0,718,True,786,278,0.3399924,4.08,27.199392,272.0,Calculado,Mapeado,102.4499924,98.03,51.622199392,51.323,1.0,12.52,7.0,0.78,4.08,0.052,0.272,102.9,51.647,102.4499924,51.622199392
122,31.0,718,True,620,284,1.921460905,2.53,153.7168724,169.0,Calculado,Mapeado,27.021460905,22.57,14.004716872400001,13.682,0.0,0.0,41.0,13.38,2.53,0.892,0.169,38.48,14.743,27.021460905,14.004716872400001
123,482.0,718,True,624,284,2.2804269475,2.53,182.4341558,169.0,Calculado,Mapeado,24.2404269475,19.43,12.8574341558,12.506,0.0,0.0,31.0,1.82,2.53,0.121,0.169,23.78,12.796,24.2404269475,12.8574341558
124,251.0,718,True,662,284,0.31281822375,2.53,25.0254579,169.0,Calculado,Mapeado,61.06281822375,58.22,27.7720254579,27.578,1.0,7.52,14.0,0.63,2.53,0.042,0.169,61.38,27.789,61.06281822375,27.7720254579
125,159.0,718,True,561,245,3.2140743487500005,4.57,257.1259479,304.0,Calculado,Mapeado,45.814074348750005,38.03,15.271125947900002,14.71,1.0,4.82,28.0,2.78,4.57,0.185,0.304,45.38,15.199,45.814074348750005,15.271125947900002
126,30.0,718,True,1744,284,1.75861780625,2.53,140.6894245,169.0,Calculado,Mapeado,56.36861780625,52.08,24.8776894245,24.568,0.0,0.0,21.0,1.92,2.53,0.128,0.169,56.53,24.864,56.36861780625,24.8776894245
127,26.0,718,True,417,284,10.6187403575,2.53,849.4992286,169.0,Calculado,Mapeado,37.248740357500004,24.1,14.1584992286,13.14,1.0,2.85,108.0,5.22,2.53,0.348,0.169,31.85,13.656,37.248740357500004,14.1584992286
128,337.0,718,True,1032,278,0.794466335,1.32,63.5573068,88.0,Calculado,Mapeado,94.94446633499999,92.83,58.6025573068,58.451,2.0,15.87,10.0,0.67,1.32,0.044,0.088,94.82,58.583,94.94446633499999,58.6025573068
129,113.0,718,True,1252,284,0.7308817237499999,2.53,58.4705379,169.0,Calculado,Mapeado,104.38088172375001,101.12,68.8514705379,68.624,2.0,2.7,10.0,0.47,2.53,0.031,0.169,104.12,68.823,104.38088172375001,68.8514705379
130,31.0,718,True,1328,278,9.5321865675,1.32,762.5749254,88.0,Calculado,Mapeado,69.22218656749999,58.37,34.2595749254,33.409,1.0,6.88,24.0,9.0,1.32,0.6,0.088,68.68,34.096,69.22218656749999,34.2595749254
131,171.0,718,True,993,284,29.807205501250003,2.53,2384.5764401,169.0,Calculado,Mapeado,117.31720550125002,84.98,70.6035764401,68.05,1.0,5.55,19.0,23.82,2.53,1.588,0.169,111.33,69.807,117.31720550125002,70.6035764401
132,368.0,718,True,1142,2064,5.66922335,2.5,453.537868,166.0,Calculado,Mapeado,74.88922335,66.72,34.226537867999994,33.607,1.0,9.0,12.0,5.28,2.5,0.352,0.166,74.5,34.125,74.88922335,34.226537867999994
133,3445.0,718,True,182,284,3.97670309875,2.53,318.1362479,169.0,Calculado,Mapeado,64.68670309875,58.18,19.1381362479,18.651,2.0,6.57,30.0,3.87,2.53,0.258,0.169,64.58,19.077,64.68670309875,19.1381362479
134,335.0,718,True,1394,278,1.98229401375,1.32,158.5835211,88.0,Calculado,Mapeado,44.20229401375,40.9,21.0315835211,20.785,1.0,2.27,32.0,2.25,1.32,0.149,0.088,44.47,21.022,44.20229401375,21.0315835211
135,753.0,718,True,1126,2064,11.90212889625,2.5,952.1703117,166.0,Calculado,Mapeado,39.67212889625,25.27,16.7061703117,15.588,0.0,0.0,13.0,4.77,2.5,0.318,0.166,32.53,16.072,39.67212889625,16.7061703117
136,474.0,718,True,1107,284,3.18230450375,2.53,254.5843603,169.0,Calculado,Mapeado,68.96230450375,63.25,42.9345843603,42.511,2.0,4.57,32.0,1.3,2.53,0.086,0.169,67.08,42.765,68.96230450375,42.9345843603
137,300.0,718,True,957,284,13.24061896375,2.53,1059.2495171,169.0,Calculado,Mapeado,56.64061896375,40.87,20.5912495171,19.363,1.0,0.48,53.0,7.63,2.53,0.509,0.169,51.03,20.04,56.64061896375,20.5912495171
138,183.0,718,True,1761,2064,2.12009847875,2.5,169.6078783,166.0,Calculado,Mapeado,72.70009847875,68.08,30.206607878299998,29.871,1.0,12.63,4.0,2.45,2.5,0.164,0.166,73.03,30.201,72.70009847875,30.206607878299998
139,3851.0,718,True,2101,284,3.63753533375,2.5,291.0028267,166.0,Calculado,Mapeado,83.53753533375,77.4,29.313002826700004,28.856,2.0,22.27,32.0,4.17,2.5,0.277,0.166,84.07,29.299,83.53753533375,29.313002826700004
140,431.0,718,True,1055,278,9.233441205,1.32,738.6752964,88.0,Calculado,Mapeado,100.023441205,89.47,57.5556752964,56.729,2.0,15.87,10.0,6.15,1.32,0.41,0.088,96.93,57.227,100.023441205,57.5556752964
141,1765.0,718,True,1660,278,2.26345908875,1.32,181.0767271,88.0,Calculado,Mapeado,56.703459088749995,53.12,29.1580767271,28.889,1.0,6.88,29.0,1.6,1.32,0.106,0.088,56.03,29.083,56.703459088749995,29.1580767271
142,93.0,718,True,455,284,1.57128476625,2.53,125.7027813,169.0,Calculado,Mapeado,44.40128476625,40.3,27.0007027813,26.706,3.0,5.47,14.0,1.55,2.53,0.103,0.169,44.38,26.978,44.40128476625,27.0007027813
143,165.0,718,True,1802,2064,2.671775835,2.5,213.7420668,166.0,Calculado,Mapeado,64.541775835,59.37,27.419742066799998,27.04,1.0,0.07,16.0,1.65,2.5,0.111,0.166,63.52,27.316,64.541775835,27.419742066799998
144,9378.0,718,True,57,2064,3.17373022,2.5,253.8984176,166.0,Calculado,Mapeado,17.99373022,12.32,8.5298984176,8.11,0.0,0.0,31.0,0.88,2.5,0.059,0.166,15.7,8.335,17.99373022,8.5298984176
145,78.0,718,True,1268,284,23.5408681925,2.53,1883.2694554,169.0,Calculado,Mapeado,101.4008681925,75.33,54.149269455399995,52.097,2.0,2.7,8.0,16.38,2.53,1.092,0.169,94.25,53.358,101.4008681925,54.149269455399995
146,91.0,718,True,1723,284,52.81648708,2.53,4225.3189664,169.0,Calculado,Mapeado,145.51648708000002,90.17,66.4153189664,62.021,2.0,2.7,13.0,48.73,2.53,3.249,0.169,141.43,65.439,145.51648708000002,66.4153189664
147,13.0,718,True,1939,284,48.3385519775,2.53,3867.0841582,169.0,Calculado,Mapeado,197.91855197750002,147.05,58.0260841582,53.99,2.0,14.98,6.0,26.83,2.53,1.789,0.169,176.42,55.948,197.91855197750002,58.0260841582
148,722.0,718,True,2161,278,4.14315231625,2.5,331.4521853,166.0,Calculado,Mapeado,87.12315231625,80.48,22.0834521853,21.586,2.0,32.53,21.0,2.63,2.5,0.176,0.166,85.62,21.928,87.12315231625,22.0834521853
149,26.0,718,True,1185,278,40.81191494875,2.5,3264.9531959,166.0,Calculado,Mapeado,115.69191494875,72.38,37.958953195899994,34.528,1.0,0.7,5.0,23.63,2.5,1.576,0.166,98.52,36.27,115.69191494875,37.958953195899994
150,93.0,718,True,1059,278,21.047212135,1.32,1683.7769708,88.0,Calculado,Mapeado,107.68721213499998,85.32,54.7717769708,53.0,2.0,15.87,8.0,20.0,1.32,1.333,0.088,106.63,54.422,107.68721213499998,54.7717769708
151,115.0,718,True,832,284,7.4525528925,2.53,596.2042314,169.0,Calculado,Mapeado,19.2525528925,9.27,5.8912042314,5.126,0.0,0.0,36.0,3.48,2.53,0.232,0.169,15.28,5.527,19.2525528925,5.8912042314
152,138.0,718,True,1392,278,6.464095777500001,1.32,517.1276622,88.0,Calculado,Mapeado,52.1840957775,44.4,23.263127662200002,22.658,1.0,2.27,34.0,4.9,1.32,0.326,0.088,50.62,23.072,52.1840957775,23.263127662200002
153,20.0,718,True,1537,278,21.35596018375,1.32,1708.4768147,88.0,Calculado,Mapeado,74.19596018375,51.52,28.5144768147,26.718,2.0,7.37,36.0,17.72,1.32,1.181,0.088,70.55,27.987,74.19596018375,28.5144768147
154,6578.0,718,True,1485,278,5.22370247625,1.32,417.8961981,88.0,Calculado,Mapeado,73.27370247625,66.73,47.01989619810001,46.514,1.0,3.42,21.0,5.42,1.32,0.361,0.088,73.47,46.964,73.27370247625,47.01989619810001
155,1589.0,718,True,1647,2064,3.451545445,2.5,276.1236356,166.0,Calculado,Mapeado,58.451545445,52.5,22.5031236356,22.061,1.0,0.07,19.0,2.33,2.5,0.156,0.166,57.33,22.383,58.451545445,22.5031236356
156,418.0,718,True,473,2064,1.7098828950000002,2.5,136.7906316,166.0,Calculado,Mapeado,23.189882895,18.98,12.5117906316,12.209,0.0,0.0,13.0,1.23,2.5,0.082,0.166,22.72,12.457,23.189882895,12.5117906316
157,988.0,718,True,1809,2064,6.31785039875,2.5,505.4280319,166.0,Calculado,Mapeado,20.58785039875,11.77,8.4334280319,7.762,0.0,0.0,13.0,2.53,2.5,0.169,0.166,16.8,8.098,20.58785039875,8.4334280319
158,441.0,718,True,978,284,33.59047823625,2.53,2687.2382589,169.0,Calculado,Mapeado,104.59047823625,68.47,58.0342382589,55.178,1.0,5.55,44.0,36.07,2.53,2.405,0.169,107.07,57.751,104.59047823625,58.0342382589
159,89.0,718,True,1765,2064,1.66877621,2.5,133.5020968,166.0,Calculado,Mapeado,68.63877621,64.47,27.998502096800003,27.699,1.0,12.63,4.0,1.8,2.5,0.121,0.166,68.77,27.986,68.63877621,27.998502096800003
160,311.0,718,True,1627,284,4.724303485,2.5,377.9442788,166.0,Calculado,Mapeado,84.574303485,77.35,28.8449442788,28.301,1.0,24.53,14.0,4.32,2.5,0.288,0.166,84.17,28.755,84.574303485,28.8449442788
161,37.0,718,True,1327,278,2.01042800125,1.32,160.8342401,88.0,Calculado,Mapeado,91.93042800125,88.6,40.991834240100005,40.743,3.0,24.83,8.0,1.53,1.32,0.102,0.088,91.45,40.933,91.93042800125,40.991834240100005
162,15615.0,718,True,1446,278,3.0965848075,1.32,247.7267846,88.0,Calculado,Mapeado,60.4165848075,56.0,49.504726784599995,49.169,1.0,0.02,32.0,3.55,1.32,0.237,0.088,60.87,49.494,60.4165848075,49.504726784599995
163,33.0,718,True,1395,278,17.18499881625,1.32,1374.7999053,88.0,Calculado,Mapeado,57.48499881625,38.98,21.317799905300003,19.855,1.0,2.27,35.0,12.55,1.32,0.837,0.088,52.85,20.78,57.48499881625,21.317799905300003
164,64.0,718,True,331603,278,20.43127811875,1.32,1634.5022495,88.0,Calculado,Mapeado,71.30127811874999,49.55,27.1965022495,25.474,1.0,6.88,30.0,6.85,1.32,0.456,0.088,57.72,26.019,71.30127811874999,27.1965022495
165,324.0,718,True,320,284,49.26151353,2.53,3940.9210824,169.0,Calculado,Mapeado,55.22151353,3.43,6.023921082399999,1.914,0.0,0.0,154.0,41.37,2.53,2.758,0.169,47.33,4.84,55.22151353,6.023921082399999
166,2512.0,718,True,1690,284,1.84648708125,2.53,147.7189665,169.0,Calculado,Mapeado,67.05648708125,62.68,44.6607189665,44.344,2.0,2.7,60.0,1.77,2.53,0.118,0.169,66.98,44.631,67.05648708125,44.6607189665
167,905.0,718,True,1491,284,1.19569509125,1.32,95.6556073,88.0,Calculado,Mapeado,92.58569509124999,90.07,62.911655607300005,62.728,1.0,6.13,31.0,0.75,1.32,0.05,0.088,92.13,62.866,92.58569509124999,62.911655607300005
168,73.0,718,True,1186,278,42.47000563625,2.5,3397.6004509,166.0,Calculado,Mapeado,115.19000563624999,70.22,37.2946004509,33.731,1.0,0.7,5.0,24.28,2.5,1.618,0.166,97.0,35.516,115.19000563624999,37.2946004509
169,21.0,718,True,1328,278,5.3891337,1.32,431.130696,88.0,Calculado,Mapeado,65.0791337,58.37,33.928130696,33.409,1.0,6.88,24.0,5.73,1.32,0.383,0.088,65.42,33.88,65.0791337,33.928130696
170,956.0,718,True,39,2064,3.00713165875,2.5,240.5705327,166.0,Calculado,Mapeado,19.28713165875,13.78,8.8815705327,8.475,0.0,0.0,31.0,3.15,2.5,0.21,0.166,19.43,8.851,19.28713165875,8.8815705327
171,76.0,718,True,1391,278,2.009053675,1.32,160.724294,88.0,Calculado,Mapeado,49.059053674999994,45.73,23.557724294000003,23.309,1.0,2.27,34.0,2.25,1.32,0.15,0.088,49.3,23.547,49.059053674999994,23.557724294000003
172,74.0,718,True,1072,284,32.71463937,2.53,2617.1711496,169.0,Calculado,Mapeado,80.57463937,45.33,34.405171149599994,31.619,2.0,2.7,19.0,18.15,2.53,1.21,0.169,66.02,32.998,80.57463937,34.405171149599994
173,244.0,718,True,326934,278,8.23088518875,1.32,658.4708151,88.0,Calculado,Mapeado,62.10088518875,52.55,42.00747081510001,41.261,2.0,5.32,45.0,8.38,1.32,0.558,0.088,62.25,41.908,62.10088518875,42.00747081510001
174,66.0,718,True,1059,278,55.90345654375,1.32,4472.2765235,88.0,Calculado,Mapeado,142.54345654374998,85.32,57.5602765235,53.0,2.0,15.87,9.0,56.17,1.32,3.744,0.088,142.8,56.833,142.54345654374998,57.5602765235
175,25.0,718,True,1107,284,8.79544210625,2.53,703.6353685,169.0,Calculado,Mapeado,74.57544210625,63.25,43.3836353685,42.511,2.0,4.57,35.0,8.78,2.53,0.586,0.169,74.57,43.265,74.57544210625,43.3836353685
176,183.0,718,True,373,284,14.003841327500002,2.53,1120.3073062,169.0,Calculado,Mapeado,27.363841327500005,10.83,6.190307306199999,4.901,1.0,1.95,44.0,8.63,2.53,0.575,0.169,22.0,5.645,27.363841327500005,6.190307306199999
177,4142.0,718,True,623,284,2.00965921,2.53,160.7727368,169.0,Calculado,Mapeado,25.51965921,20.98,13.4167727368,13.087,0.0,0.0,31.0,1.42,2.53,0.095,0.169,24.93,13.35,25.51965921,13.4167727368
178,20.0,718,True,1554,278,33.52774266875,1.32,2682.2194135,88.0,Calculado,Mapeado,166.24774266875,131.4,57.4352194135,54.665,3.0,28.17,4.0,32.57,1.32,2.172,0.088,165.28,56.924,166.24774266875,57.4352194135
179,268.0,718,True,2131,278,4.99730637875,2.5,399.7845103,166.0,Calculado,Mapeado,81.77730637875,74.28,27.6467845103,27.081,2.0,22.27,25.0,4.12,2.5,0.275,0.166,80.9,27.522,81.77730637875,27.6467845103
180,135.0,718,True,1002,284,41.87710967,2.53,3350.1687736,169.0,Calculado,Mapeado,91.12710967000001,46.72,41.259168773599995,37.74,1.0,5.55,41.0,39.7,2.53,2.646,0.169,88.95,40.554,91.12710967000001,41.259168773599995
181,798.0,718,True,462,278,2.31731555125,2.5,185.3852441,166.0,Calculado,Mapeado,53.98731555125,49.17,22.643385244100003,22.292,1.0,12.77,20.0,2.23,2.5,0.149,0.166,53.9,22.608,53.98731555125,22.643385244100003
182,467.0,718,True,1530,278,1.1986116175,1.32,95.8889294,88.0,Calculado,Mapeado,57.4686116175,54.95,29.803888929400003,29.62,1.0,6.88,26.0,1.08,1.32,0.072,0.088,57.35,29.78,57.4686116175,29.803888929400003
183,37.0,718,True,220863,284,22.09181038625,2.53,1767.3448309,169.0,Calculado,Mapeado,113.40181038625,88.78,73.6063448309,71.67,1.0,5.55,23.0,16.08,2.53,1.072,0.169,107.4,72.91,113.40181038625,73.6063448309
184,32.0,718,True,1425,278,22.41792157,1.32,1793.4337256,88.0,Calculado,Mapeado,84.30792156999999,60.57,46.5214337256,44.64,2.0,4.62,26.0,18.97,1.32,1.265,0.088,80.85,45.993,84.30792156999999,46.5214337256
185,33.0,718,True,1484,278,19.31415830375,1.32,1545.1326643,88.0,Calculado,Mapeado,89.70415830374998,69.07,48.7351326643,47.102,1.0,3.42,22.0,19.78,1.32,1.319,0.088,90.17,48.508,89.70415830374998,48.7351326643
186,27.0,718,True,1511,278,25.65431426125,1.32,2052.3451409,88.0,Calculado,Mapeado,93.87431426124999,66.9,58.0433451409,55.903,1.0,0.02,24.0,17.72,1.32,1.181,0.088,85.93,57.172,93.87431426124999,58.0433451409
187,12756.0,718,True,1065,284,3.45027370125,2.53,276.0218961,169.0,Calculado,Mapeado,63.95027370125,57.97,40.41902189609999,39.974,2.0,4.57,61.0,2.93,2.53,0.196,0.169,63.43,40.339,63.95027370125,40.41902189609999
188,25.0,718,True,1262,284,5.876431462499999,2.53,470.114517,169.0,Calculado,Mapeado,93.5264314625,85.12,58.409114517,57.77,2.0,2.7,13.0,6.1,2.53,0.407,0.169,93.75,58.346,93.5264314625,58.409114517
189,953.0,718,True,1139,2064,4.40607531625,2.5,352.4860253,166.0,Calculado,Mapeado,79.73607531625,72.83,35.8994860253,35.381,1.0,9.0,12.0,3.55,2.5,0.237,0.166,78.88,35.784,79.73607531625,35.8994860253
190,387.0,718,True,2171,2064,21.8708788525,2.5,1749.6703082,166.0,Calculado,Mapeado,101.8708788525,77.5,41.7846703082,39.869,1.0,0.02,16.0,19.67,2.5,1.311,0.166,99.67,41.347,101.8708788525,41.7846703082
191,230.0,718,True,1142,2064,2.26494488875,2.5,181.1955911,166.0,Calculado,Mapeado,71.48494488875,66.72,33.954195591099996,33.607,1.0,9.0,12.0,2.42,2.5,0.161,0.166,71.63,33.934,71.48494488875,33.954195591099996
192,27.0,718,True,21786,278,41.72898679,1.32,3338.3189432,88.0,Calculado,Mapeado,91.07898678999999,48.03,39.9603189432,36.534,2.0,5.32,44.0,19.92,1.32,1.328,0.088,69.27,37.95,91.07898678999999,39.9603189432
193,22.0,718,True,2182,278,42.45288533375,4.08,3396.2308267,272.0,Calculado,Mapeado,158.83288533375,112.3,48.1832308267,44.515,2.0,47.38,2.0,15.4,4.08,1.027,0.272,131.78,45.814,158.83288533375,48.1832308267
194,23.0,718,True,733,278,37.8177963525,4.08,3025.4237082,272.0,Calculado,Mapeado,123.7677963525,81.87,42.0374237082,38.74,1.0,12.52,7.0,29.22,4.08,1.948,0.272,115.17,40.96,123.7677963525,42.0374237082
195,50.0,718,True,1071,284,20.34778080875,2.53,1627.8224647,169.0,Calculado,Mapeado,71.22778080875,48.35,34.3858224647,32.589,2.0,4.57,43.0,14.22,2.53,0.948,0.169,65.1,33.705,71.22778080875,34.3858224647
196,1819.0,718,True,642,283,0.9359457475,4.08,74.8756598,272.0,Calculado,Mapeado,31.2859457475,26.27,20.3008756598,19.954,0.0,0.0,14.0,0.85,4.08,0.057,0.272,31.2,20.283,31.2859457475,20.3008756598
197,53.0,718,True,114254,284,8.82486123125,2.5,705.9888985,166.0,Calculado,Mapeado,95.40486123125,84.08,35.4149888985,34.543,1.0,24.53,18.0,6.73,2.5,0.448,0.166,93.32,35.158,95.40486123125,35.4149888985
198,140.0,718,True,179,284,11.31561804125,2.53,905.2494433,169.0,Calculado,Mapeado,76.37561804125001,62.53,21.581249443300003,20.507,2.0,6.57,26.0,9.68,2.53,0.646,0.169,74.75,21.321,76.37561804125001,21.581249443300003
199,23.0,718,True,178,284,38.87941376625,2.53,3110.3531013,169.0,Calculado,Mapeado,104.75941376625,63.35,24.1163531013,20.837,2.0,6.57,30.0,24.78,2.53,1.653,0.169,90.67,22.659,104.75941376625,24.1163531013
200,10.0,718,True,789,278,13.29774508125,4.08,1063.8196065,272.0,Calculado,Mapeado,112.05774508125,94.68,50.0448196065,48.709,1.0,12.52,7.0,14.07,4.08,0.937,0.272,112.83,49.918,112.05774508125,50.0448196065
201,129.0,718,True,681,283,0.7162177075,4.08,57.2974166,272.0,Calculado,Mapeado,57.846217707499996,53.05,28.3062974166,27.977,1.0,10.62,32.0,1.23,4.08,0.083,0.272,58.37,28.331,57.846217707499996,28.3062974166
202,465.0,718,True,1328,278,1.16629125375,1.32,93.3033003,88.0,Calculado,Mapeado,60.85629125375,58.37,33.5903033003,33.409,1.0,6.88,24.0,1.23,1.32,0.083,0.088,60.92,33.579,60.85629125375,33.5903033003
203,41.0,718,True,1935,278,7.10084609,1.32,568.0676872,88.0,Calculado,Mapeado,74.42084609,66.0,38.5140676872,37.858,1.0,6.88,24.0,4.32,1.32,0.288,0.088,71.63,38.235,74.42084609,38.5140676872
204,183.0,718,True,1394,278,7.2359334,1.32,578.874672,88.0,Calculado,Mapeado,49.4559334,40.9,21.451874672000002,20.785,1.0,2.27,34.0,8.3,1.32,0.553,0.088,50.52,21.426,49.4559334,21.451874672000002
205,107.0,718,True,1554,278,5.08054823375,1.32,406.4438587,88.0,Calculado,Mapeado,137.80054823375,131.4,55.1594438587,54.665,3.0,28.17,4.0,3.15,1.32,0.21,0.088,135.87,54.963,137.80054823375,55.1594438587
206,30.0,718,True,1071,284,40.11864376375,2.53,3209.4915011,169.0,Calculado,Mapeado,90.99864376375001,48.35,35.96749150109999,32.589,2.0,4.57,43.0,30.47,2.53,2.031,0.169,81.35,34.789,90.99864376375001,35.96749150109999
207,18.0,718,True,1253,284,80.73535735,2.53,6458.828588,169.0,Calculado,Mapeado,183.39535735,100.13,74.728828588,68.101,2.0,2.7,10.0,66.5,2.53,4.433,0.169,169.17,72.703,183.39535735,74.728828588
208,29.0,718,True,2192,278,6.9716527825,1.32,557.7322226,88.0,Calculado,Mapeado,75.5416527825,67.25,37.1767322226,36.531,2.0,9.35,15.0,2.12,1.32,0.141,0.088,70.68,36.76,75.5416527825,37.1767322226
209,11.0,718,True,1658,278,39.3197359725,1.32,3145.5788778,88.0,Calculado,Mapeado,100.21973597249999,59.58,34.7905788778,31.557,2.0,9.35,15.0,23.25,1.32,1.55,0.088,84.15,33.195,100.21973597249999,34.7905788778
210,1752.0,718,True,1391,278,4.44348512875,1.32,355.4788103,88.0,Calculado,Mapeado,51.493485128749995,45.73,23.7524788103,23.309,1.0,2.27,34.0,3.67,1.32,0.244,0.088,50.72,23.641,51.493485128749995,23.7524788103
211,92.0,718,True,33541,278,40.26613425,1.32,3221.29074,88.0,Calculado,Mapeado,111.36613424999999,69.78,43.36429074,40.055,1.0,6.88,25.0,32.75,1.32,2.183,0.088,103.85,42.327,111.36613424999999,43.36429074
212,116.0,718,True,929,283,8.35434202375,4.08,668.3473619,272.0,Calculado,Mapeado,67.48434202375,55.05,24.9583473619,24.018,1.0,19.87,17.0,4.42,4.08,0.294,0.272,63.55,24.584,67.48434202375,24.9583473619
213,798.0,718,True,894,284,7.99489916875,4.08,639.5919335,272.0,Calculado,Mapeado,23.75489916875,11.68,9.7645919335,8.853,0.0,0.0,14.0,5.3,4.08,0.353,0.272,21.07,9.478,23.75489916875,9.7645919335
214,26.0,718,True,1299,278,2.936338025,1.32,234.907042,88.0,Calculado,Mapeado,97.50633802499999,93.25,49.96490704200001,49.642,3.0,19.6,5.0,2.27,1.32,0.151,0.088,96.83,49.882,97.50633802499999,49.96490704200001
215,338.0,718,True,1046,278,1.97698582625,1.32,158.1588661,88.0,Calculado,Mapeado,115.94698582625,112.65,70.85215886609998,70.606,2.0,15.87,14.0,1.43,1.32,0.096,0.088,115.4,70.79,115.94698582625,70.85215886609998
216,972.0,718,True,2106,284,95.3679366425,2.5,7629.4349314,166.0,Calculado,Mapeado,180.5979366425,82.73,40.884434931399994,33.089,1.0,24.53,16.0,22.5,2.5,1.5,0.166,107.73,34.755,180.5979366425,40.884434931399994
217,31.0,718,True,993,284,19.86610739375,2.53,1589.2885915,169.0,Calculado,Mapeado,107.37610739375,84.98,69.80828859149999,68.05,1.0,5.55,19.0,16.68,2.53,1.112,0.169,104.2,69.331,107.37610739375,69.80828859149999
218,769.0,718,True,57,2064,3.76840254875,2.5,301.4722039,166.0,Calculado,Mapeado,18.58840254875,12.32,8.5774722039,8.11,0.0,0.0,31.0,2.12,2.5,0.142,0.166,16.93,8.418,18.58840254875,8.5774722039
219,38.0,718,True,1536,278,18.098883325,1.32,1447.910666,88.0,Calculado,Mapeado,66.68888332499999,47.27,25.564910666,24.029,1.0,2.27,37.0,9.68,1.32,0.645,0.088,58.27,24.762,66.68888332499999,25.564910666
220,2874.0,718,True,1376,284,2.97634227125,2.53,238.1073817,169.0,Calculado,Mapeado,40.486342271249995,34.98,35.6041073817,35.197,1.0,1.05,53.0,2.75,2.53,0.183,0.169,40.27,35.549,40.486342271249995,35.6041073817
221,101.0,718,True,1432,284,1.19522312625,2.53,95.6178501,169.0,Calculado,Mapeado,56.14522312625,52.42,39.441617850099995,39.177,1.0,1.05,3.0,1.43,2.53,0.096,0.169,56.38,39.442,56.14522312625,39.441617850099995
222,143.0,718,True,1394,278,8.94999037125,1.32,715.9992297,88.0,Calculado,Mapeado,51.16999037125,40.9,21.5889992297,20.785,1.0,2.27,34.0,7.02,1.32,0.468,0.088,49.23,21.341,51.16999037125,21.5889992297
223,61.0,718,True,1066,284,15.9962692125,2.53,1279.701537,169.0,Calculado,Mapeado,74.8062692125,56.28,40.811701537,39.363,2.0,4.57,61.0,15.63,2.53,1.042,0.169,74.45,40.573,74.8062692125,40.811701537
224,78.0,718,True,754,283,15.48495659375,4.08,1238.7965275,272.0,Calculado,Mapeado,52.34495659375,32.78,15.217796527500001,13.707,1.0,3.65,22.0,5.85,4.08,0.39,0.272,42.72,14.369,52.34495659375,15.217796527500001
225,206.0,718,True,1062,278,5.0359956675,1.32,402.8796534,88.0,Calculado,Mapeado,84.2859956675,77.93,48.8008796534,48.31,2.0,15.87,10.0,5.45,1.32,0.363,0.088,84.7,48.761,84.2859956675,48.8008796534
226,945.0,718,True,177,284,15.229274792499998,2.53,1218.3419834,169.0,Calculado,Mapeado,82.7292747925,64.97,22.8643419834,21.477,2.0,6.57,30.0,3.83,2.53,0.256,0.169,71.33,21.902,82.7292747925,22.8643419834
227,5717.0,718,True,164,284,8.654421723750001,2.53,692.3537379,169.0,Calculado,Mapeado,42.86442172375,31.68,14.5933537379,13.732,1.0,0.48,45.0,8.37,2.53,0.558,0.169,42.58,14.458,42.86442172375,14.5933537379
228,21062.0,718,True,173,284,1.7991393875,2.53,143.931151,169.0,Calculado,Mapeado,42.4091393875,38.08,17.768931151,17.456,1.0,0.48,60.0,0.98,2.53,0.066,0.169,41.6,17.69,42.4091393875,17.768931151
229,43.0,718,True,2181,284,21.49026895375,2.53,1719.2215163,169.0,Calculado,Mapeado,111.17026895375001,87.15,71.6622215163,69.774,1.0,5.55,23.0,15.77,2.53,1.051,0.169,105.45,70.993,111.17026895375001,71.6622215163
230,49.0,718,True,1742,284,0.8313167512499999,4.08,66.5053401,272.0,Calculado,Mapeado,59.59131675125,54.68,24.4975053401,24.159,1.0,0.3,9.0,1.18,4.08,0.079,0.272,59.95,24.51,59.59131675125,24.4975053401
231,445.0,718,True,60417,283,1.9791002,4.08,158.328016,272.0,Calculado,Mapeado,51.389100199999994,45.33,17.762328015999998,17.332,1.0,8.6,15.0,1.68,4.08,0.112,0.272,51.1,17.716,51.389100199999994,17.762328015999998
232,340.0,718,True,556,283,4.550065765,4.08,364.0052612,272.0,Calculado,Mapeado,48.100065765,39.47,17.116005261199998,16.48,1.0,3.65,45.0,3.58,4.08,0.238,0.272,47.13,16.99,48.100065765,17.116005261199998
233,76.0,718,True,598,284,14.87300048875,2.53,1189.8400391,169.0,Calculado,Mapeado,44.003000488750004,26.6,16.5568400391,15.198,0.0,0.0,44.0,15.17,2.53,1.011,0.169,44.3,16.377,44.003000488750004,16.5568400391
234,878.0,718,True,696,284,4.3541858,2.53,348.334864,169.0,Calculado,Mapeado,64.3141858,57.43,27.097334864,26.58,0.0,0.0,14.0,1.15,2.53,0.076,0.169,61.12,26.825,64.3141858,27.097334864
235,14.0,718,True,758,278,60.49891498875,4.08,4839.9131991,272.0,Calculado,Mapeado,167.79891498875,103.22,61.7199131991,56.608,1.0,12.52,7.0,35.07,4.08,2.338,0.272,142.37,59.217,167.79891498875,61.7199131991
236,14.0,718,True,772,278,96.88568806375,4.08,7750.8550451,272.0,Calculado,Mapeado,210.71568806375,109.75,71.8988550451,63.876,1.0,12.52,7.0,86.43,4.08,5.762,0.272,200.27,69.909,210.71568806375,71.8988550451
237,2186.0,718,True,7,2064,3.384494645,2.5,270.7595716,166.0,Calculado,Mapeado,24.914494645,19.03,10.5537595716,10.117,0.0,0.0,15.0,2.2,2.5,0.147,0.166,23.73,10.43,24.914494645,10.5537595716
238,305.0,718,True,559,283,2.13322408125,4.08,170.6579265,272.0,Calculado,Mapeado,39.583224081249995,33.37,14.668657926500002,14.226,1.0,3.65,27.0,1.82,4.08,0.121,0.272,39.27,14.619,39.583224081249995,14.668657926500002
239,16.0,718,True,610,284,11.847963685,2.53,947.8370948,169.0,Calculado,Mapeado,40.977963685000006,26.6,16.3148370948,15.198,0.0,0.0,38.0,6.85,2.53,0.456,0.169,35.98,15.823,40.977963685000006,16.3148370948
240,317.0,718,True,2305,278,0.75251485875,4.08,60.2011887,272.0,Calculado,Mapeado,115.13251485875,110.3,43.3372011887,43.005,2.0,47.38,2.0,0.95,4.08,0.063,0.272,115.33,43.34,115.13251485875,43.3372011887
241,28.0,718,True,588,284,34.7862154475,2.53,2782.8972358,169.0,Calculado,Mapeado,49.5962154475,12.28,11.357897235800001,8.406,0.0,0.0,52.0,11.97,2.53,0.798,0.169,26.78,9.372,49.5962154475,11.357897235800001
242,255.0,718,True,886,283,3.58456956625,4.08,286.7655653,272.0,Calculado,Mapeado,25.264569566250003,17.6,13.9067655653,13.348,0.0,0.0,14.0,2.18,4.08,0.145,0.272,23.87,13.765,25.264569566250003,13.9067655653
243,55.0,718,True,750,278,11.27452581875,4.08,901.9620655,272.0,Calculado,Mapeado,116.47452581875,101.12,55.4459620655,54.272,1.0,12.52,7.0,11.33,4.08,0.756,0.272,116.53,55.3,116.47452581875,55.4459620655
244,43.0,718,True,726,278,51.0823898325,4.08,4086.5911866,272.0,Calculado,Mapeado,161.1823898325,106.02,45.3045911866,40.946,2.0,31.5,5.0,36.58,4.08,2.439,0.272,146.68,43.657,161.1823898325,45.3045911866
245,2905.0,718,True,7,2064,5.40562294125,2.5,432.4498353,166.0,Calculado,Mapeado,26.935622941250003,19.03,10.715449835300001,10.117,0.0,0.0,15.0,3.55,2.5,0.237,0.166,25.08,10.521,26.935622941250003,10.715449835300001
246,76.0,718,True,2256,278,34.98947022625,1.32,2799.1576181,88.0,Calculado,Mapeado,97.17947022624999,60.87,37.6211576181,34.734,1.0,6.88,24.0,13.75,1.32,0.916,0.088,75.93,35.739,97.17947022624999,37.6211576181
247,1025.0,718,True,180,284,2.7707400975,2.53,221.6592078,169.0,Calculado,Mapeado,66.4507400975,61.15,20.3426592078,19.952,2.0,6.57,30.0,2.75,2.53,0.183,0.169,66.43,20.303,66.4507400975,20.3426592078
248,3543.0,718,True,1648,2064,3.7462030825,2.5,299.6962466,166.0,Calculado,Mapeado,53.3162030825,47.07,20.6266962466,20.161,1.0,0.07,19.0,2.3,2.5,0.153,0.166,51.87,20.48,53.3162030825,20.6266962466
249,935.0,718,True,37,2064,6.2143742062500005,2.5,497.1499365,166.0,Calculado,Mapeado,24.99437420625,16.28,9.9731499365,9.31,0.0,0.0,18.0,5.02,2.5,0.335,0.166,23.8,9.811,24.99437420625,9.9731499365
250,119.0,718,True,1109,284,1.1631296575,2.53,93.0503726,169.0,Calculado,Mapeado,65.7131296575,62.02,41.78705037259999,41.525,2.0,4.57,34.0,1.07,2.53,0.071,0.169,65.62,41.765,65.7131296575,41.78705037259999
251,223.0,718,True,770,278,1.9381820225,4.08,155.0545618,272.0,Calculado,Mapeado,118.1681820225,112.15,66.8260545618,66.399,1.0,12.52,7.0,1.57,4.08,0.105,0.272,117.8,66.775,118.1681820225,66.8260545618
252,66.0,718,True,780,278,81.61797723,4.08,6529.4381784,272.0,Calculado,Mapeado,187.77797723,102.08,62.153438178399995,55.352,1.0,12.52,7.0,67.75,4.08,4.517,0.272,173.92,60.141,187.77797723,62.153438178399995
253,17.0,718,True,1250,284,1.6885911475,2.53,135.0872918,169.0,Calculado,Mapeado,106.9685911475,102.75,70.0920872918,69.788,2.0,2.7,10.0,1.35,2.53,0.09,0.169,106.63,70.047,106.9685911475,70.0920872918
254,35.0,718,True,1536,278,11.2300444925,1.32,898.4035594,88.0,Calculado,Mapeado,59.8200444925,47.27,25.0154035594,24.029,1.0,2.27,33.0,3.47,1.32,0.231,0.088,52.05,24.348,59.8200444925,25.0154035594
255,162.0,718,True,1148,2064,1.164973315,2.5,93.1978652,166.0,Calculado,Mapeado,52.684973315,49.02,27.1111978652,26.852,1.0,5.47,12.0,0.95,2.5,0.064,0.166,52.47,27.082,52.684973315,27.1111978652
256,210.0,718,True,366,284,35.3605262675,2.53,2828.8421014,169.0,Calculado,Mapeado,56.0405262675,18.15,10.1788421014,7.181,1.0,1.28,44.0,18.37,2.53,1.225,0.169,39.05,8.574,56.0405262675,10.1788421014
257,42.0,718,True,750,278,18.00254150875,4.08,1440.2033207,272.0,Calculado,Mapeado,123.20254150875,101.12,55.9842033207,54.272,1.0,12.52,7.0,19.73,4.08,1.316,0.272,124.93,55.86,123.20254150875,55.9842033207
258,21.0,718,True,621,284,26.7348290125,2.53,2138.786321,169.0,Calculado,Mapeado,51.8348290125,22.57,15.989786321,13.682,0.0,0.0,39.0,19.6,2.53,1.307,0.169,44.7,15.158,51.8348290125,15.989786321
259,1978.0,718,True,580,284,2.27586751375,2.53,182.0694011,169.0,Calculado,Mapeado,37.37586751375,32.57,17.6240694011,17.273,0.0,0.0,38.0,1.8,2.53,0.12,0.169,36.9,17.561,37.37586751375,17.6240694011
260,43.0,718,True,662,284,30.598410175,2.53,2447.872814,169.0,Calculado,Mapeado,90.558410175,57.43,29.196872814,26.58,0.0,0.0,16.0,30.1,2.53,2.007,0.169,90.07,28.755,90.558410175,29.196872814
261,95.0,718,True,697,284,8.937578621250001,2.53,715.0062897,169.0,Calculado,Mapeado,66.98757862125001,55.52,26.7350062897,25.851,0.0,0.0,14.0,6.7,2.53,0.447,0.169,64.75,26.467,66.98757862125001,26.7350062897
262,35.0,718,True,2181,284,20.5403214725,2.53,1643.2257178,169.0,Calculado,Mapeado,110.2203214725,87.15,71.58622571779999,69.774,1.0,5.55,19.0,12.62,2.53,0.841,0.169,102.3,70.783,110.2203214725,71.58622571779999
263,455.0,718,True,975,284,25.12728121125,2.53,2010.1824969,169.0,Calculado,Mapeado,57.207281211250006,29.55,13.8781824969,11.699,1.0,0.48,46.0,7.28,2.53,0.486,0.169,39.37,12.353,57.207281211250006,13.8781824969
264,7180.0,718,True,220863,284,12.0961294175,2.53,967.6903534,169.0,Calculado,Mapeado,103.4061294175,88.78,72.8066903534,71.67,1.0,5.55,23.0,9.97,2.53,0.665,0.169,101.28,72.503,103.4061294175,72.8066903534
265,29.0,718,True,1258,284,38.08224581125,2.53,3046.5796649,169.0,Calculado,Mapeado,131.13224581125,90.52,65.62857966489999,62.413,2.0,2.7,13.0,29.23,2.53,1.949,0.169,122.28,64.531,131.13224581125,65.62857966489999
266,90.0,718,True,1391,278,10.31829816625,1.32,825.4638533,88.0,Calculado,Mapeado,57.36829816625,45.73,24.222463853300003,23.309,1.0,2.27,36.0,9.8,1.32,0.653,0.088,56.85,24.05,57.36829816625,24.222463853300003
267,5.0,718,True,1937,284,76.1159091625,2.53,6089.272733,169.0,Calculado,Mapeado,228.8459091625,150.2,62.005272733,55.747,2.0,14.98,6.0,56.15,2.53,3.743,0.169,208.88,59.659,228.8459091625,62.005272733
268,124.0,718,True,113359,284,2.86827223875,2.5,229.4617791,166.0,Calculado,Mapeado,113.44827223875,108.08,36.587461779099996,36.192,1.0,44.28,4.0,2.83,2.5,0.188,0.166,113.42,36.546,113.44827223875,36.587461779099996
269,91.0,718,True,1785,284,19.92350202875,4.08,1593.8801623,272.0,Calculado,Mapeado,76.32350202875,52.32,24.797880162299997,22.932,1.0,0.3,9.0,11.1,4.08,0.74,0.272,67.5,23.944,76.32350202875,24.797880162299997
270,101.0,718,True,1271,284,1.4552926362499998,2.53,116.4234109,169.0,Calculado,Mapeado,74.03529263624999,70.05,48.89642341089999,48.611,2.0,2.7,8.0,1.5,2.53,0.1,0.169,74.08,48.879,74.03529263624999,48.89642341089999
271,50.0,718,True,620,284,29.004948,2.53,2320.39584,169.0,Calculado,Mapeado,63.054947999999996,31.52,17.44939584,14.96,1.0,5.9,41.0,13.42,2.53,0.894,0.169,47.47,16.022,63.054947999999996,17.44939584
272,615.0,718,True,1652,278,3.89054942875,2.5,311.2439543,166.0,Calculado,Mapeado,59.92054942875,53.53,27.8662439543,27.389,1.0,0.02,18.0,4.23,2.5,0.283,0.166,60.27,27.837,59.92054942875,27.8662439543
273,56.0,718,True,1066,284,16.23184580625,2.53,1298.5476645,169.0,Calculado,Mapeado,75.04184580625,56.28,40.830547664499996,39.363,2.0,4.57,61.0,14.18,2.53,0.945,0.169,73.0,40.477,75.04184580625,40.830547664499996
274,646.0,718,True,91,2064,20.12695935875,2.5,1610.1567487,166.0,Calculado,Mapeado,47.32695935875,24.7,13.3851567487,11.609,1.0,4.43,14.0,6.85,2.5,0.457,0.166,34.05,12.232,47.32695935875,13.3851567487
275,110.0,718,True,79384,278,2.18977416,1.32,175.1819328,88.0,Calculado,Mapeado,99.28977416,95.78,58.829181932800005,58.566,2.0,9.35,8.0,2.38,1.32,0.159,0.088,99.48,58.812,99.28977416,58.829181932800005
276,19.0,718,True,1257,284,34.51744101875,2.53,2761.3952815,169.0,Calculado,Mapeado,129.99744101875,92.95,66.30639528149999,63.376,2.0,2.7,13.0,29.98,2.53,1.998,0.169,125.47,65.543,129.99744101875,66.30639528149999
277,625.0,718,True,1421,278,3.57888955375,1.32,286.3111643,88.0,Calculado,Mapeado,65.14888955375,60.25,52.2503111643,51.876,1.0,0.02,26.0,12.95,1.32,0.864,0.088,74.52,52.828,65.14888955375,52.2503111643
278,17.0,718,True,787,278,9.09673599,4.08,727.7388792,272.0,Calculado,Mapeado,109.39673599,96.22,50.905738879199994,49.906,1.0,12.52,7.0,5.92,4.08,0.394,0.272,106.22,50.571,109.39673599,50.905738879199994
279,376.0,718,True,1435,284,19.59185878625,2.53,1567.3487029,169.0,Calculado,Mapeado,78.69185878625001,56.57,43.5133487029,41.777,1.0,1.05,3.0,6.75,2.53,0.45,0.169,65.85,42.396,78.69185878625001,43.5133487029
280,243.0,718,True,1149,2064,5.96072077,2.5,476.8576616,166.0,Calculado,Mapeado,55.04072077,46.58,26.062857661600003,25.42,1.0,5.47,12.0,5.37,2.5,0.358,0.166,54.45,25.944,55.04072077,26.062857661600003
281,4324.0,718,True,978,284,2.81237456875,2.53,224.9899655,169.0,Calculado,Mapeado,73.81237456875,68.47,55.571989965499995,55.178,1.0,5.55,44.0,2.0,2.53,0.133,0.169,73.0,55.48,73.81237456875,55.571989965499995
282,28.0,718,True,1348,284,30.16639876375,2.53,2413.3119011,169.0,Calculado,Mapeado,97.82639876374999,65.13,23.1473119011,20.565,3.0,7.02,27.0,16.3,2.53,1.087,0.169,83.97,21.821,97.82639876374999,23.1473119011
283,15.0,718,True,1470,284,3.23317062125,1.32,258.6536497,88.0,Calculado,Mapeado,65.43317062125,60.88,43.6276536497,43.281,1.0,3.42,32.0,15.33,1.32,1.023,0.088,77.53,44.391,65.43317062125,43.6276536497
284,52.0,718,True,758,278,18.045234215,4.08,1443.6187372,272.0,Calculado,Mapeado,125.34523421499999,103.22,58.32361873719999,56.608,1.0,12.52,7.0,14.68,4.08,0.978,0.272,121.98,57.858,125.34523421499999,58.32361873719999
285,20.0,718,True,1184,278,27.26705162625,2.5,2181.3641301,166.0,Calculado,Mapeado,102.98705162625001,73.22,37.1823641301,34.835,1.0,0.7,5.0,19.1,2.5,1.273,0.166,94.82,36.274,102.98705162625001,37.1823641301
286,20.0,718,True,1185,278,13.727422798750002,2.5,1098.1938239,166.0,Calculado,Mapeado,88.60742279875,72.38,35.79219382389999,34.528,1.0,0.7,3.0,2.58,2.5,0.173,0.166,77.47,34.867,88.60742279875,35.79219382389999
287,17.0,718,True,1940,284,70.6914548275,2.53,5655.3163862,169.0,Calculado,Mapeado,218.92145482749999,145.7,59.06331638619999,53.239,2.0,14.98,6.0,54.62,2.53,3.641,0.169,202.85,57.049,218.92145482749999,59.06331638619999
288,15.0,718,True,2006,278,15.0113392,1.32,1200.907136,88.0,Calculado,Mapeado,102.55133919999999,86.22,52.847907135999996,51.559,2.0,9.35,8.0,17.17,1.32,1.144,0.088,104.7,52.791,102.55133919999999,52.847907135999996
289,1255.0,718,True,57,2064,7.982646579999999,2.5,638.6117264,166.0,Calculado,Mapeado,22.80264658,12.32,8.9146117264,8.11,0.0,0.0,31.0,4.47,2.5,0.298,0.166,19.28,8.574,22.80264658,8.9146117264
290,132.0,718,True,2145,284,40.571150345,2.53,3245.6920276,169.0,Calculado,Mapeado,111.021150345,67.92,50.552692027599996,47.138,2.0,2.7,8.0,16.63,2.53,1.109,0.169,87.08,48.416,111.021150345,50.552692027599996
291,36.0,718,True,1393,278,3.88062488625,1.32,310.4499909,88.0,Calculado,Mapeado,48.500624886249994,43.3,22.2064499909,21.808,1.0,2.27,33.0,1.42,1.32,0.094,0.088,46.03,21.99,48.500624886249994,22.2064499909
292,48.0,718,True,1485,278,25.062558608750003,1.32,2005.0046887,88.0,Calculado,Mapeado,93.11255860874999,66.73,48.6070046887,46.514,1.0,3.42,22.0,26.25,1.32,1.75,0.088,94.3,48.353,93.11255860874999,48.6070046887
293,885.0,718,True,693,284,1.3182520825,2.53,105.4601666,169.0,Calculado,Mapeado,70.6482520825,66.8,28.4744601666,28.2,0.0,0.0,18.0,1.22,2.53,0.082,0.169,70.55,28.451,70.6482520825,28.4744601666
294,37.0,718,True,1258,284,47.4519560025,2.53,3796.1564802,169.0,Calculado,Mapeado,140.5019560025,90.52,66.37815648019999,62.413,2.0,2.7,13.0,39.62,2.53,2.641,0.169,132.67,65.223,140.5019560025,66.37815648019999
295,147.0,718,True,1148,2064,16.57583952,2.5,1326.0671616,166.0,Calculado,Mapeado,68.09583952,49.02,28.3440671616,26.852,1.0,5.47,12.0,12.77,2.5,0.851,0.166,64.28,27.869,68.09583952,28.3440671616
296,56.0,718,True,1107,284,58.04455874375,2.5,4643.5646995,166.0,Calculado,Mapeado,130.76455874375,70.22,38.540564699499996,33.731,1.0,0.7,37.0,44.28,2.5,2.952,0.166,117.0,36.85,130.76455874375,38.540564699499996
297,5142.0,718,True,2311,283,3.73250699125,4.08,298.6005593,272.0,Calculado,Mapeado,41.712506991249995,33.9,25.238600559299996,24.668,0.0,0.0,14.0,4.1,4.08,0.273,0.272,42.08,25.213,41.712506991249995,25.238600559299996
298,109.0,718,True,179,284,5.1378323987500005,2.53,411.0265919,169.0,Calculado,Mapeado,70.19783239875001,62.53,21.087026591900003,20.507,2.0,6.57,26.0,3.98,2.53,0.266,0.169,69.05,20.941,70.19783239875001,21.087026591900003
299,20.0,718,True,784,278,12.57429656375,4.08,1005.9437251,272.0,Calculado,Mapeado,116.40429656375,99.75,53.992943725100005,52.715,1.0,12.52,7.0,10.1,4.08,0.674,0.272,113.93,53.66,116.40429656375,53.992943725100005
300,1359.0,718,True,57,2064,7.178837746249999,2.5,574.3070197,166.0,Calculado,Mapeado,21.99883774625,12.32,8.8503070197,8.11,0.0,0.0,31.0,4.57,2.5,0.304,0.166,19.38,8.58,21.99883774625,8.8503070197
301,22.0,718,True,699,284,28.307245762500003,2.53,2264.579661,169.0,Calculado,Mapeado,78.7572457625,47.92,25.443579661,23.01,0.0,0.0,21.0,13.18,2.53,0.879,0.169,63.63,24.058,78.7572457625,25.443579661
302,31.0,718,True,1744,284,25.41791242625,2.53,2033.4329941,169.0,Calculado,Mapeado,80.02791242625,52.08,26.770432994100002,24.568,0.0,0.0,21.0,15.45,2.53,1.03,0.169,70.07,25.766,80.02791242625,26.770432994100002
303,9737.0,718,True,1649,2064,5.115328005,2.5,409.2262404,166.0,Calculado,Mapeado,49.015328005,41.4,18.8382262404,18.263,1.0,0.07,19.0,5.02,2.5,0.334,0.166,48.92,18.763,49.015328005,18.8382262404
304,1649.0,718,True,1097,284,1.53315276,2.53,122.6522208,169.0,Calculado,Mapeado,79.84315276,75.78,52.0096522208,51.718,2.0,4.57,42.0,1.37,2.53,0.091,0.169,79.68,51.978,79.84315276,52.0096522208
305,12276.0,718,True,1719,2064,3.69885369,2.5,295.9082952,166.0,Calculado,Mapeado,42.54885369,36.35,23.4329082952,22.971,0.0,0.0,13.0,3.37,2.5,0.224,0.166,42.22,23.361,42.54885369,23.4329082952
306,239.0,718,True,1262,284,0.5887109775,2.53,47.0968782,169.0,Calculado,Mapeado,88.2387109775,85.12,57.9860968782,57.77,2.0,2.7,12.0,0.35,2.53,0.023,0.169,88.0,57.962,88.2387109775,57.9860968782
307,1743.0,718,True,1474,278,2.26883874625,1.32,181.5070997,88.0,Calculado,Mapeado,58.458838746249995,54.87,40.4695070997,40.2,1.0,3.42,29.0,9.97,1.32,0.664,0.088,66.15,40.953,58.458838746249995,40.4695070997
308,52.0,718,True,598,284,9.07036109,2.53,725.6288872,169.0,Calculado,Mapeado,42.62036109,31.02,17.5916288872,16.697,0.0,0.0,38.0,8.2,2.53,0.547,0.169,41.75,17.413,42.62036109,17.5916288872
309,242.0,718,True,1395,278,10.2066928875,1.32,816.535431,88.0,Calculado,Mapeado,50.506692887499995,38.98,20.759535431,19.855,1.0,2.27,33.0,6.63,1.32,0.442,0.088,46.93,20.385,50.506692887499995,20.759535431
310,115.0,718,True,1105,284,3.228435875,2.53,258.27487,169.0,Calculado,Mapeado,70.928435875,65.17,44.95427487,44.527,2.0,4.57,35.0,2.87,2.53,0.191,0.169,70.57,44.887,70.928435875,44.95427487
311,36.0,718,True,1562,284,7.31653812625,2.53,585.3230501,169.0,Calculado,Mapeado,109.39653812625,99.55,39.1633230501,38.409,3.0,7.02,16.0,8.9,2.53,0.593,0.169,110.98,39.171,109.39653812625,39.1633230501
312,45.0,718,True,1257,284,18.12352443125,2.53,1449.8819545,169.0,Calculado,Mapeado,113.60352443125001,92.95,64.99488195449999,63.376,2.0,2.7,13.0,11.77,2.53,0.784,0.169,107.25,64.329,113.60352443125001,64.99488195449999
313,199.0,718,True,2179,278,3.33801044125,1.32,267.0408353,88.0,Calculado,Mapeado,105.42801044125,100.77,63.2150408353,62.86,2.0,15.87,10.0,3.78,1.32,0.252,0.088,105.87,63.201,105.42801044125,63.2150408353
314,1529.0,718,True,37,2064,8.939987235,2.5,715.1989788,166.0,Calculado,Mapeado,27.719987235,16.28,10.191198978800001,9.31,0.0,0.0,19.0,6.72,2.5,0.448,0.166,25.5,9.925,27.719987235,10.191198978800001
315,185.0,718,True,585,284,5.5632412875,2.53,445.059303,169.0,Calculado,Mapeado,24.5132412875,16.42,11.985059303000002,11.371,0.0,0.0,31.0,0.77,2.53,0.051,0.169,19.72,11.591,24.5132412875,11.985059303000002
316,43.0,718,True,1975,278,59.145752077500006,1.32,4731.6601662,88.0,Calculado,Mapeado,124.6657520775,64.2,38.812660166200004,33.993,2.0,9.35,15.0,34.03,1.32,2.269,0.088,99.55,36.35,124.6657520775,38.812660166200004
317,68.0,718,True,672,278,1.41113120625,4.08,112.8904965,272.0,Calculado,Mapeado,73.29113120625,67.8,28.104890496499998,27.72,1.0,12.52,17.0,1.78,4.08,0.119,0.272,73.67,28.11,73.29113120625,28.104890496499998
318,559.0,718,True,1660,278,6.550196314999999,1.32,524.0157052,88.0,Calculado,Mapeado,60.990196315,53.12,29.5010157052,28.889,1.0,6.88,30.0,5.58,1.32,0.372,0.088,60.02,29.349,60.990196315,29.5010157052
319,36.0,718,True,75582,278,2.31100109,1.32,184.8800872,88.0,Calculado,Mapeado,60.41100109,56.78,31.4418800872,31.169,1.0,6.88,24.0,1.1,1.32,0.074,0.088,59.2,31.33,60.41100109,31.4418800872
320,69.0,718,True,1973,278,12.42236861625,1.32,993.7894893,88.0,Calculado,Mapeado,75.02236861624999,61.28,33.4597894893,32.378,2.0,9.35,15.0,9.23,1.32,0.615,0.088,71.83,33.081,75.02236861624999,33.4597894893
321,537.0,718,True,190,284,16.83819779125,2.53,1347.0558233,169.0,Calculado,Mapeado,63.74819779125001,44.38,14.2980558233,12.782,2.0,6.62,36.0,13.23,2.53,0.883,0.169,60.15,13.833,63.74819779125001,14.2980558233
322,8139.0,718,True,1487,284,8.23874250125,1.32,659.0994001,88.0,Calculado,Mapeado,109.38874250125,99.83,78.6290994001,77.882,1.0,1.78,31.0,4.72,1.32,0.315,0.088,105.87,78.285,109.38874250125,78.6290994001
323,2005.0,718,True,39,2064,9.03981004375,2.5,723.1848035,166.0,Calculado,Mapeado,25.31981004375,13.78,9.3641848035,8.475,0.0,0.0,31.0,7.25,2.5,0.484,0.166,23.53,9.125,25.31981004375,9.3641848035
324,35.0,718,True,1707,278,16.79826021125,2.53,1343.8608169,169.0,Calculado,Mapeado,111.74826021125,92.42,34.21486081689999,32.702,2.0,25.47,6.0,7.92,2.53,0.528,0.169,102.87,33.398,111.74826021125,34.21486081689999
325,42.0,718,True,1415,278,51.40251212875,1.32,4112.2009703,88.0,Calculado,Mapeado,100.75251212875,48.03,41.7072009703,37.507,2.0,5.32,46.0,23.25,1.32,1.55,0.088,72.6,39.146,100.75251212875,41.7072009703
326,7457.0,718,True,817,284,3.306826335,2.53,264.5461068,169.0,Calculado,Mapeado,19.266826335,13.43,9.8095461068,9.376,0.0,0.0,31.0,2.67,2.53,0.178,0.169,18.63,9.722,19.266826335,9.8095461068
327,1265.0,718,True,2004,278,2.2109725837500003,1.32,176.8778067,88.0,Calculado,Mapeado,84.16097258375,80.63,48.3688778067,48.104,2.0,9.35,15.0,2.05,1.32,0.136,0.088,84.0,48.329,84.16097258375,48.3688778067
328,22.0,718,True,1520,278,16.06527524,1.32,1285.2220192,88.0,Calculado,Mapeado,84.18527523999998,66.8,39.7312220192,38.358,1.0,6.88,24.0,8.95,1.32,0.596,0.088,77.07,39.042,84.18527523999998,39.7312220192
329,44.0,718,True,786,278,75.11803577875,4.08,6009.4428623,272.0,Calculado,Mapeado,177.22803577875,98.03,57.6044428623,51.323,1.0,12.52,7.0,55.9,4.08,3.727,0.272,158.02,55.321,177.22803577875,57.6044428623
330,120.0,718,True,2185,278,5.62056440875,4.08,449.6451527,272.0,Calculado,Mapeado,120.75056440875,111.05,44.2836451527,43.562,2.0,47.38,2.0,4.67,4.08,0.312,0.272,119.8,44.146,120.75056440875,44.2836451527
331,34.0,718,True,1781,283,27.66585853625,4.08,2213.2686829,272.0,Calculado,Mapeado,82.11585853625,50.37,38.657268682899996,36.172,0.0,0.0,15.0,23.78,4.08,1.586,0.272,78.23,38.029,82.11585853625,38.657268682899996
332,44.0,718,True,363,284,36.529365765,2.53,2922.3492612,169.0,Calculado,Mapeado,57.209365765,18.15,10.2723492612,7.181,1.0,1.28,60.0,22.05,2.53,1.47,0.169,42.73,8.819,57.209365765,10.2723492612
333,28.0,718,True,789,278,39.604691905,4.08,3168.3753524,272.0,Calculado,Mapeado,138.36469190500003,94.68,52.1493753524,48.709,1.0,12.52,7.0,24.43,4.08,1.629,0.272,123.2,50.609,138.36469190500003,52.1493753524
334,110.0,718,True,15,283,14.1969438325,2.5,1135.7555066,166.0,Calculado,Mapeado,36.0769438325,19.38,12.1937555066,10.892,0.0,0.0,33.0,15.1,2.5,1.006,0.166,36.98,12.064,36.0769438325,12.1937555066
335,1955.0,718,True,37,2064,6.01781787875,2.5,481.4254303,166.0,Calculado,Mapeado,24.797817878750003,16.28,9.9574254303,9.31,0.0,0.0,18.0,3.75,2.5,0.25,0.166,22.53,9.727,24.797817878750003,9.9574254303
336,523.0,718,True,1520,278,2.70096226375,1.32,216.0769811,88.0,Calculado,Mapeado,70.82096226374999,66.8,38.6620769811,38.358,1.0,6.88,24.0,1.08,1.32,0.073,0.088,69.2,38.519,70.82096226374999,38.6620769811
337,2684.0,718,True,2131,278,8.0921940925,2.5,647.3755274,166.0,Calculado,Mapeado,84.8721940925,74.28,27.8943755274,27.081,2.0,22.27,32.0,7.02,2.5,0.467,0.166,83.8,27.715,84.8721940925,27.8943755274
338,184.0,718,True,711,283,0.95776267875,4.08,76.6210143,272.0,Calculado,Mapeado,53.23776267875,48.2,20.0476210143,19.699,1.0,3.65,42.0,0.77,4.08,0.052,0.272,53.05,20.022,53.23776267875,20.0476210143
339,444.0,718,True,475,2064,13.6626693825,2.5,1093.0135506,166.0,Calculado,Mapeado,34.0826693825,17.92,12.6090135506,11.35,0.0,0.0,13.0,12.75,2.5,0.85,0.166,33.17,12.366,34.0826693825,12.6090135506
340,44885.0,718,True,232,245,3.797639735,4.57,303.8111788,304.0,Calculado,Mapeado,22.637639735,14.27,7.475811178800001,6.868,0.0,0.0,83.0,3.18,4.57,0.213,0.304,22.02,7.385,22.637639735,7.475811178800001
341,18.0,718,True,1937,284,58.1682019,2.53,4653.456152,169.0,Calculado,Mapeado,210.89820189999998,150.2,60.569456151999994,55.747,2.0,14.98,6.0,35.85,2.53,2.39,0.169,188.58,58.305,210.89820189999998,60.569456151999994
342,396.0,718,True,1392,278,4.4314362425,1.32,354.5148994,88.0,Calculado,Mapeado,50.1514362425,44.4,23.100514899400004,22.658,1.0,2.27,34.0,4.87,1.32,0.324,0.088,50.58,23.07,50.1514362425,23.100514899400004
343,46.0,718,True,773,278,31.12013108625,4.08,2489.6104869,272.0,Calculado,Mapeado,142.72013108625,107.52,64.1556104869,61.394,1.0,12.52,7.0,28.93,4.08,1.929,0.272,140.53,63.594,142.72013108625,64.1556104869
344,195.0,718,True,598,284,6.804665875,2.53,544.37327,169.0,Calculado,Mapeado,40.354665875,31.02,17.41037327,16.697,0.0,0.0,38.0,4.0,2.53,0.267,0.169,37.55,17.133,40.354665875,17.41037327
345,24.0,718,True,784,278,61.15906875375,4.08,4892.7255003,272.0,Calculado,Mapeado,164.98906875375002,99.75,57.879725500300005,52.715,1.0,12.52,7.0,42.4,4.08,2.827,0.272,146.23,55.813,164.98906875375002,57.879725500300005
346,478.0,718,True,1660,278,2.8947518175,1.32,231.5801454,88.0,Calculado,Mapeado,57.3347518175,53.12,29.2085801454,28.889,1.0,6.88,30.0,2.18,1.32,0.145,0.088,56.62,29.122,57.3347518175,29.2085801454
347,254.0,718,True,2029,278,2.94811710125,2.5,235.8493681,166.0,Calculado,Mapeado,20.04811710125,14.6,8.8728493681,8.471,0.0,0.0,31.0,2.6,2.5,0.173,0.166,19.7,8.81,20.04811710125,8.8728493681
348,55.0,718,True,1346,284,35.56636385375,2.53,2845.3091083,169.0,Calculado,Mapeado,104.91636385375,66.82,24.765309108300002,21.751,3.0,7.02,29.0,14.37,2.53,0.958,0.169,83.72,22.877,104.91636385375,24.765309108300002
349,72.0,718,True,180,284,3.34861802,2.53,267.8894416,169.0,Calculado,Mapeado,67.02861802,61.15,20.388889441600003,19.952,2.0,6.57,30.0,1.65,2.53,0.11,0.169,65.33,20.231,67.02861802,20.388889441600003
350,41.0,718,True,1486,278,1.87799833,1.32,150.2398664,88.0,Calculado,Mapeado,67.22799832999999,64.03,45.6472398664,45.409,1.0,3.42,21.0,1.78,1.32,0.118,0.088,67.13,45.615,67.22799832999999,45.6472398664
351,242.0,718,True,37,2064,13.233403765,2.5,1058.6723012,166.0,Calculado,Mapeado,32.013403765,16.28,10.5346723012,9.31,0.0,0.0,28.0,10.65,2.5,0.71,0.166,29.43,10.187,32.013403765,10.5346723012
352,7.0,718,True,766,278,1.1091658125,4.08,88.733265,272.0,Calculado,Mapeado,112.00916581249999,106.82,60.973733265,60.613,1.0,12.52,7.0,0.48,4.08,0.032,0.272,111.38,60.917,112.00916581249999,60.973733265
353,131.0,718,True,780,278,31.96520363875,4.08,2557.2162911,272.0,Calculado,Mapeado,138.12520363875,102.08,58.18121629109999,55.352,1.0,12.52,7.0,15.85,4.08,1.057,0.272,122.02,56.68,138.12520363875,58.18121629109999
354,1850.0,718,True,511,2064,5.31971247375,2.5,425.5769979,166.0,Calculado,Mapeado,32.03971247375,24.22,15.6945769979,15.103,0.0,0.0,13.0,4.13,2.5,0.276,0.166,30.85,15.545,32.03971247375,15.6945769979
355,36.0,718,True,1785,284,19.12040294125,4.08,1529.6322353,272.0,Calculado,Mapeado,75.52040294125,52.32,24.733632235299996,22.932,1.0,0.3,9.0,9.7,4.08,0.646,0.272,66.1,23.849,75.52040294125,24.733632235299996
356,43.0,718,True,1391,278,5.910851435,1.32,472.8681148,88.0,Calculado,Mapeado,52.960851434999995,45.73,23.869868114800003,23.309,1.0,2.27,35.0,5.9,1.32,0.393,0.088,52.95,23.79,52.960851434999995,23.869868114800003
357,54.0,718,True,1468,284,0.45552948125,2.53,36.4423585,169.0,Calculado,Mapeado,70.46552948125,67.48,45.75244235849999,45.547,2.0,8.18,14.0,0.75,2.53,0.05,0.169,70.77,45.766,70.46552948125,45.75244235849999
358,6038.0,718,True,554,284,6.6920953025,2.53,535.3676242,169.0,Calculado,Mapeado,48.7720953025,39.55,20.3073676242,19.603,0.0,0.0,28.0,0.13,2.53,0.009,0.169,42.22,19.78,48.7720953025,20.3073676242
359,299.0,718,True,1660,278,10.91250279,1.32,873.0002232,88.0,Calculado,Mapeado,65.35250278999999,53.12,29.8500002232,28.889,1.0,6.88,30.0,9.53,1.32,0.635,0.088,63.97,29.612,65.35250278999999,29.8500002232
360,399.0,718,True,57,2064,5.5186679575,2.5,441.4934366,166.0,Calculado,Mapeado,20.3386679575,12.32,8.7174934366,8.11,0.0,0.0,31.0,2.08,2.5,0.139,0.166,16.9,8.415,20.3386679575,8.7174934366
361,44.0,718,True,79384,278,4.7783706725,1.32,382.2696538,88.0,Calculado,Mapeado,101.8783706725,95.78,59.036269653800005,58.566,2.0,9.35,8.0,2.88,1.32,0.192,0.088,99.98,58.846,101.8783706725,59.036269653800005
362,241.0,718,True,2141,283,5.7328114775,4.08,458.6249182,272.0,Calculado,Mapeado,57.542811477499995,47.73,20.3316249182,19.601,1.0,1.53,47.0,2.82,4.08,0.188,0.272,54.63,20.06,57.542811477499995,20.3316249182
363,118.0,718,True,557,283,0.29096167375,4.08,23.2769339,272.0,Calculado,Mapeado,39.950961673749994,35.58,15.342276933900001,15.047,1.0,3.65,28.0,0.4,4.08,0.026,0.272,40.07,15.346,39.950961673749994,15.342276933900001
364,145.0,718,True,691,284,2.83821704625,2.53,227.0573637,169.0,Calculado,Mapeado,75.88821704624999,70.52,30.026057363699998,29.63,0.0,0.0,18.0,3.02,2.53,0.201,0.169,76.07,29.999,75.88821704624999,30.026057363699998
365,117.0,718,True,726,278,0.2281660137499999,4.08,18.2532811,272.0,Calculado,Mapeado,110.32816601374999,106.02,41.2362532811,40.946,2.0,31.5,1.0,0.28,4.08,0.019,0.272,110.38,41.236,110.32816601374999,41.2362532811
366,44.0,718,True,624,284,15.689832527499998,2.53,1255.1866022,169.0,Calculado,Mapeado,37.649832527499996,19.43,13.930186602200001,12.506,0.0,0.0,38.0,13.83,2.53,0.923,0.169,35.8,13.597,37.649832527499996,13.930186602200001
367,242.0,718,True,1739,284,1.58907319625,4.08,127.1258557,272.0,Calculado,Mapeado,63.16907319625,57.5,26.0181258557,25.619,1.0,0.3,9.0,1.48,4.08,0.099,0.272,63.07,25.99,63.16907319625,26.0181258557
368,84.0,718,True,1069,284,2.88357422625,2.53,230.6859381,169.0,Calculado,Mapeado,57.48357422625,52.07,36.5356859381,36.136,2.0,4.57,59.0,3.43,2.53,0.228,0.169,58.03,36.533,57.48357422625,36.5356859381
369,28.0,718,True,559,283,1.8901184,4.08,151.209472,272.0,Calculado,Mapeado,39.340118399999994,33.37,14.649209472,14.226,1.0,3.65,27.0,1.9,4.08,0.126,0.272,39.35,14.624,39.340118399999994,14.649209472
370,101375.0,718,True,282,284,1.6603562075,2.53,132.8284966,169.0,Calculado,Mapeado,5.3203562075,1.13,0.9578284966,0.656,0.0,0.0,195.0,1.97,2.53,0.131,0.169,5.63,0.955,5.3203562075,0.9578284966
371,968.0,718,True,935,283,10.9928899875,4.08,879.431199,272.0,Calculado,Mapeado,51.4228899875,36.35,21.556431199,20.405,1.0,6.32,17.0,12.5,4.08,0.833,0.272,52.93,21.51,51.4228899875,21.556431199
372,1830.0,718,True,583,284,6.23761515,2.53,499.009212,169.0,Calculado,Mapeado,27.73761515,18.97,12.998009212000001,12.33,0.0,0.0,31.0,5.07,2.53,0.338,0.169,26.57,12.837,27.73761515,12.998009212000001
373,44.0,718,True,772,278,3.20862866,4.08,256.6902928,272.0,Calculado,Mapeado,117.03862866,109.75,64.4046902928,63.876,1.0,12.52,7.0,3.25,4.08,0.217,0.272,117.08,64.364,117.03862866,64.4046902928
374,54.0,718,True,728,278,20.1647162275,4.08,1613.1772982,272.0,Calculado,Mapeado,127.8147162275,103.57,41.4031772982,39.518,2.0,31.5,5.0,17.87,4.08,1.191,0.272,125.52,40.981,127.8147162275,41.4031772982
375,2939.0,718,True,190,284,15.5307477925,2.53,1242.4598234,169.0,Calculado,Mapeado,62.440747792500005,44.38,14.193459823400001,12.782,2.0,6.62,31.0,16.73,2.53,1.115,0.169,63.65,14.066,62.440747792500005,14.193459823400001
376,68.0,718,True,2212,284,1.19663592875,2.53,95.7308743,169.0,Calculado,Mapeado,30.32663592875,26.6,15.4627308743,15.198,0.0,0.0,32.0,0.18,2.53,0.012,0.169,29.32,15.378,30.32663592875,15.4627308743
377,40.0,718,True,1968,278,27.575404811250003,1.32,2206.0323849,88.0,Calculado,Mapeado,85.94540481125,57.05,31.9920323849,29.698,2.0,9.35,15.0,22.92,1.32,1.528,0.088,81.28,31.313,85.94540481125,31.9920323849
378,32.0,718,True,784,278,64.62966080125,4.08,5170.3728641,272.0,Calculado,Mapeado,168.45966080125,99.75,58.157372864100005,52.715,1.0,12.52,7.0,35.08,4.08,2.338,0.272,138.92,55.325,168.45966080125,58.157372864100005
379,156.0,718,True,554,284,7.82100989625,2.53,625.6807917,169.0,Calculado,Mapeado,49.081009896249995,38.73,20.3766807917,19.582,0.0,0.0,38.0,2.3,2.53,0.153,0.169,43.57,19.904,49.081009896249995,20.3766807917
380,28.0,718,True,1465,284,1.59993306375,2.53,127.9946451,169.0,Calculado,Mapeado,75.00993306375,70.88,47.3069946451,47.01,2.0,8.18,14.0,1.4,2.53,0.093,0.169,74.82,47.272,75.00993306375,47.3069946451
381,171.0,718,True,58,2064,9.81521488125,2.5,785.2171905,166.0,Calculado,Mapeado,23.21521488125,10.9,7.9902171905,7.039,0.0,0.0,40.0,8.43,2.5,0.562,0.166,21.83,7.767,23.21521488125,7.9902171905
382,53.0,718,True,2030,2064,2.8491611675,2.5,227.9328934,166.0,Calculado,Mapeado,16.1691611675,10.82,9.7849328934,9.391,0.0,0.0,12.0,2.53,2.5,0.169,0.166,15.85,9.727,16.1691611675,9.7849328934
383,46088.0,718,True,227,245,6.264304532500001,4.57,501.1443626,304.0,Calculado,Mapeado,30.6843045325,19.85,9.2891443626,8.484,0.0,0.0,60.0,6.12,4.57,0.408,0.304,30.53,9.196,30.6843045325,9.2891443626
384,1558.0,718,True,15,283,6.9903467500000005,2.5,559.22774,166.0,Calculado,Mapeado,20.31034675,10.82,10.116227740000001,9.391,0.0,0.0,15.0,14.48,2.5,0.966,0.166,27.8,10.524,20.31034675,10.116227740000001
385,28255.0,718,True,269,245,1.22738964875,4.57,98.1911719,304.0,Calculado,Mapeado,15.11738964875,9.32,5.1431911719,4.741,0.0,0.0,108.0,1.18,4.57,0.079,0.304,15.07,5.124,15.11738964875,5.1431911719
386,31.0,718,True,780,278,31.76083101,4.08,2540.8664808,272.0,Calculado,Mapeado,137.92083101,102.08,58.164866480799994,55.352,1.0,12.52,7.0,20.18,4.08,1.345,0.272,126.35,56.969,137.92083101,58.164866480799994
387,4165.0,718,True,645,283,5.2248395425,4.08,417.9871634,272.0,Calculado,Mapeado,31.424839542500003,22.12,17.3299871634,16.64,0.0,0.0,14.0,4.65,4.08,0.31,0.272,30.85,17.221,31.424839542500003,17.3299871634
388,582.0,718,True,2195,283,7.919967712499999,4.08,633.597417,272.0,Calculado,Mapeado,47.5199677125,35.52,26.494597416999998,25.589,0.0,0.0,14.0,7.02,4.08,0.468,0.272,46.62,26.329,47.5199677125,26.494597416999998
389,242.0,718,True,756,278,3.967834225,4.08,317.426738,272.0,Calculado,Mapeado,110.22783422500001,102.18,56.044426738,55.455,1.0,12.52,7.0,4.0,4.08,0.267,0.272,110.27,55.993,110.22783422500001,56.044426738
390,290.0,718,True,1098,284,2.13190105125,2.53,170.5520841,169.0,Calculado,Mapeado,77.39190105125,72.73,50.4375520841,50.098,2.0,4.57,42.0,2.52,2.53,0.167,0.169,77.78,50.433,77.39190105125,50.4375520841
391,56.0,718,True,1390,278,0.9377842825,1.32,75.0227426,88.0,Calculado,Mapeado,49.5277842825,47.27,24.192022742600003,24.029,1.0,2.27,35.0,6.62,1.32,0.441,0.088,55.2,24.558,49.5277842825,24.192022742600003
392,231.0,718,True,2264,2064,2.102702495,2.5,168.2161996,166.0,Calculado,Mapeado,23.982702494999998,19.38,11.2262161996,10.892,0.0,0.0,27.0,6.68,2.5,0.446,0.166,28.57,11.504,23.982702494999998,11.2262161996
393,6.0,718,True,1262,284,20.62437495125,2.53,1649.9499961,169.0,Calculado,Mapeado,108.27437495125001,85.12,59.5889499961,57.77,2.0,2.7,13.0,12.15,2.53,0.81,0.169,99.8,58.749,108.27437495125001,59.5889499961
394,3725.0,718,True,1427,278,1.90641000875,2.53,152.5128007,169.0,Calculado,Mapeado,51.15641000875,46.72,38.0615128007,37.74,1.0,5.55,47.0,4.6,2.53,0.306,0.169,53.85,38.214,51.15641000875,38.0615128007
395,126.0,718,True,806,278,2.7856323,4.08,222.850584,272.0,Calculado,Mapeado,83.0356323,76.17,34.796850584,34.302,1.0,12.52,7.0,3.12,4.08,0.207,0.272,83.37,34.781,83.0356323,34.796850584
396,55.0,718,True,796,278,3.47452264125,4.08,277.9618113,272.0,Calculado,Mapeado,87.35452264125,79.8,37.6909618113,37.141,1.0,12.52,7.0,3.68,4.08,0.245,0.272,87.57,37.658,87.35452264125,37.6909618113
397,58.0,718,True,617,283,7.433972011250001,4.08,594.7177609,272.0,Calculado,Mapeado,54.51397201125,43.0,16.2217177609,15.355,1.0,8.6,15.0,8.68,4.08,0.579,0.272,55.77,16.206,54.51397201125,16.2217177609
398,169.0,718,True,1149,2064,6.842711250000001,2.5,547.4169,166.0,Calculado,Mapeado,55.92271125,46.58,26.133416900000004,25.42,1.0,5.47,12.0,4.37,2.5,0.291,0.166,53.45,25.877,55.92271125,26.133416900000004
399,611.0,718,True,2089,278,4.55193355125,2.5,364.1546841,166.0,Calculado,Mapeado,81.33193355125,74.28,27.6111546841,27.081,2.0,22.27,29.0,7.33,2.5,0.489,0.166,84.12,27.736,81.33193355125,27.6111546841
400,129.0,718,True,1536,278,6.4017496575,1.32,512.1399726,88.0,Calculado,Mapeado,54.9917496575,47.27,24.6291399726,24.029,1.0,2.27,36.0,7.37,1.32,0.491,0.088,55.95,24.608,54.9917496575,24.6291399726
401,1002.0,718,True,7,2064,5.14335739375,2.5,411.4685915,166.0,Calculado,Mapeado,26.673357393750003,19.03,10.694468591500002,10.117,0.0,0.0,31.0,4.05,2.5,0.27,0.166,25.58,10.554,26.673357393750003,10.694468591500002
402,31.0,718,True,1273,284,1.6603770812499998,2.53,132.8301665,169.0,Calculado,Mapeado,70.36037708125001,66.17,46.460830166499996,46.159,2.0,2.7,16.0,2.35,2.53,0.156,0.169,71.05,46.484,70.36037708125001,46.460830166499996
403,21.0,718,True,9,2064,1.5579174999999998,2.5,124.6334,166.0,Calculado,Mapeado,19.6879175,15.63,9.106633400000002,8.816,0.0,0.0,31.0,1.62,2.5,0.108,0.166,19.75,9.09,19.6879175,9.106633400000002
404,4092.0,718,True,1344,284,23.35575552875,2.53,1868.4604423,169.0,Calculado,Mapeado,96.86575552875,70.98,27.416460442300004,25.379,2.0,6.57,22.0,6.15,2.53,0.41,0.169,79.67,25.958,96.86575552875,27.416460442300004
405,33.0,718,True,992,284,1.21752835875,2.53,97.4022687,169.0,Calculado,Mapeado,90.14752835875001,86.4,69.5114022687,69.245,1.0,5.55,19.0,0.82,2.53,0.055,0.169,89.75,69.469,90.14752835875001,69.5114022687
406,463.0,718,True,1973,278,0.4267404525,1.32,34.1392362,88.0,Calculado,Mapeado,63.0267404525,61.28,32.5001392362,32.378,2.0,9.35,15.0,0.55,1.32,0.037,0.088,63.15,32.503,63.0267404525,32.5001392362
407,36.0,718,True,1525,278,1.1174360975000002,1.32,89.3948878,88.0,Calculado,Mapeado,62.057436097499995,59.62,34.2433948878,34.066,1.0,6.88,24.0,0.93,1.32,0.062,0.088,61.87,34.216,62.057436097499995,34.2433948878
408,260.0,718,True,1178,278,4.17764338,2.5,334.2114704,166.0,Calculado,Mapeado,93.55764338,86.88,40.3752114704,39.875,1.0,0.7,4.0,3.52,2.5,0.235,0.166,92.9,40.276,93.55764338,40.3752114704
409,12.0,718,True,1938,284,80.55812562874999,2.53,6444.6500503,169.0,Calculado,Mapeado,231.98812562875,148.9,61.6336500503,55.02,2.0,14.98,6.0,43.98,2.53,2.932,0.169,195.42,58.121,231.98812562875,61.6336500503
410,691.0,718,True,374,284,2.2200645725,2.53,177.6051658,169.0,Calculado,Mapeado,11.4300645725,6.68,4.3256051658,3.979,0.0,0.0,96.0,0.72,2.53,0.048,0.169,9.93,4.195,11.4300645725,4.3256051658
411,5208.0,718,True,2173,2064,14.1987739225,2.5,1135.9019138,166.0,Calculado,Mapeado,54.6187739225,37.92,18.308901913800003,17.007,1.0,0.07,19.0,14.62,2.5,0.975,0.166,55.03,18.148,54.6187739225,18.308901913800003
412,403.0,718,True,1807,284,10.3598628825,2.5,828.7890306,166.0,Calculado,Mapeado,66.6798628825,53.82,29.3257890306,28.331,2.0,1.15,5.0,5.75,2.5,0.384,0.166,62.07,28.881,66.6798628825,29.3257890306
413,36.0,718,True,33541,278,18.039466795000003,1.32,1443.1573436,88.0,Calculado,Mapeado,89.139466795,69.78,41.5861573436,40.055,1.0,6.88,25.0,13.9,1.32,0.926,0.088,85.0,41.07,89.139466795,41.5861573436
414,44.0,718,True,1109,284,12.47902083625,2.53,998.3216669,169.0,Calculado,Mapeado,77.02902083625,62.02,42.69232166689999,41.525,2.0,4.57,32.0,9.4,2.53,0.627,0.169,73.95,42.32,77.02902083625,42.69232166689999
415,1599.0,718,True,163,284,7.4548374925,2.53,596.3869994,169.0,Calculado,Mapeado,43.8648374925,33.88,15.8943869994,15.129,1.0,0.48,45.0,5.82,2.53,0.387,0.169,42.23,15.685,43.8648374925,15.8943869994
416,3591.0,718,True,1587,284,5.32715789875,2.53,426.1726319,169.0,Calculado,Mapeado,162.18715789875,154.33,59.6901726319,59.095,2.0,11.38,6.0,3.73,2.53,0.249,0.169,160.6,59.512,162.18715789875,59.6901726319
417,300.0,718,True,2188,278,16.70249126125,2.5,1336.1993009,166.0,Calculado,Mapeado,96.60249126125001,77.4,30.3581993009,28.856,2.0,22.27,32.0,14.65,2.5,0.977,0.166,94.55,29.999,96.60249126125001,30.3581993009
418,1513.0,718,True,966,284,3.2503734162500004,2.53,260.0298733,169.0,Calculado,Mapeado,42.13037341625,36.35,25.5420298733,25.113,3.0,5.47,22.0,1.95,2.53,0.13,0.169,40.83,25.413,42.13037341625,25.5420298733
419,13.0,718,True,1937,284,50.67807276375,2.53,4054.2458211,169.0,Calculado,Mapeado,203.40807276375,150.2,59.970245821099994,55.747,2.0,14.98,6.0,28.57,2.53,1.905,0.169,181.3,57.82,203.40807276375,59.970245821099994
420,112.0,718,True,1567,284,16.5200141425,2.53,1321.6011314,169.0,Calculado,Mapeado,94.42001414250001,75.37,26.903601131400002,25.413,3.0,7.02,21.0,9.22,2.53,0.615,0.169,87.12,26.196,94.42001414250001,26.903601131400002
421,29.0,718,True,1253,284,73.2375285075,2.53,5859.0022806,169.0,Calculado,Mapeado,175.8975285075,100.13,74.12900228059999,68.101,2.0,2.7,10.0,53.37,2.53,3.558,0.169,156.03,71.827,175.8975285075,74.12900228059999
422,42.0,718,True,1521,278,25.5385391725,1.32,2043.0831338,88.0,Calculado,Mapeado,91.85853917249999,65.0,39.33408313380001,37.203,1.0,6.88,25.0,23.22,1.32,1.547,0.088,89.53,38.838,91.85853917249999,39.33408313380001
423,51.0,718,True,1554,278,26.50214051,1.32,2120.1712408,88.0,Calculado,Mapeado,159.22214051,131.4,56.8731712408,54.665,3.0,28.17,4.0,23.3,1.32,1.554,0.088,156.02,56.306,159.22214051,56.8731712408
424,28.0,718,True,1339,284,26.424315836250003,2.53,2113.9452669,169.0,Calculado,Mapeado,119.47431583625,90.52,30.3929452669,28.11,3.0,13.0,9.0,22.75,2.53,1.516,0.169,115.8,29.795,119.47431583625,30.3929452669
425,892.0,718,True,590,284,3.89252925,2.53,311.40234,169.0,Calculado,Mapeado,18.15252925,11.73,8.265402340000001,7.785,0.0,0.0,31.0,3.67,2.53,0.244,0.169,17.93,8.198,18.15252925,8.265402340000001
426,270.0,718,True,114254,284,1.7703349137499995,2.5,141.6267931,166.0,Calculado,Mapeado,88.35033491375,84.08,34.8506267931,34.543,1.0,24.53,18.0,1.95,2.5,0.131,0.166,88.53,34.84,88.35033491375,34.8506267931
427,453.0,718,True,1140,2064,2.2987746112500003,2.5,183.9019689,166.0,Calculado,Mapeado,75.17877461124999,70.38,35.1499019689,34.8,1.0,9.0,12.0,2.87,2.5,0.191,0.166,75.75,35.158,75.17877461124999,35.1499019689
428,41.0,718,True,1258,284,18.34647411875,2.53,1467.7179295,169.0,Calculado,Mapeado,111.39647411874999,90.52,64.04971792949999,62.413,2.0,2.7,13.0,16.87,2.53,1.124,0.169,109.92,63.707,111.39647411874999,64.04971792949999
429,47.0,718,True,993,284,22.75310990375,2.53,1820.2487923,169.0,Calculado,Mapeado,110.26310990375,84.98,70.0392487923,68.05,1.0,5.55,19.0,9.63,2.53,0.642,0.169,97.15,68.86,110.26310990375,70.0392487923
430,3322.0,718,True,1078,284,9.28337197125,1.32,742.6697577,88.0,Calculado,Mapeado,48.23337197125,37.63,20.1296697577,19.299,1.0,2.27,35.0,5.8,1.32,0.387,0.088,44.75,19.774,48.23337197125,20.1296697577
431,48.0,718,True,1070,284,11.21769823875,2.53,897.4158591,169.0,Calculado,Mapeado,64.72769823875,50.98,36.116415859099995,35.05,2.0,4.57,43.0,7.85,2.53,0.524,0.169,61.37,35.742,64.72769823875,36.116415859099995
432,110.0,718,True,754,283,14.51260633375,4.08,1161.0085067,272.0,Calculado,Mapeado,51.37260633375,32.78,15.140008506700001,13.707,1.0,3.65,27.0,6.02,4.08,0.401,0.272,42.88,14.38,51.37260633375,15.140008506700001
433,10120.0,718,True,370,284,2.3443998975,2.53,187.5519918,169.0,Calculado,Mapeado,13.6443998975,8.77,5.9905519918,5.634,0.0,0.0,32.0,1.72,2.53,0.114,0.169,13.02,5.917,13.6443998975,5.9905519918
434,110.0,718,True,562,245,0.6764284899999999,4.57,54.1142792,304.0,Calculado,Mapeado,42.976428489999996,37.73,14.8041142792,14.446,1.0,4.82,28.0,1.45,4.57,0.096,0.304,43.75,14.846,42.976428489999996,14.8041142792
435,914.0,718,True,408,278,6.577492712500001,2.5,526.199417,166.0,Calculado,Mapeado,54.707492712500006,45.63,25.398199417,24.706,1.0,1.38,10.0,5.53,2.5,0.369,0.166,53.67,25.241,54.707492712500006,25.398199417
436,2832.0,718,True,1424,278,4.4812923075,1.32,358.5033846,88.0,Calculado,Mapeado,66.3712923075,60.57,45.6575033846,45.211,2.0,4.62,25.0,4.58,1.32,0.306,0.088,66.47,45.605,66.3712923075,45.6575033846
437,148.0,718,True,877,283,7.678175738749999,4.08,614.2540591,272.0,Calculado,Mapeado,44.78817573875,33.03,20.927254059099997,20.041,1.0,0.55,1.0,7.95,4.08,0.53,0.272,45.07,20.843,44.78817573875,20.927254059099997
438,29.0,718,True,477,2064,6.86848694625,2.5,549.4789557,166.0,Calculado,Mapeado,24.868486946250002,15.5,10.5244789557,9.809,0.0,0.0,13.0,6.13,2.5,0.409,0.166,24.13,10.385,24.868486946250002,10.5244789557
439,382.0,718,True,888,284,1.9434647875,4.08,155.477183,272.0,Calculado,Mapeado,21.743464787500002,15.72,12.157477183000001,11.73,0.0,0.0,14.0,1.98,4.08,0.133,0.272,21.78,12.135,21.743464787500002,12.157477183000001
440,216.0,718,True,1655,284,0.9661937525,2.53,77.2955002,169.0,Calculado,Mapeado,66.02619375249999,62.53,20.753295500200004,20.507,2.0,6.57,28.0,16.5,2.53,1.099,0.169,81.57,21.775,66.02619375249999,20.753295500200004
441,500.0,718,True,2072,2064,2.25668433625,2.5,180.5347469,166.0,Calculado,Mapeado,22.13668433625,17.38,10.3945347469,10.048,0.0,0.0,25.0,6.9,2.5,0.46,0.166,26.78,10.674,22.13668433625,10.3945347469
442,47.0,718,True,1493,284,43.32740062625,2.53,3466.1920501,169.0,Calculado,Mapeado,109.58740062625,63.73,55.650192050099996,52.015,1.0,5.55,44.0,32.25,2.53,2.15,0.169,98.52,54.333,109.58740062625,55.650192050099996
443,287.0,718,True,1529,278,3.5685691475,1.32,285.4855318,88.0,Calculado,Mapeado,60.6185691475,55.73,30.5744855318,30.201,1.0,6.88,24.0,2.55,1.32,0.17,0.088,59.6,30.459,60.6185691475,30.5744855318
444,151.0,718,True,993,284,27.826538055,2.53,2226.1230444,169.0,Calculado,Mapeado,115.336538055,84.98,70.44512304439999,68.05,1.0,5.55,19.0,22.38,2.53,1.492,0.169,109.9,69.711,115.336538055,70.44512304439999
445,621.0,718,True,1061,278,2.771822405,1.32,221.7457924,88.0,Calculado,Mapeado,83.69182240499998,79.6,49.7967457924,49.487,2.0,15.87,10.0,1.23,1.32,0.082,0.088,82.15,49.657,83.69182240499998,49.7967457924
446,47.0,718,True,1568,284,67.03604090249999,2.53,5362.8832722,169.0,Calculado,Mapeado,143.9160409025,74.35,29.9348832722,24.403,3.0,7.02,21.0,36.95,2.53,2.464,0.169,113.83,27.035,143.9160409025,29.9348832722
447,26.0,718,True,1257,284,19.7656732075,2.53,1581.2538566,169.0,Calculado,Mapeado,115.2456732075,92.95,65.1262538566,63.376,2.0,2.7,13.0,16.32,2.53,1.087,0.169,111.8,64.632,115.2456732075,65.1262538566
448,387.0,718,True,97126,278,3.39413664875,1.32,271.5309319,88.0,Calculado,Mapeado,95.59413664875,90.88,42.5305309319,42.171,3.0,24.83,9.0,3.22,1.32,0.214,0.088,95.42,42.473,95.59413664875,42.5305309319
449,601.0,718,True,1141,2064,6.43863562125,2.5,515.0908497,166.0,Calculado,Mapeado,77.50863562125,68.57,34.8480908497,34.167,1.0,9.0,12.0,4.22,2.5,0.282,0.166,75.28,34.614,77.50863562125,34.8480908497
450,1778.0,718,True,1560,284,1.06004024875,2.53,84.8032199,169.0,Calculado,Mapeado,107.66004024875,104.07,41.6178032199,41.364,3.0,7.02,16.0,0.95,2.53,0.063,0.169,107.55,41.596,107.66004024875,41.6178032199
451,53.0,718,True,1392,278,9.99718818125,1.32,799.7750545,88.0,Calculado,Mapeado,55.71718818125,44.4,23.5457750545,22.658,1.0,2.27,33.0,2.12,1.32,0.142,0.088,47.83,22.887,55.71718818125,23.5457750545
452,425.0,718,True,937,283,20.19208181375,4.08,1615.3665451,272.0,Calculado,Mapeado,59.15208181375,34.88,21.411366545099998,19.524,1.0,6.32,14.0,6.53,4.08,0.435,0.272,45.5,20.231,59.15208181375,21.411366545099998
453,119.0,718,True,1563,284,9.19155118875,2.53,735.3240951,169.0,Calculado,Mapeado,91.70155118875,79.98,29.655324095100003,28.751,3.0,7.02,21.0,5.73,2.53,0.382,0.169,88.25,29.301,91.70155118875,29.655324095100003
